-- MySQL dump 10.13  Distrib 5.7.12, for Win64 (x86_64)
--
-- Host: 127.0.0.1    Database: engine_live
-- ------------------------------------------------------
-- Server version	5.7.16-log

/*!40101 SET @OLD_CHARACTER_SET_CLIENT=@@CHARACTER_SET_CLIENT */;
/*!40101 SET @OLD_CHARACTER_SET_RESULTS=@@CHARACTER_SET_RESULTS */;
/*!40101 SET @OLD_COLLATION_CONNECTION=@@COLLATION_CONNECTION */;
/*!40101 SET NAMES utf8 */;
/*!40103 SET @OLD_TIME_ZONE=@@TIME_ZONE */;
/*!40103 SET TIME_ZONE='+00:00' */;
/*!40014 SET @OLD_UNIQUE_CHECKS=@@UNIQUE_CHECKS, UNIQUE_CHECKS=0 */;
/*!40014 SET @OLD_FOREIGN_KEY_CHECKS=@@FOREIGN_KEY_CHECKS, FOREIGN_KEY_CHECKS=0 */;
/*!40101 SET @OLD_SQL_MODE=@@SQL_MODE, SQL_MODE='NO_AUTO_VALUE_ON_ZERO' */;
/*!40111 SET @OLD_SQL_NOTES=@@SQL_NOTES, SQL_NOTES=0 */;

--
-- Table structure for table `basis_for_calls`
--

DROP TABLE IF EXISTS `basis_for_calls`;
/*!40101 SET @saved_cs_client     = @@character_set_client */;
/*!40101 SET character_set_client = utf8 */;
CREATE TABLE `basis_for_calls` (
  `symbol` varchar(45) NOT NULL,
  `volume_prev_day` int(11) NOT NULL,
  `prev_close` float NOT NULL,
  `curr_signal` tinyint(4) NOT NULL,
  `url` varchar(200) DEFAULT NULL,
  `confidence_level` float DEFAULT NULL,
  PRIMARY KEY (`symbol`)
) ENGINE=InnoDB DEFAULT CHARSET=utf8;
/*!40101 SET character_set_client = @saved_cs_client */;

--
-- Dumping data for table `basis_for_calls`
--

LOCK TABLES `basis_for_calls` WRITE;
/*!40000 ALTER TABLE `basis_for_calls` DISABLE KEYS */;
INSERT INTO `basis_for_calls` VALUES ('AMBUJACEM',2689358,277.85,1,'http://www.moneycontrol.com/india/stockpricequote/cement-major/ambujacements/AC18',85),('BATAINDIA',521444,727.6,-1,'http://www.moneycontrol.com/india/stockpricequote/leather-products/bataindia/BI01',78.5),('COALINDIA',4069770,291.6,1,'http://www.moneycontrol.com/india/stockpricequote/mining-minerals/coalindia/CI11',60);
/*!40000 ALTER TABLE `basis_for_calls` ENABLE KEYS */;
UNLOCK TABLES;

--
-- Table structure for table `live_data`
--

DROP TABLE IF EXISTS `live_data`;
/*!40101 SET @saved_cs_client     = @@character_set_client */;
/*!40101 SET character_set_client = utf8 */;
CREATE TABLE `live_data` (
  `id` int(11) NOT NULL AUTO_INCREMENT,
  `curr_time` datetime DEFAULT NULL,
  `symbol` varchar(45) DEFAULT NULL,
  `volume` int(11) DEFAULT NULL,
  `price` float DEFAULT NULL,
  PRIMARY KEY (`id`)
) ENGINE=InnoDB AUTO_INCREMENT=83667 DEFAULT CHARSET=utf8;
/*!40101 SET character_set_client = @saved_cs_client */;

--
-- Dumping data for table `live_data`
--

LOCK TABLES `live_data` WRITE;
/*!40000 ALTER TABLE `live_data` DISABLE KEYS */;
INSERT INTO `live_data` VALUES (79447,'2018-01-17 09:19:49','AMBUJACEM',42963,275.3),(79448,'2018-01-17 09:19:58','AMBUJACEM',44057,275.15),(79449,'2018-01-17 09:19:58','COALINDIA',181804,288.3),(79450,'2018-01-17 09:20:02','BATAINDIA',10729,723.15),(79451,'2018-01-17 09:20:04','BATAINDIA',10872,723),(79452,'2018-01-17 09:20:10','AMBUJACEM',45079,275.15),(79453,'2018-01-17 09:20:10','BATAINDIA',11347,722),(79454,'2018-01-17 09:20:11','COALINDIA',187052,288.75),(79455,'2018-01-17 09:20:16','BATAINDIA',11552,721.65),(79456,'2018-01-17 09:20:19','COALINDIA',188952,288.45),(79457,'2018-01-17 09:20:19','AMBUJACEM',45452,275),(79458,'2018-01-17 09:20:20','BATAINDIA',11743,721.35),(79459,'2018-01-17 09:20:29','AMBUJACEM',46165,275.1),(79460,'2018-01-17 09:20:29','COALINDIA',190506,288.8),(79461,'2018-01-17 09:20:30','BATAINDIA',11837,721.5),(79462,'2018-01-17 09:20:34','COALINDIA',191112,288.95),(79463,'2018-01-17 09:20:34','BATAINDIA',12433,721.8),(79464,'2018-01-17 09:20:35','AMBUJACEM',46391,275.1),(79465,'2018-01-17 09:20:41','BATAINDIA',12603,721.65),(79466,'2018-01-17 09:20:43','COALINDIA',195158,289),(79467,'2018-01-17 09:20:51','COALINDIA',200396,289),(79468,'2018-01-17 09:20:53','BATAINDIA',12660,722.15),(79469,'2018-01-17 09:20:54','AMBUJACEM',46788,275.4),(79470,'2018-01-17 09:20:58','BATAINDIA',12796,721.55),(79471,'2018-01-17 09:21:00','COALINDIA',203915,289.15),(79472,'2018-01-17 09:21:01','AMBUJACEM',47721,275.1),(79473,'2018-01-17 09:21:02','BATAINDIA',12923,721.55),(79474,'2018-01-17 09:21:09','AMBUJACEM',47793,275.15),(79475,'2018-01-17 09:21:09','COALINDIA',207218,289.2),(79476,'2018-01-17 09:21:19','AMBUJACEM',47798,275.3),(79477,'2018-01-17 09:21:20','COALINDIA',207993,289.2),(79478,'2018-01-17 09:21:21','BATAINDIA',13096,721.5),(79479,'2018-01-17 09:21:27','AMBUJACEM',50816,275.15),(79480,'2018-01-17 09:21:31','COALINDIA',209175,289.2),(79481,'2018-01-17 09:21:32','BATAINDIA',13437,721.55),(79482,'2018-01-17 09:21:34','COALINDIA',218527,289.1),(79483,'2018-01-17 09:21:35','BATAINDIA',14027,721.5),(79484,'2018-01-17 09:21:36','AMBUJACEM',50882,275.25),(79485,'2018-01-17 09:21:44','COALINDIA',221210,289.1),(79486,'2018-01-17 09:21:45','BATAINDIA',14047,721.35),(79487,'2018-01-17 09:21:45','AMBUJACEM',51497,275.3),(79488,'2018-01-17 09:21:52','COALINDIA',223295,289.15),(79489,'2018-01-17 09:21:53','AMBUJACEM',52240,275.25),(79490,'2018-01-17 09:21:53','BATAINDIA',14123,721.5),(79491,'2018-01-17 09:22:02','AMBUJACEM',52606,275.25),(79492,'2018-01-17 09:22:03','COALINDIA',224538,288.95),(79493,'2018-01-17 09:22:03','BATAINDIA',14920,721.5),(79494,'2018-01-17 09:22:07','AMBUJACEM',52726,275.25),(79495,'2018-01-17 09:22:08','COALINDIA',225505,289),(79496,'2018-01-17 09:22:09','BATAINDIA',14940,721.25),(79497,'2018-01-17 09:22:10','COALINDIA',225973,288.95),(79498,'2018-01-17 09:22:15','COALINDIA',226862,289),(79499,'2018-01-17 09:22:15','AMBUJACEM',53292,275.25),(79500,'2018-01-17 09:22:16','BATAINDIA',15436,722.35),(79501,'2018-01-17 09:22:25','AMBUJACEM',53552,275.2),(79502,'2018-01-17 09:22:25','COALINDIA',229987,289.2),(79503,'2018-01-17 09:22:25','BATAINDIA',15487,722),(79504,'2018-01-17 09:22:33','AMBUJACEM',53674,275.15),(79505,'2018-01-17 09:22:34','COALINDIA',230696,289.1),(79506,'2018-01-17 09:22:42','AMBUJACEM',53862,275.15),(79507,'2018-01-17 09:22:43','COALINDIA',233074,289.25),(79508,'2018-01-17 09:22:45','BATAINDIA',15655,721.5),(79509,'2018-01-17 09:22:51','COALINDIA',235916,289.2),(79510,'2018-01-17 09:22:51','AMBUJACEM',53956,275.15),(79511,'2018-01-17 09:22:53','BATAINDIA',15705,721.75),(79512,'2018-01-17 09:23:00','AMBUJACEM',55457,275.05),(79513,'2018-01-17 09:23:00','BATAINDIA',15973,720.95),(79514,'2018-01-17 09:23:02','COALINDIA',246108,289.5),(79515,'2018-01-17 09:23:10','AMBUJACEM',56311,275),(79516,'2018-01-17 09:23:10','COALINDIA',251715,289.45),(79517,'2018-01-17 09:23:11','BATAINDIA',16104,720.9),(79518,'2018-01-17 09:23:19','COALINDIA',260159,289.45),(79519,'2018-01-17 09:23:20','AMBUJACEM',56718,274.85),(79520,'2018-01-17 09:23:20','BATAINDIA',16852,720.55),(79521,'2018-01-17 09:23:28','COALINDIA',264392,289.5),(79522,'2018-01-17 09:23:29','AMBUJACEM',59729,274.7),(79523,'2018-01-17 09:23:29','BATAINDIA',17069,721.75),(79524,'2018-01-17 09:23:37','COALINDIA',264913,289.5),(79525,'2018-01-17 09:23:38','AMBUJACEM',60089,274.85),(79526,'2018-01-17 09:23:38','BATAINDIA',17158,720.95),(79527,'2018-01-17 09:23:46','COALINDIA',266396,289.5),(79528,'2018-01-17 09:23:46','AMBUJACEM',61134,274.95),(79529,'2018-01-17 09:23:49','BATAINDIA',17303,721.65),(79530,'2018-01-17 09:23:55','COALINDIA',275263,289.25),(79531,'2018-01-17 09:23:55','AMBUJACEM',61893,274.9),(79532,'2018-01-17 09:23:55','BATAINDIA',17353,721.65),(79533,'2018-01-17 09:24:04','COALINDIA',276726,289.25),(79534,'2018-01-17 09:24:05','BATAINDIA',17521,720.8),(79535,'2018-01-17 09:24:05','AMBUJACEM',62113,274.85),(79536,'2018-01-17 09:24:07','COALINDIA',277351,289.25),(79537,'2018-01-17 09:24:15','COALINDIA',278137,289.35),(79538,'2018-01-17 09:24:16','AMBUJACEM',62449,274.85),(79539,'2018-01-17 09:24:16','BATAINDIA',17641,720.5),(79540,'2018-01-17 09:24:24','COALINDIA',280128,289.35),(79541,'2018-01-17 09:24:25','AMBUJACEM',63059,274.7),(79542,'2018-01-17 09:24:25','BATAINDIA',17718,720.5),(79543,'2018-01-17 09:24:33','AMBUJACEM',63064,274.7),(79544,'2018-01-17 09:24:34','BATAINDIA',17823,720.85),(79545,'2018-01-17 09:24:36','COALINDIA',281457,289.2),(79546,'2018-01-17 09:24:43','COALINDIA',285346,289),(79547,'2018-01-17 09:24:46','AMBUJACEM',63879,274.8),(79548,'2018-01-17 09:24:48','BATAINDIA',17862,720.55),(79549,'2018-01-17 09:24:52','COALINDIA',288870,289),(79550,'2018-01-17 09:24:53','AMBUJACEM',63885,274.85),(79551,'2018-01-17 09:24:53','BATAINDIA',17982,720.85),(79552,'2018-01-17 09:25:02','COALINDIA',292011,288.95),(79553,'2018-01-17 09:25:03','AMBUJACEM',64485,274.7),(79554,'2018-01-17 09:25:05','BATAINDIA',17983,720.85),(79555,'2018-01-17 09:25:12','AMBUJACEM',65768,274.8),(79556,'2018-01-17 09:25:14','COALINDIA',295401,289),(79557,'2018-01-17 09:25:19','BATAINDIA',18286,721),(79558,'2018-01-17 09:25:22','AMBUJACEM',65853,274.8),(79559,'2018-01-17 09:25:23','COALINDIA',297263,288.85),(79560,'2018-01-17 09:25:25','BATAINDIA',18326,721.25),(79561,'2018-01-17 09:25:32','COALINDIA',297684,288.85),(79562,'2018-01-17 09:25:33','AMBUJACEM',66334,274.8),(79563,'2018-01-17 09:25:33','BATAINDIA',18346,721.75),(79564,'2018-01-17 09:25:42','COALINDIA',300004,288.5),(79565,'2018-01-17 09:25:42','AMBUJACEM',66464,274.8),(79566,'2018-01-17 09:25:49','AMBUJACEM',66617,275),(79567,'2018-01-17 09:25:49','BATAINDIA',18353,721.25),(79568,'2018-01-17 09:25:50','COALINDIA',301359,288.6),(79569,'2018-01-17 09:26:02','COALINDIA',303570,288.65),(79570,'2018-01-17 09:26:04','AMBUJACEM',66967,275),(79571,'2018-01-17 09:26:04','BATAINDIA',18655,721.05),(79572,'2018-01-17 09:26:10','COALINDIA',309595,288.7),(79573,'2018-01-17 09:26:10','AMBUJACEM',67373,274.9),(79574,'2018-01-17 09:26:11','BATAINDIA',18864,720.85),(79575,'2018-01-17 09:26:16','COALINDIA',310228,288.7),(79576,'2018-01-17 09:26:17','AMBUJACEM',67436,274.85),(79577,'2018-01-17 09:26:18','BATAINDIA',19071,720.2),(79578,'2018-01-17 09:26:21','COALINDIA',310587,288.8),(79579,'2018-01-17 09:26:22','AMBUJACEM',68137,274.95),(79580,'2018-01-17 09:26:31','BATAINDIA',19447,720.95),(79581,'2018-01-17 09:26:34','COALINDIA',312003,288.7),(79582,'2018-01-17 09:26:37','AMBUJACEM',68791,274.75),(79583,'2018-01-17 09:26:38','BATAINDIA',19651,720.95),(79584,'2018-01-17 09:26:48','AMBUJACEM',76915,274.1),(79585,'2018-01-17 09:26:48','COALINDIA',313960,288.7),(79586,'2018-01-17 09:26:58','BATAINDIA',19814,720.45),(79587,'2018-01-17 09:27:00','AMBUJACEM',79943,274.15),(79588,'2018-01-17 09:27:01','BATAINDIA',20721,720),(79589,'2018-01-17 09:27:02','COALINDIA',315946,288.55),(79590,'2018-01-17 09:27:16','AMBUJACEM',85012,274.1),(79591,'2018-01-17 09:27:16','COALINDIA',316302,288.6),(79592,'2018-01-17 09:27:21','BATAINDIA',21537,720.4),(79593,'2018-01-17 09:27:24','COALINDIA',317235,288.65),(79594,'2018-01-17 09:27:25','AMBUJACEM',86564,274.15),(79595,'2018-01-17 09:27:28','BATAINDIA',21875,719.05),(79596,'2018-01-17 09:27:36','COALINDIA',319170,288.65),(79597,'2018-01-17 09:27:37','AMBUJACEM',87821,274.35),(79598,'2018-01-17 09:27:38','BATAINDIA',22160,719.5),(79599,'2018-01-17 09:27:48','COALINDIA',321534,288.6),(79600,'2018-01-17 09:27:48','AMBUJACEM',89470,274.35),(79601,'2018-01-17 09:27:52','BATAINDIA',23366,718.95),(79602,'2018-01-17 09:28:00','BATAINDIA',24381,719.05),(79603,'2018-01-17 09:28:01','AMBUJACEM',89941,274.15),(79604,'2018-01-17 09:28:01','COALINDIA',327155,288.4),(79605,'2018-01-17 09:28:08','AMBUJACEM',90051,274.4),(79606,'2018-01-17 09:28:08','COALINDIA',329552,288.45),(79607,'2018-01-17 09:28:08','BATAINDIA',25553,719.8),(79608,'2018-01-17 09:28:10','COALINDIA',329818,288.4),(79609,'2018-01-17 09:28:19','COALINDIA',330369,288.45),(79610,'2018-01-17 09:28:20','BATAINDIA',26219,719),(79611,'2018-01-17 09:28:20','AMBUJACEM',90132,274.35),(79612,'2018-01-17 09:28:30','COALINDIA',331278,288.35),(79613,'2018-01-17 09:28:31','AMBUJACEM',90397,274.25),(79614,'2018-01-17 09:28:32','BATAINDIA',26468,718.75),(79615,'2018-01-17 09:28:41','COALINDIA',333369,288.5),(79616,'2018-01-17 09:28:42','AMBUJACEM',90776,274.45),(79617,'2018-01-17 09:28:43','BATAINDIA',27761,718.6),(79618,'2018-01-17 09:28:53','COALINDIA',335633,288.5),(79619,'2018-01-17 09:28:54','AMBUJACEM',90866,274.25),(79620,'2018-01-17 09:28:57','BATAINDIA',28012,718.9),(79621,'2018-01-17 09:29:04','COALINDIA',341791,288.55),(79622,'2018-01-17 09:29:06','AMBUJACEM',90920,274.3),(79623,'2018-01-17 09:29:09','BATAINDIA',28111,718.6),(79624,'2018-01-17 09:29:16','COALINDIA',343222,288.55),(79625,'2018-01-17 09:29:17','AMBUJACEM',91543,274.4),(79626,'2018-01-17 09:29:18','BATAINDIA',29070,717.5),(79627,'2018-01-17 09:29:28','COALINDIA',345881,288.25),(79628,'2018-01-17 09:29:29','AMBUJACEM',93015,274),(79629,'2018-01-17 09:29:31','BATAINDIA',29994,716.4),(79630,'2018-01-17 09:29:42','AMBUJACEM',93574,274),(79631,'2018-01-17 09:29:42','BATAINDIA',33013,716.9),(79632,'2018-01-17 09:29:42','COALINDIA',347520,288.35),(79633,'2018-01-17 09:29:52','COALINDIA',352876,288.2),(79634,'2018-01-17 09:29:54','BATAINDIA',33466,716.65),(79635,'2018-01-17 09:29:54','AMBUJACEM',94776,274.05),(79636,'2018-01-17 09:30:03','COALINDIA',356462,288.3),(79637,'2018-01-17 09:30:06','AMBUJACEM',96772,273.85),(79638,'2018-01-17 09:30:11','BATAINDIA',33717,716.05),(79639,'2018-01-17 09:30:13','COALINDIA',359311,288.15),(79640,'2018-01-17 09:30:18','AMBUJACEM',97179,273.9),(79641,'2018-01-17 09:30:18','COALINDIA',361152,288.05),(79642,'2018-01-17 09:30:18','BATAINDIA',34390,717),(79643,'2018-01-17 09:30:27','AMBUJACEM',97274,273.9),(79644,'2018-01-17 09:30:28','COALINDIA',364904,288),(79645,'2018-01-17 09:30:30','BATAINDIA',34464,716.5),(79646,'2018-01-17 09:30:39','COALINDIA',369428,287.6),(79647,'2018-01-17 09:30:42','AMBUJACEM',98555,273.8),(79648,'2018-01-17 09:30:43','COALINDIA',370798,287.65),(79649,'2018-01-17 09:30:45','BATAINDIA',34664,716.1),(79650,'2018-01-17 09:30:46','AMBUJACEM',100530,273.8),(79651,'2018-01-17 09:30:52','COALINDIA',375509,287.65),(79652,'2018-01-17 09:30:56','AMBUJACEM',107875,274),(79653,'2018-01-17 09:30:59','BATAINDIA',36260,715),(79654,'2018-01-17 09:31:10','COALINDIA',382130,287.5),(79655,'2018-01-17 09:31:13','AMBUJACEM',108715,273.9),(79656,'2018-01-17 09:31:13','BATAINDIA',37554,714),(79657,'2018-01-17 09:31:25','COALINDIA',383509,287.6),(79658,'2018-01-17 09:31:27','AMBUJACEM',110419,273.9),(79659,'2018-01-17 09:31:27','BATAINDIA',37992,714.05),(79660,'2018-01-17 09:31:38','COALINDIA',387974,287.75),(79661,'2018-01-17 09:31:39','BATAINDIA',39135,714.45),(79662,'2018-01-17 09:31:39','AMBUJACEM',114700,273.95),(79663,'2018-01-17 09:31:48','COALINDIA',390497,287.65),(79664,'2018-01-17 09:31:50','BATAINDIA',39480,715),(79665,'2018-01-17 09:31:51','AMBUJACEM',117530,274.3),(79666,'2018-01-17 09:32:04','BATAINDIA',39803,715.2),(79667,'2018-01-17 09:32:04','AMBUJACEM',118139,274.05),(79668,'2018-01-17 09:32:06','COALINDIA',394434,287.8),(79669,'2018-01-17 09:32:10','AMBUJACEM',118168,274.2),(79670,'2018-01-17 09:32:10','COALINDIA',395548,287.75),(79671,'2018-01-17 09:32:11','BATAINDIA',40071,714.45),(79672,'2018-01-17 09:32:16','AMBUJACEM',118252,274.05),(79673,'2018-01-17 09:32:18','COALINDIA',399093,287.65),(79674,'2018-01-17 09:32:19','BATAINDIA',40289,713.8),(79675,'2018-01-17 09:32:24','COALINDIA',400211,287.6),(79676,'2018-01-17 09:32:27','AMBUJACEM',118563,274.15),(79677,'2018-01-17 09:32:28','COALINDIA',400611,287.55),(79678,'2018-01-17 09:32:29','BATAINDIA',40299,714.6),(79679,'2018-01-17 09:32:31','BATAINDIA',40469,714),(79680,'2018-01-17 09:32:44','AMBUJACEM',119724,273.8),(79681,'2018-01-17 09:32:46','COALINDIA',404969,287.45),(79682,'2018-01-17 09:32:46','AMBUJACEM',119968,273.85),(79683,'2018-01-17 09:32:50','BATAINDIA',40784,713.75),(79684,'2018-01-17 09:32:57','AMBUJACEM',123725,273.55),(79685,'2018-01-17 09:32:57','AMBUJACEM',125099,273.45),(79686,'2018-01-17 09:32:59','BATAINDIA',41170,713.5),(79687,'2018-01-17 09:33:04','COALINDIA',410153,287.3),(79688,'2018-01-17 09:33:06','COALINDIA',411664,287.05),(79689,'2018-01-17 09:33:07','AMBUJACEM',127196,273.35),(79690,'2018-01-17 09:33:08','COALINDIA',419130,286.95),(79691,'2018-01-17 09:33:10','BATAINDIA',42844,712),(79692,'2018-01-17 09:33:20','COALINDIA',422979,287),(79693,'2018-01-17 09:33:23','AMBUJACEM',128396,273.35),(79694,'2018-01-17 09:33:25','BATAINDIA',45945,710.1),(79695,'2018-01-17 09:33:38','AMBUJACEM',131558,273.25),(79696,'2018-01-17 09:33:39','BATAINDIA',47342,709),(79697,'2018-01-17 09:33:40','COALINDIA',426160,286.9),(79698,'2018-01-17 09:33:49','COALINDIA',430690,286.65),(79699,'2018-01-17 09:33:50','AMBUJACEM',132446,273.2),(79700,'2018-01-17 09:33:51','BATAINDIA',47528,709.65),(79701,'2018-01-17 09:34:01','COALINDIA',434140,286.95),(79702,'2018-01-17 09:34:02','AMBUJACEM',134090,273.5),(79703,'2018-01-17 09:34:07','COALINDIA',437373,286.6),(79704,'2018-01-17 09:34:10','AMBUJACEM',134205,273.25),(79705,'2018-01-17 09:34:13','AMBUJACEM',135430,273.4),(79706,'2018-01-17 09:34:14','BATAINDIA',48570,710),(79707,'2018-01-17 09:34:18','COALINDIA',440809,286.6),(79708,'2018-01-17 09:34:22','AMBUJACEM',135487,273.25),(79709,'2018-01-17 09:34:23','BATAINDIA',49110,709.95),(79710,'2018-01-17 09:34:24','COALINDIA',441907,286.7),(79711,'2018-01-17 09:34:25','COALINDIA',442991,286.7),(79712,'2018-01-17 09:34:27','AMBUJACEM',135988,273.2),(79713,'2018-01-17 09:34:29','BATAINDIA',49920,709.45),(79714,'2018-01-17 09:34:32','COALINDIA',444212,286.8),(79715,'2018-01-17 09:34:34','AMBUJACEM',138736,273.2),(79716,'2018-01-17 09:34:35','BATAINDIA',50157,709.8),(79717,'2018-01-17 09:34:41','COALINDIA',445523,286.8),(79718,'2018-01-17 09:34:42','AMBUJACEM',139633,273.25),(79719,'2018-01-17 09:34:43','BATAINDIA',50394,709.4),(79720,'2018-01-17 09:34:46','COALINDIA',445629,286.85),(79721,'2018-01-17 09:34:50','BATAINDIA',50539,709.55),(79722,'2018-01-17 09:34:52','AMBUJACEM',140969,273.15),(79723,'2018-01-17 09:34:57','AMBUJACEM',141325,273.2),(79724,'2018-01-17 09:34:59','BATAINDIA',50896,709),(79725,'2018-01-17 09:34:59','COALINDIA',448609,286.8),(79726,'2018-01-17 09:35:07','AMBUJACEM',141916,273.15),(79727,'2018-01-17 09:35:08','COALINDIA',450574,287.15),(79728,'2018-01-17 09:35:09','BATAINDIA',51446,709),(79729,'2018-01-17 09:35:11','AMBUJACEM',142171,273.15),(79730,'2018-01-17 09:35:12','BATAINDIA',51546,709.4),(79731,'2018-01-17 09:35:20','COALINDIA',453625,287.25),(79732,'2018-01-17 09:35:24','AMBUJACEM',143638,273.15),(79733,'2018-01-17 09:35:25','BATAINDIA',51801,709),(79734,'2018-01-17 09:35:37','COALINDIA',459118,287.2),(79735,'2018-01-17 09:35:38','AMBUJACEM',152120,272.85),(79736,'2018-01-17 09:35:38','BATAINDIA',52005,708.65),(79737,'2018-01-17 09:35:48','COALINDIA',462196,287.1),(79738,'2018-01-17 09:35:49','AMBUJACEM',153006,273),(79739,'2018-01-17 09:35:51','BATAINDIA',52282,708.8),(79740,'2018-01-17 09:36:01','COALINDIA',463650,287.25),(79741,'2018-01-17 09:36:02','BATAINDIA',52618,708.6),(79742,'2018-01-17 09:36:02','AMBUJACEM',153340,272.95),(79743,'2018-01-17 09:36:10','AMBUJACEM',156328,273.25),(79744,'2018-01-17 09:36:10','BATAINDIA',53218,709.65),(79745,'2018-01-17 09:36:11','COALINDIA',469161,286.9),(79746,'2018-01-17 09:36:17','COALINDIA',470983,286.55),(79747,'2018-01-17 09:36:18','AMBUJACEM',156616,273.3),(79748,'2018-01-17 09:36:20','BATAINDIA',53328,708.9),(79749,'2018-01-17 09:36:30','BATAINDIA',53353,709.25),(79750,'2018-01-17 09:36:31','AMBUJACEM',161393,273.65),(79751,'2018-01-17 09:36:33','COALINDIA',473766,286.7),(79752,'2018-01-17 09:36:38','COALINDIA',476600,286.65),(79753,'2018-01-17 09:36:38','BATAINDIA',53385,709.5),(79754,'2018-01-17 09:36:39','AMBUJACEM',163585,273.8),(79755,'2018-01-17 09:36:40','AMBUJACEM',166052,273.75),(79756,'2018-01-17 09:36:41','COALINDIA',479249,286.4),(79757,'2018-01-17 09:36:44','BATAINDIA',54047,710.65),(79758,'2018-01-17 09:36:54','COALINDIA',481107,286.45),(79759,'2018-01-17 09:36:56','AMBUJACEM',171031,273.5),(79760,'2018-01-17 09:36:57','BATAINDIA',54198,710.75),(79761,'2018-01-17 09:36:58','COALINDIA',486557,286.55),(79762,'2018-01-17 09:36:58','AMBUJACEM',175241,273.7),(79763,'2018-01-17 09:36:59','BATAINDIA',54730,710.75),(79764,'2018-01-17 09:37:10','AMBUJACEM',186060,274.05),(79765,'2018-01-17 09:37:10','COALINDIA',490205,286.6),(79766,'2018-01-17 09:37:10','BATAINDIA',55042,710.35),(79767,'2018-01-17 09:37:21','COALINDIA',492833,286.65),(79768,'2018-01-17 09:37:21','AMBUJACEM',187860,274.3),(79769,'2018-01-17 09:37:21','BATAINDIA',55175,710.7),(79770,'2018-01-17 09:37:22','AMBUJACEM',187960,274.25),(79771,'2018-01-17 09:37:33','AMBUJACEM',188738,274.2),(79772,'2018-01-17 09:37:35','COALINDIA',496930,286.75),(79773,'2018-01-17 09:37:36','BATAINDIA',56025,711.6),(79774,'2018-01-17 09:37:45','COALINDIA',504769,287.2),(79775,'2018-01-17 09:37:46','AMBUJACEM',189155,274.05),(79776,'2018-01-17 09:37:46','BATAINDIA',57930,711.65),(79777,'2018-01-17 09:37:55','AMBUJACEM',189405,274.25),(79778,'2018-01-17 09:37:55','COALINDIA',506316,287.15),(79779,'2018-01-17 09:37:56','BATAINDIA',59236,711.55),(79780,'2018-01-17 09:38:03','COALINDIA',509054,287.35),(79781,'2018-01-17 09:38:04','BATAINDIA',59296,712.15),(79782,'2018-01-17 09:38:05','AMBUJACEM',192553,274.35),(79783,'2018-01-17 09:38:07','AMBUJACEM',194941,274.4),(79784,'2018-01-17 09:38:09','COALINDIA',509169,287.4),(79785,'2018-01-17 09:38:10','AMBUJACEM',195099,274.35),(79786,'2018-01-17 09:38:11','COALINDIA',509990,287.5),(79787,'2018-01-17 09:38:12','COALINDIA',510520,287.6),(79788,'2018-01-17 09:38:12','BATAINDIA',59406,712.7),(79789,'2018-01-17 09:38:12','AMBUJACEM',195149,274.35),(79790,'2018-01-17 09:38:15','COALINDIA',512350,287.7),(79791,'2018-01-17 09:38:16','AMBUJACEM',195270,274.5),(79792,'2018-01-17 09:38:21','COALINDIA',513839,287.75),(79793,'2018-01-17 09:38:21','BATAINDIA',59512,713),(79794,'2018-01-17 09:38:22','AMBUJACEM',196370,274.7),(79795,'2018-01-17 09:38:24','BATAINDIA',59670,712.65),(79796,'2018-01-17 09:38:25','AMBUJACEM',196542,274.5),(79797,'2018-01-17 09:38:25','COALINDIA',514617,287.85),(79798,'2018-01-17 09:38:30','COALINDIA',516018,288),(79799,'2018-01-17 09:38:31','AMBUJACEM',196594,274.7),(79800,'2018-01-17 09:38:32','BATAINDIA',60181,713),(79801,'2018-01-17 09:38:35','AMBUJACEM',197203,274.55),(79802,'2018-01-17 09:38:35','COALINDIA',516690,287.9),(79803,'2018-01-17 09:38:40','BATAINDIA',60206,712.3),(79804,'2018-01-17 09:38:41','AMBUJACEM',198203,274.7),(79805,'2018-01-17 09:38:43','COALINDIA',518438,287.9),(79806,'2018-01-17 09:38:43','COALINDIA',518988,287.7),(79807,'2018-01-17 09:38:44','AMBUJACEM',198411,274.5),(79808,'2018-01-17 09:38:46','BATAINDIA',60216,713),(79809,'2018-01-17 09:38:52','COALINDIA',520542,287.8),(79810,'2018-01-17 09:38:53','AMBUJACEM',199171,274.2),(79811,'2018-01-17 09:38:54','BATAINDIA',60395,713.05),(79812,'2018-01-17 09:39:02','BATAINDIA',60445,713.2),(79813,'2018-01-17 09:39:02','COALINDIA',523115,287.9),(79814,'2018-01-17 09:39:11','BATAINDIA',60495,713.5),(79815,'2018-01-17 09:39:11','AMBUJACEM',199241,274.35),(79816,'2018-01-17 09:39:12','COALINDIA',524323,287.85),(79817,'2018-01-17 09:39:20','AMBUJACEM',199406,274.25),(79818,'2018-01-17 09:39:21','BATAINDIA',60675,713.2),(79819,'2018-01-17 09:39:21','COALINDIA',527231,287.85),(79820,'2018-01-17 09:39:33','AMBUJACEM',199662,274.2),(79821,'2018-01-17 09:39:33','BATAINDIA',60798,713.25),(79822,'2018-01-17 09:39:33','COALINDIA',527986,287.85),(79823,'2018-01-17 09:39:39','BATAINDIA',60816,713.55),(79824,'2018-01-17 09:39:40','AMBUJACEM',199782,274.25),(79825,'2018-01-17 09:39:41','COALINDIA',530768,287.65),(79826,'2018-01-17 09:39:47','COALINDIA',530836,287.85),(79827,'2018-01-17 09:39:50','AMBUJACEM',200031,274.35),(79828,'2018-01-17 09:39:56','COALINDIA',532298,287.9),(79829,'2018-01-17 09:39:57','AMBUJACEM',200187,274.25),(79830,'2018-01-17 09:40:00','BATAINDIA',60946,713.65),(79831,'2018-01-17 09:40:07','AMBUJACEM',200288,274.25),(79832,'2018-01-17 09:40:08','COALINDIA',532816,287.9),(79833,'2018-01-17 09:40:09','BATAINDIA',61159,714.15),(79834,'2018-01-17 09:40:17','COALINDIA',534495,287.9),(79835,'2018-01-17 09:40:18','AMBUJACEM',200831,274.35),(79836,'2018-01-17 09:40:19','BATAINDIA',61221,714.9),(79837,'2018-01-17 09:40:27','COALINDIA',545801,288.15),(79838,'2018-01-17 09:40:27','AMBUJACEM',201209,274.25),(79839,'2018-01-17 09:40:28','BATAINDIA',61286,715),(79840,'2018-01-17 09:40:36','COALINDIA',548268,288.25),(79841,'2018-01-17 09:40:37','AMBUJACEM',201931,274.45),(79842,'2018-01-17 09:40:38','BATAINDIA',61582,716),(79843,'2018-01-17 09:40:45','AMBUJACEM',202077,274.5),(79844,'2018-01-17 09:40:46','COALINDIA',550140,288.45),(79845,'2018-01-17 09:40:46','BATAINDIA',61920,716),(79846,'2018-01-17 09:40:53','AMBUJACEM',202287,274.45),(79847,'2018-01-17 09:40:54','BATAINDIA',62057,716.85),(79848,'2018-01-17 09:40:55','COALINDIA',551089,288.5),(79849,'2018-01-17 09:41:03','COALINDIA',552279,288.55),(79850,'2018-01-17 09:41:04','AMBUJACEM',204338,274.45),(79851,'2018-01-17 09:41:05','BATAINDIA',62948,717.15),(79852,'2018-01-17 09:41:10','AMBUJACEM',214200,275),(79853,'2018-01-17 09:41:11','COALINDIA',555938,288.55),(79854,'2018-01-17 09:41:13','BATAINDIA',63544,717.9),(79855,'2018-01-17 09:41:19','COALINDIA',559868,288.95),(79856,'2018-01-17 09:41:20','BATAINDIA',64520,718),(79857,'2018-01-17 09:41:21','AMBUJACEM',216189,275.2),(79858,'2018-01-17 09:41:29','COALINDIA',563836,289),(79859,'2018-01-17 09:41:30','BATAINDIA',64931,718.85),(79860,'2018-01-17 09:41:30','AMBUJACEM',216445,275.1),(79861,'2018-01-17 09:41:38','COALINDIA',567780,289),(79862,'2018-01-17 09:41:39','AMBUJACEM',217243,275.2),(79863,'2018-01-17 09:41:39','BATAINDIA',65402,719),(79864,'2018-01-17 09:41:47','AMBUJACEM',217684,275),(79865,'2018-01-17 09:41:48','BATAINDIA',66037,719.1),(79866,'2018-01-17 09:41:51','COALINDIA',569142,288.95),(79867,'2018-01-17 09:41:57','COALINDIA',570662,289.05),(79868,'2018-01-17 09:41:57','BATAINDIA',66848,719.45),(79869,'2018-01-17 09:41:58','AMBUJACEM',219422,275.5),(79870,'2018-01-17 09:42:06','AMBUJACEM',219547,275.5),(79871,'2018-01-17 09:42:06','BATAINDIA',67265,719.45),(79872,'2018-01-17 09:42:07','COALINDIA',573291,289.4),(79873,'2018-01-17 09:42:09','COALINDIA',574000,289.25),(79874,'2018-01-17 09:42:10','AMBUJACEM',219566,275.3),(79875,'2018-01-17 09:42:15','COALINDIA',576575,289.25),(79876,'2018-01-17 09:42:16','BATAINDIA',68697,719.45),(79877,'2018-01-17 09:42:16','AMBUJACEM',219766,275.55),(79878,'2018-01-17 09:42:26','AMBUJACEM',220096,275.5),(79879,'2018-01-17 09:42:26','COALINDIA',577735,289.25),(79880,'2018-01-17 09:42:26','BATAINDIA',69247,719),(79881,'2018-01-17 09:42:35','COALINDIA',582485,289.1),(79882,'2018-01-17 09:42:35','AMBUJACEM',221241,275.85),(79883,'2018-01-17 09:42:36','BATAINDIA',69426,718.85),(79884,'2018-01-17 09:42:45','COALINDIA',583845,289.1),(79885,'2018-01-17 09:42:45','BATAINDIA',69431,719.45),(79886,'2018-01-17 09:42:46','AMBUJACEM',221713,275.75),(79887,'2018-01-17 09:42:54','AMBUJACEM',222182,275.3),(79888,'2018-01-17 09:42:54','BATAINDIA',69591,719.35),(79889,'2018-01-17 09:42:56','COALINDIA',586004,289.1),(79890,'2018-01-17 09:43:03','AMBUJACEM',222410,275.4),(79891,'2018-01-17 09:43:03','COALINDIA',586533,289.2),(79892,'2018-01-17 09:43:05','BATAINDIA',69904,719),(79893,'2018-01-17 09:43:14','COALINDIA',588685,289.35),(79894,'2018-01-17 09:43:15','BATAINDIA',69914,719),(79895,'2018-01-17 09:43:15','AMBUJACEM',223327,275.4),(79896,'2018-01-17 09:43:22','COALINDIA',590284,289.35),(79897,'2018-01-17 09:43:23','AMBUJACEM',223979,275.25),(79898,'2018-01-17 09:43:24','BATAINDIA',70706,718.8),(79899,'2018-01-17 09:43:35','BATAINDIA',71016,718.8),(79900,'2018-01-17 09:43:35','AMBUJACEM',224186,274.95),(79901,'2018-01-17 09:43:35','COALINDIA',593547,289.2),(79902,'2018-01-17 09:43:45','AMBUJACEM',224875,274.8),(79903,'2018-01-17 09:43:45','BATAINDIA',71416,719),(79904,'2018-01-17 09:43:46','COALINDIA',595058,289.3),(79905,'2018-01-17 09:43:54','AMBUJACEM',226131,274.7),(79906,'2018-01-17 09:43:55','COALINDIA',597911,289.25),(79907,'2018-01-17 09:43:56','BATAINDIA',71649,719),(79908,'2018-01-17 09:44:06','COALINDIA',599761,289.45),(79909,'2018-01-17 09:44:06','AMBUJACEM',226395,274.45),(79910,'2018-01-17 09:44:07','AMBUJACEM',226844,274.55),(79911,'2018-01-17 09:44:07','BATAINDIA',73950,719),(79912,'2018-01-17 09:44:16','AMBUJACEM',228890,274.7),(79913,'2018-01-17 09:44:16','COALINDIA',602355,289.3),(79914,'2018-01-17 09:44:17','BATAINDIA',74938,719.1),(79915,'2018-01-17 09:44:17','BATAINDIA',74960,719.4),(79916,'2018-01-17 09:44:28','BATAINDIA',75146,719.4),(79917,'2018-01-17 09:44:29','AMBUJACEM',229948,275),(79918,'2018-01-17 09:44:29','COALINDIA',603367,289.5),(79919,'2018-01-17 09:44:39','COALINDIA',605098,289.3),(79920,'2018-01-17 09:44:39','AMBUJACEM',230346,275),(79921,'2018-01-17 09:44:39','BATAINDIA',75176,719.4),(79922,'2018-01-17 09:44:49','COALINDIA',605623,289.5),(79923,'2018-01-17 09:44:49','AMBUJACEM',230476,275.15),(79924,'2018-01-17 09:44:50','BATAINDIA',75292,719.45),(79925,'2018-01-17 09:44:59','COALINDIA',608621,289.4),(79926,'2018-01-17 09:45:01','AMBUJACEM',230739,275),(79927,'2018-01-17 09:45:01','BATAINDIA',75793,719.4),(79928,'2018-01-17 09:45:10','COALINDIA',610340,289.5),(79929,'2018-01-17 09:45:11','AMBUJACEM',230810,275.2),(79930,'2018-01-17 09:45:12','BATAINDIA',75794,719.5),(79931,'2018-01-17 09:45:21','COALINDIA',611145,289.6),(79932,'2018-01-17 09:45:22','AMBUJACEM',230932,275.35),(79933,'2018-01-17 09:45:23','BATAINDIA',76274,719.85),(79934,'2018-01-17 09:45:31','AMBUJACEM',231042,275.15),(79935,'2018-01-17 09:45:32','BATAINDIA',76421,720.05),(79936,'2018-01-17 09:45:32','COALINDIA',613279,289.65),(79937,'2018-01-17 09:45:40','COALINDIA',615720,289.7),(79938,'2018-01-17 09:45:42','BATAINDIA',76475,720),(79939,'2018-01-17 09:45:42','AMBUJACEM',231127,275.4),(79940,'2018-01-17 09:45:51','COALINDIA',620174,289.6),(79941,'2018-01-17 09:45:51','BATAINDIA',76520,720.45),(79942,'2018-01-17 09:45:51','AMBUJACEM',231360,275.45),(79943,'2018-01-17 09:46:03','COALINDIA',622255,289.65),(79944,'2018-01-17 09:46:05','AMBUJACEM',231425,275.45),(79945,'2018-01-17 09:46:05','BATAINDIA',76838,720.85),(79946,'2018-01-17 09:46:07','COALINDIA',622855,289.65),(79947,'2018-01-17 09:46:08','AMBUJACEM',231916,275.45),(79948,'2018-01-17 09:46:09','BATAINDIA',76892,720.35),(79949,'2018-01-17 09:46:22','COALINDIA',625574,289.65),(79950,'2018-01-17 09:46:24','AMBUJACEM',232020,275.5),(79951,'2018-01-17 09:46:24','BATAINDIA',77527,721),(79952,'2018-01-17 09:46:27','COALINDIA',627732,289.55),(79953,'2018-01-17 09:46:28','AMBUJACEM',233387,275.45),(79954,'2018-01-17 09:46:28','BATAINDIA',77665,721.05),(79955,'2018-01-17 09:46:41','COALINDIA',632787,289.5),(79956,'2018-01-17 09:46:41','AMBUJACEM',233553,275.15),(79957,'2018-01-17 09:46:47','BATAINDIA',78078,720.85),(79958,'2018-01-17 09:47:01','COALINDIA',636942,289.5),(79959,'2018-01-17 09:47:04','AMBUJACEM',234217,275.3),(79960,'2018-01-17 09:47:05','BATAINDIA',78350,720.15),(79961,'2018-01-17 09:47:17','AMBUJACEM',235182,275.35),(79962,'2018-01-17 09:47:17','BATAINDIA',78450,720.1),(79963,'2018-01-17 09:47:18','COALINDIA',641541,289.45),(79964,'2018-01-17 09:47:28','COALINDIA',643469,289.35),(79965,'2018-01-17 09:47:29','AMBUJACEM',235282,275.25),(79966,'2018-01-17 09:47:31','BATAINDIA',78698,720),(79967,'2018-01-17 09:47:45','COALINDIA',647224,289.2),(79968,'2018-01-17 09:47:46','BATAINDIA',79026,719.7),(79969,'2018-01-17 09:47:46','AMBUJACEM',235607,275.15),(79970,'2018-01-17 09:48:00','AMBUJACEM',236714,275.4),(79971,'2018-01-17 09:48:01','COALINDIA',650359,289.4),(79972,'2018-01-17 09:48:07','BATAINDIA',79096,720.1),(79973,'2018-01-17 09:48:08','COALINDIA',650550,289.3),(79974,'2018-01-17 09:48:10','AMBUJACEM',237670,275.4),(79975,'2018-01-17 09:48:14','COALINDIA',651758,289.2),(79976,'2018-01-17 09:48:15','AMBUJACEM',237927,275.4),(79977,'2018-01-17 09:48:19','BATAINDIA',79196,719.8),(79978,'2018-01-17 09:48:22','COALINDIA',656706,289.3),(79979,'2018-01-17 09:48:23','AMBUJACEM',237928,275.25),(79980,'2018-01-17 09:48:32','AMBUJACEM',237975,275.35),(79981,'2018-01-17 09:48:33','BATAINDIA',79224,718.75),(79982,'2018-01-17 09:48:35','COALINDIA',656916,289.2),(79983,'2018-01-17 09:48:39','COALINDIA',658877,289.15),(79984,'2018-01-17 09:48:39','AMBUJACEM',238196,275.2),(79985,'2018-01-17 09:48:43','BATAINDIA',79767,718.4),(79986,'2018-01-17 09:48:44','COALINDIA',659250,289.05),(79987,'2018-01-17 09:48:46','BATAINDIA',80267,717.25),(79988,'2018-01-17 09:48:54','BATAINDIA',80813,717.35),(79989,'2018-01-17 09:48:54','COALINDIA',660528,288.95),(79990,'2018-01-17 09:48:54','AMBUJACEM',239597,275),(79991,'2018-01-17 09:48:55','COALINDIA',661068,288.9),(79992,'2018-01-17 09:49:07','AMBUJACEM',239607,274.9),(79993,'2018-01-17 09:49:10','BATAINDIA',80843,717.35),(79994,'2018-01-17 09:49:11','COALINDIA',663797,288.75),(79995,'2018-01-17 09:49:16','BATAINDIA',80886,717.75),(79996,'2018-01-17 09:49:20','COALINDIA',664978,288.65),(79997,'2018-01-17 09:49:21','AMBUJACEM',239657,274.9),(79998,'2018-01-17 09:49:23','BATAINDIA',81393,717.3),(79999,'2018-01-17 09:49:29','COALINDIA',667136,288.65),(80000,'2018-01-17 09:49:30','AMBUJACEM',240048,274.9),(80001,'2018-01-17 09:49:30','BATAINDIA',81438,718),(80002,'2018-01-17 09:49:39','COALINDIA',669930,288.5),(80003,'2018-01-17 09:49:41','AMBUJACEM',241590,274.65),(80004,'2018-01-17 09:49:41','BATAINDIA',81534,717.45),(80005,'2018-01-17 09:49:54','COALINDIA',671849,288.5),(80006,'2018-01-17 09:49:54','AMBUJACEM',241605,274.85),(80007,'2018-01-17 09:49:58','BATAINDIA',81557,717.35),(80008,'2018-01-17 09:50:05','COALINDIA',673359,288.55),(80009,'2018-01-17 09:50:06','AMBUJACEM',241666,274.8),(80010,'2018-01-17 09:50:09','COALINDIA',674411,288.55),(80011,'2018-01-17 09:50:10','BATAINDIA',82009,717),(80012,'2018-01-17 09:50:22','AMBUJACEM',241867,274.85),(80013,'2018-01-17 09:50:23','COALINDIA',674892,288.4),(80014,'2018-01-17 09:50:37','COALINDIA',676689,288.4),(80015,'2018-01-17 09:50:40','AMBUJACEM',241930,274.9),(80016,'2018-01-17 09:50:40','BATAINDIA',82050,717.45),(80017,'2018-01-17 09:50:52','COALINDIA',678774,288.4),(80018,'2018-01-17 09:50:53','AMBUJACEM',242173,275),(80019,'2018-01-17 09:50:54','BATAINDIA',82183,717.3),(80020,'2018-01-17 09:51:07','BATAINDIA',82185,717),(80021,'2018-01-17 09:51:08','AMBUJACEM',242292,275),(80022,'2018-01-17 09:51:09','COALINDIA',680444,288.5),(80023,'2018-01-17 09:51:23','AMBUJACEM',246070,275.3),(80024,'2018-01-17 09:51:24','BATAINDIA',82236,717),(80025,'2018-01-17 09:51:32','COALINDIA',683641,288.8),(80026,'2018-01-17 09:51:35','AMBUJACEM',246089,275.3),(80027,'2018-01-17 09:51:38','BATAINDIA',82961,717.15),(80028,'2018-01-17 09:51:38','COALINDIA',685989,289),(80029,'2018-01-17 09:51:50','COALINDIA',689181,289.25),(80030,'2018-01-17 09:51:51','AMBUJACEM',246633,275.5),(80031,'2018-01-17 09:51:51','BATAINDIA',83061,717.5),(80032,'2018-01-17 09:52:01','AMBUJACEM',248432,275.55),(80033,'2018-01-17 09:52:03','BATAINDIA',83185,717.5),(80034,'2018-01-17 09:52:07','COALINDIA',690120,289.3),(80035,'2018-01-17 09:52:09','COALINDIA',690524,289.3),(80036,'2018-01-17 09:52:09','AMBUJACEM',248632,275.55),(80037,'2018-01-17 09:52:14','BATAINDIA',83260,717.25),(80038,'2018-01-17 09:52:15','AMBUJACEM',248926,275.5),(80039,'2018-01-17 09:52:19','COALINDIA',691671,289.1),(80040,'2018-01-17 09:52:20','AMBUJACEM',249179,275.55),(80041,'2018-01-17 09:52:22','BATAINDIA',83325,717.3),(80042,'2018-01-17 09:52:25','COALINDIA',692072,289.2),(80043,'2018-01-17 09:52:26','AMBUJACEM',250292,275.55),(80044,'2018-01-17 09:52:27','COALINDIA',692451,289.2),(80045,'2018-01-17 09:52:33','AMBUJACEM',250294,275.4),(80046,'2018-01-17 09:52:34','BATAINDIA',83580,717),(80047,'2018-01-17 09:52:36','BATAINDIA',83805,716.8),(80048,'2018-01-17 09:52:38','COALINDIA',694178,289.35),(80049,'2018-01-17 09:52:44','COALINDIA',695233,289.35),(80050,'2018-01-17 09:52:46','BATAINDIA',83830,717.3),(80051,'2018-01-17 09:52:47','AMBUJACEM',250457,275.55),(80052,'2018-01-17 09:52:50','COALINDIA',695570,289.2),(80053,'2018-01-17 09:52:51','AMBUJACEM',250522,275.55),(80054,'2018-01-17 09:52:57','AMBUJACEM',252853,275.3),(80055,'2018-01-17 09:52:58','BATAINDIA',83840,717.4),(80056,'2018-01-17 09:52:58','COALINDIA',696076,289.3),(80057,'2018-01-17 09:53:01','COALINDIA',697801,289.15),(80058,'2018-01-17 09:53:02','AMBUJACEM',252903,275.3),(80059,'2018-01-17 09:53:04','BATAINDIA',83850,717.3),(80060,'2018-01-17 09:53:10','AMBUJACEM',252956,275.1),(80061,'2018-01-17 09:53:11','COALINDIA',699349,289),(80062,'2018-01-17 09:53:14','BATAINDIA',83855,716.7),(80063,'2018-01-17 09:53:20','AMBUJACEM',252957,275.3),(80064,'2018-01-17 09:53:20','COALINDIA',700072,289),(80065,'2018-01-17 09:53:21','BATAINDIA',84402,716.75),(80066,'2018-01-17 09:53:30','COALINDIA',701217,289.2),(80067,'2018-01-17 09:53:33','AMBUJACEM',253457,275.25),(80068,'2018-01-17 09:53:36','BATAINDIA',84522,716.6),(80069,'2018-01-17 09:53:44','COALINDIA',702868,289.1),(80070,'2018-01-17 09:53:45','AMBUJACEM',253576,275.3),(80071,'2018-01-17 09:53:55','COALINDIA',703369,289.25),(80072,'2018-01-17 09:53:57','BATAINDIA',84528,717),(80073,'2018-01-17 09:53:57','AMBUJACEM',257595,275.3),(80074,'2018-01-17 09:54:07','AMBUJACEM',257814,275.15),(80075,'2018-01-17 09:54:07','COALINDIA',704276,289.15),(80076,'2018-01-17 09:54:09','BATAINDIA',84529,717),(80077,'2018-01-17 09:54:18','AMBUJACEM',257921,275.2),(80078,'2018-01-17 09:54:19','COALINDIA',705020,289.25),(80079,'2018-01-17 09:54:31','COALINDIA',708157,289.1),(80080,'2018-01-17 09:54:32','AMBUJACEM',258106,275.15),(80081,'2018-01-17 09:54:41','COALINDIA',709706,289.1),(80082,'2018-01-17 09:54:41','AMBUJACEM',258140,275.2),(80083,'2018-01-17 09:54:42','BATAINDIA',84877,717),(80084,'2018-01-17 09:54:50','COALINDIA',714874,289.35),(80085,'2018-01-17 09:54:51','BATAINDIA',85177,716.7),(80086,'2018-01-17 09:54:52','AMBUJACEM',258453,275.15),(80087,'2018-01-17 09:55:02','COALINDIA',716906,289.25),(80088,'2018-01-17 09:55:03','AMBUJACEM',258520,275.3),(80089,'2018-01-17 09:55:06','BATAINDIA',86374,717),(80090,'2018-01-17 09:55:14','COALINDIA',718152,289.25),(80091,'2018-01-17 09:55:14','AMBUJACEM',258707,275.2),(80092,'2018-01-17 09:55:19','BATAINDIA',86386,717),(80093,'2018-01-17 09:55:24','COALINDIA',718537,289.25),(80094,'2018-01-17 09:55:24','AMBUJACEM',258757,275.25),(80095,'2018-01-17 09:55:25','BATAINDIA',87181,718),(80096,'2018-01-17 09:55:35','AMBUJACEM',258807,275.2),(80097,'2018-01-17 09:55:35','BATAINDIA',87704,718.8),(80098,'2018-01-17 09:55:37','COALINDIA',720896,289.4),(80099,'2018-01-17 09:55:44','COALINDIA',722402,289.2),(80100,'2018-01-17 09:55:48','AMBUJACEM',258897,275.2),(80101,'2018-01-17 09:55:55','COALINDIA',722897,289.25),(80102,'2018-01-17 09:55:56','AMBUJACEM',259119,275.25),(80103,'2018-01-17 09:55:58','BATAINDIA',88258,717.6),(80104,'2018-01-17 09:56:07','AMBUJACEM',259689,275.2),(80105,'2018-01-17 09:56:08','COALINDIA',724499,289.3),(80106,'2018-01-17 09:56:16','BATAINDIA',88263,717.65),(80107,'2018-01-17 09:56:17','COALINDIA',724601,289.45),(80108,'2018-01-17 09:56:17','AMBUJACEM',259761,275.2),(80109,'2018-01-17 09:56:19','COALINDIA',727324,289.3),(80110,'2018-01-17 09:56:26','AMBUJACEM',259785,275.1),(80111,'2018-01-17 09:56:29','COALINDIA',729018,289.4),(80112,'2018-01-17 09:56:29','BATAINDIA',88268,717.6),(80113,'2018-01-17 09:56:40','COALINDIA',731726,289.35),(80114,'2018-01-17 09:56:40','AMBUJACEM',261517,275.05),(80115,'2018-01-17 09:56:43','BATAINDIA',88288,717.6),(80116,'2018-01-17 09:56:50','BATAINDIA',88295,717.65),(80117,'2018-01-17 09:56:50','AMBUJACEM',261567,275.1),(80118,'2018-01-17 09:56:51','COALINDIA',732288,289.35),(80119,'2018-01-17 09:57:01','COALINDIA',733173,289.5),(80120,'2018-01-17 09:57:01','BATAINDIA',88320,717.9),(80121,'2018-01-17 09:57:11','AMBUJACEM',261952,275.1),(80122,'2018-01-17 09:57:14','COALINDIA',734121,289.4),(80123,'2018-01-17 09:57:14','BATAINDIA',88620,718.35),(80124,'2018-01-17 09:57:22','AMBUJACEM',262078,274.9),(80125,'2018-01-17 09:57:25','COALINDIA',734825,289.35),(80126,'2018-01-17 09:57:25','BATAINDIA',88646,717.45),(80127,'2018-01-17 09:57:33','AMBUJACEM',262151,274.95),(80128,'2018-01-17 09:57:34','COALINDIA',735947,289.5),(80129,'2018-01-17 09:57:43','COALINDIA',736462,289.4),(80130,'2018-01-17 09:57:45','AMBUJACEM',262369,275.1),(80131,'2018-01-17 09:57:52','COALINDIA',736865,289.45),(80132,'2018-01-17 09:57:54','BATAINDIA',88740,717.05),(80133,'2018-01-17 09:57:54','AMBUJACEM',262523,275.05),(80134,'2018-01-17 09:58:02','AMBUJACEM',262524,274.95),(80135,'2018-01-17 09:58:03','COALINDIA',738593,289.5),(80136,'2018-01-17 09:58:04','BATAINDIA',88771,717.5),(80137,'2018-01-17 09:58:06','COALINDIA',738609,289.45),(80138,'2018-01-17 09:58:10','AMBUJACEM',262543,275),(80139,'2018-01-17 09:58:10','COALINDIA',739017,289.5),(80140,'2018-01-17 09:58:16','BATAINDIA',88776,717.95),(80141,'2018-01-17 09:58:16','COALINDIA',743756,289.6),(80142,'2018-01-17 09:58:17','AMBUJACEM',262547,275),(80143,'2018-01-17 09:58:21','BATAINDIA',88781,718.95),(80144,'2018-01-17 09:58:22','AMBUJACEM',262655,275.1),(80145,'2018-01-17 09:58:24','COALINDIA',744360,289.6),(80146,'2018-01-17 09:58:26','BATAINDIA',88797,718.05),(80147,'2018-01-17 09:58:27','COALINDIA',746592,289.7),(80148,'2018-01-17 09:58:27','AMBUJACEM',262706,275.2),(80149,'2018-01-17 09:58:34','BATAINDIA',88853,718.75),(80150,'2018-01-17 09:58:35','AMBUJACEM',262973,275.15),(80151,'2018-01-17 09:58:37','COALINDIA',746759,289.65),(80152,'2018-01-17 09:58:44','AMBUJACEM',263041,275.2),(80153,'2018-01-17 09:58:45','BATAINDIA',88899,718.6),(80154,'2018-01-17 09:58:45','COALINDIA',749403,289.5),(80155,'2018-01-17 09:58:55','AMBUJACEM',263063,275.15),(80156,'2018-01-17 09:58:56','COALINDIA',749555,289.5),(80157,'2018-01-17 09:58:56','BATAINDIA',88919,718.25),(80158,'2018-01-17 09:59:04','COALINDIA',750120,289.55),(80159,'2018-01-17 09:59:05','BATAINDIA',88984,718.45),(80160,'2018-01-17 09:59:06','AMBUJACEM',264113,275.2),(80161,'2018-01-17 09:59:13','COALINDIA',752776,289.65),(80162,'2018-01-17 09:59:14','AMBUJACEM',265158,275.4),(80163,'2018-01-17 09:59:15','BATAINDIA',88985,718.45),(80164,'2018-01-17 09:59:23','AMBUJACEM',265361,275.4),(80165,'2018-01-17 09:59:23','BATAINDIA',89060,718.85),(80166,'2018-01-17 09:59:25','COALINDIA',754138,289.65),(80167,'2018-01-17 09:59:31','COALINDIA',755243,289.65),(80168,'2018-01-17 09:59:33','AMBUJACEM',265512,275.35),(80169,'2018-01-17 09:59:34','BATAINDIA',89107,719),(80170,'2018-01-17 09:59:42','AMBUJACEM',265779,275.15),(80171,'2018-01-17 09:59:44','COALINDIA',757103,289.65),(80172,'2018-01-17 09:59:47','BATAINDIA',89403,718.95),(80173,'2018-01-17 09:59:51','AMBUJACEM',265929,275.5),(80174,'2018-01-17 09:59:52','COALINDIA',757374,289.65),(80175,'2018-01-17 09:59:52','BATAINDIA',89410,719.2),(80176,'2018-01-17 10:00:01','AMBUJACEM',266246,275.45),(80177,'2018-01-17 10:00:01','COALINDIA',758234,289.55),(80178,'2018-01-17 10:00:04','BATAINDIA',89428,719.3),(80179,'2018-01-17 10:00:09','COALINDIA',759968,289.65),(80180,'2018-01-17 10:00:09','AMBUJACEM',266778,275.45),(80181,'2018-01-17 10:00:09','BATAINDIA',89467,719.3),(80182,'2018-01-17 10:00:10','AMBUJACEM',267781,275.7),(80183,'2018-01-17 10:00:10','COALINDIA',760068,289.55),(80184,'2018-01-17 10:00:13','BATAINDIA',89570,720),(80185,'2018-01-17 10:00:18','COALINDIA',760563,289.65),(80186,'2018-01-17 10:00:18','AMBUJACEM',268459,275.8),(80187,'2018-01-17 10:00:28','COALINDIA',760873,289.55),(80188,'2018-01-17 10:00:29','AMBUJACEM',269443,275.5),(80189,'2018-01-17 10:00:29','BATAINDIA',89927,720.45),(80190,'2018-01-17 10:00:38','BATAINDIA',90147,720),(80191,'2018-01-17 10:00:38','COALINDIA',762458,289.6),(80192,'2018-01-17 10:00:41','AMBUJACEM',270354,275.65),(80193,'2018-01-17 10:00:48','BATAINDIA',90543,720.4),(80194,'2018-01-17 10:00:48','AMBUJACEM',272978,275.8),(80195,'2018-01-17 10:00:48','COALINDIA',762826,289.75),(80196,'2018-01-17 10:00:56','COALINDIA',763405,289.75),(80197,'2018-01-17 10:00:58','BATAINDIA',90686,720.5),(80198,'2018-01-17 10:00:58','AMBUJACEM',273008,275.8),(80199,'2018-01-17 10:01:09','AMBUJACEM',273720,275.65),(80200,'2018-01-17 10:01:09','COALINDIA',767092,289.5),(80201,'2018-01-17 10:01:10','BATAINDIA',90819,720.7),(80202,'2018-01-17 10:01:17','COALINDIA',768340,289.85),(80203,'2018-01-17 10:01:19','AMBUJACEM',277072,276.25),(80204,'2018-01-17 10:01:19','BATAINDIA',91162,720.95),(80205,'2018-01-17 10:01:27','COALINDIA',768975,289.85),(80206,'2018-01-17 10:01:28','AMBUJACEM',279715,276.4),(80207,'2018-01-17 10:01:29','BATAINDIA',91175,720.85),(80208,'2018-01-17 10:01:40','BATAINDIA',91597,721),(80209,'2018-01-17 10:01:41','COALINDIA',775487,289.85),(80210,'2018-01-17 10:01:41','AMBUJACEM',282732,276.1),(80211,'2018-01-17 10:01:49','COALINDIA',777484,289.9),(80212,'2018-01-17 10:01:49','AMBUJACEM',283203,276.35),(80213,'2018-01-17 10:01:50','BATAINDIA',91680,720.1),(80214,'2018-01-17 10:02:00','COALINDIA',779016,290),(80215,'2018-01-17 10:02:01','AMBUJACEM',283204,276.1),(80216,'2018-01-17 10:02:02','BATAINDIA',91898,720.6),(80217,'2018-01-17 10:02:07','AMBUJACEM',283233,276.15),(80218,'2018-01-17 10:02:08','COALINDIA',779066,290),(80219,'2018-01-17 10:02:11','COALINDIA',780620,290),(80220,'2018-01-17 10:02:11','AMBUJACEM',283329,276.3),(80221,'2018-01-17 10:02:13','BATAINDIA',91900,720.15),(80222,'2018-01-17 10:02:17','AMBUJACEM',283430,276.15),(80223,'2018-01-17 10:02:20','COALINDIA',782793,290),(80224,'2018-01-17 10:02:22','COALINDIA',783050,289.95),(80225,'2018-01-17 10:02:24','AMBUJACEM',283432,276.3),(80226,'2018-01-17 10:02:24','BATAINDIA',91909,720.05),(80227,'2018-01-17 10:02:26','AMBUJACEM',284066,276.3),(80228,'2018-01-17 10:02:26','BATAINDIA',91942,720.1),(80229,'2018-01-17 10:02:28','COALINDIA',789112,290.35),(80230,'2018-01-17 10:02:38','BATAINDIA',92086,720.4),(80231,'2018-01-17 10:02:39','AMBUJACEM',284501,276.3),(80232,'2018-01-17 10:02:40','COALINDIA',797230,290.75),(80233,'2018-01-17 10:02:48','AMBUJACEM',284681,276.45),(80234,'2018-01-17 10:02:49','COALINDIA',831857,291.35),(80235,'2018-01-17 10:02:58','COALINDIA',836840,291.1),(80236,'2018-01-17 10:02:58','AMBUJACEM',285020,276.45),(80237,'2018-01-17 10:03:00','BATAINDIA',92090,720.35),(80238,'2018-01-17 10:03:08','AMBUJACEM',287323,276.3),(80239,'2018-01-17 10:03:10','COALINDIA',838037,291.1),(80240,'2018-01-17 10:03:10','BATAINDIA',92096,720.35),(80241,'2018-01-17 10:03:19','COALINDIA',839270,291.1),(80242,'2018-01-17 10:03:20','AMBUJACEM',287458,276.4),(80243,'2018-01-17 10:03:22','BATAINDIA',92222,720.5),(80244,'2018-01-17 10:03:31','BATAINDIA',92232,720.6),(80245,'2018-01-17 10:03:31','AMBUJACEM',287488,276.25),(80246,'2018-01-17 10:03:32','COALINDIA',840496,291.15),(80247,'2018-01-17 10:03:41','COALINDIA',842375,291.1),(80248,'2018-01-17 10:03:41','BATAINDIA',92569,721.05),(80249,'2018-01-17 10:03:42','AMBUJACEM',287506,276.3),(80250,'2018-01-17 10:03:51','COALINDIA',849214,291),(80251,'2018-01-17 10:03:52','BATAINDIA',92639,721.1),(80252,'2018-01-17 10:03:52','AMBUJACEM',287784,276.3),(80253,'2018-01-17 10:04:01','AMBUJACEM',287861,276.4),(80254,'2018-01-17 10:04:01','COALINDIA',852362,291),(80255,'2018-01-17 10:04:02','BATAINDIA',92773,720.75),(80256,'2018-01-17 10:04:06','COALINDIA',852416,290.9),(80257,'2018-01-17 10:04:06','AMBUJACEM',288942,276.4),(80258,'2018-01-17 10:04:10','COALINDIA',852772,290.9),(80259,'2018-01-17 10:04:10','COALINDIA',856362,291),(80260,'2018-01-17 10:04:11','AMBUJACEM',290104,276.5),(80261,'2018-01-17 10:04:14','BATAINDIA',92783,721),(80262,'2018-01-17 10:04:17','BATAINDIA',92786,721),(80263,'2018-01-17 10:04:18','COALINDIA',857268,291.05),(80264,'2018-01-17 10:04:20','AMBUJACEM',290180,276.5),(80265,'2018-01-17 10:04:21','AMBUJACEM',291897,276.75),(80266,'2018-01-17 10:04:22','BATAINDIA',92791,721.05),(80267,'2018-01-17 10:04:22','COALINDIA',859634,291.3),(80268,'2018-01-17 10:04:28','COALINDIA',861708,291.45),(80269,'2018-01-17 10:04:28','AMBUJACEM',292019,276.9),(80270,'2018-01-17 10:04:28','BATAINDIA',92841,721.1),(80271,'2018-01-17 10:04:38','AMBUJACEM',293704,276.85),(80272,'2018-01-17 10:04:38','COALINDIA',865786,291.35),(80273,'2018-01-17 10:04:39','BATAINDIA',93359,721.45),(80274,'2018-01-17 10:04:49','AMBUJACEM',294425,276.95),(80275,'2018-01-17 10:04:51','BATAINDIA',93715,721.5),(80276,'2018-01-17 10:04:52','COALINDIA',866580,291.45),(80277,'2018-01-17 10:04:59','AMBUJACEM',294949,276.85),(80278,'2018-01-17 10:05:01','COALINDIA',873048,291.1),(80279,'2018-01-17 10:05:08','AMBUJACEM',295687,277),(80280,'2018-01-17 10:05:09','BATAINDIA',94909,719.6),(80281,'2018-01-17 10:05:10','COALINDIA',874963,291.15),(80282,'2018-01-17 10:05:18','AMBUJACEM',296169,276.8),(80283,'2018-01-17 10:05:18','COALINDIA',875931,291.35),(80284,'2018-01-17 10:05:21','BATAINDIA',95213,720),(80285,'2018-01-17 10:05:28','COALINDIA',876045,291.35),(80286,'2018-01-17 10:05:29','BATAINDIA',95253,720.35),(80287,'2018-01-17 10:05:29','AMBUJACEM',297401,277.05),(80288,'2018-01-17 10:05:38','COALINDIA',877943,291.3),(80289,'2018-01-17 10:05:40','AMBUJACEM',298280,277.3),(80290,'2018-01-17 10:05:40','BATAINDIA',95264,720.1),(80291,'2018-01-17 10:05:48','COALINDIA',881750,291.35),(80292,'2018-01-17 10:05:49','AMBUJACEM',299206,277),(80293,'2018-01-17 10:05:52','BATAINDIA',95334,720),(80294,'2018-01-17 10:06:00','BATAINDIA',95366,719.95),(80295,'2018-01-17 10:06:00','AMBUJACEM',299355,277.05),(80296,'2018-01-17 10:06:00','COALINDIA',882605,291.3),(80297,'2018-01-17 10:06:06','COALINDIA',882950,291.3),(80298,'2018-01-17 10:06:08','AMBUJACEM',299375,277.2),(80299,'2018-01-17 10:06:11','COALINDIA',883050,291.35),(80300,'2018-01-17 10:06:12','AMBUJACEM',299797,277.4),(80301,'2018-01-17 10:06:14','BATAINDIA',95417,719.6),(80302,'2018-01-17 10:06:20','AMBUJACEM',300357,277.1),(80303,'2018-01-17 10:06:20','COALINDIA',884626,291.3),(80304,'2018-01-17 10:06:21','BATAINDIA',95442,719.85),(80305,'2018-01-17 10:06:25','COALINDIA',885231,291.35),(80306,'2018-01-17 10:06:26','AMBUJACEM',300604,277.3),(80307,'2018-01-17 10:06:30','AMBUJACEM',301026,277.5),(80308,'2018-01-17 10:06:31','COALINDIA',885981,291.4),(80309,'2018-01-17 10:06:42','AMBUJACEM',301379,277.35),(80310,'2018-01-17 10:06:42','COALINDIA',887126,291.6),(80311,'2018-01-17 10:06:44','BATAINDIA',95592,720),(80312,'2018-01-17 10:06:52','BATAINDIA',95648,720.35),(80313,'2018-01-17 10:06:53','AMBUJACEM',302879,277.55),(80314,'2018-01-17 10:06:55','COALINDIA',889711,291.45),(80315,'2018-01-17 10:07:04','AMBUJACEM',303021,277.4),(80316,'2018-01-17 10:07:05','COALINDIA',890176,291.45),(80317,'2018-01-17 10:07:06','BATAINDIA',95658,720),(80318,'2018-01-17 10:07:16','COALINDIA',895163,291.7),(80319,'2018-01-17 10:07:16','AMBUJACEM',303145,277.3),(80320,'2018-01-17 10:07:18','BATAINDIA',95708,720),(80321,'2018-01-17 10:07:28','COALINDIA',897906,291.7),(80322,'2018-01-17 10:07:29','AMBUJACEM',303685,277.45),(80323,'2018-01-17 10:07:38','AMBUJACEM',305842,277.2),(80324,'2018-01-17 10:07:38','BATAINDIA',95748,720),(80325,'2018-01-17 10:07:39','COALINDIA',898730,291.7),(80326,'2018-01-17 10:07:51','COALINDIA',899896,291.75),(80327,'2018-01-17 10:07:52','AMBUJACEM',306000,277.2),(80328,'2018-01-17 10:07:52','BATAINDIA',95888,719.6),(80329,'2018-01-17 10:08:01','COALINDIA',902639,291.6),(80330,'2018-01-17 10:08:01','AMBUJACEM',306061,277.2),(80331,'2018-01-17 10:08:05','COALINDIA',917346,292.25),(80332,'2018-01-17 10:08:06','BATAINDIA',95938,720),(80333,'2018-01-17 10:08:07','AMBUJACEM',306579,277.3),(80334,'2018-01-17 10:08:10','COALINDIA',917852,292.35),(80335,'2018-01-17 10:08:11','AMBUJACEM',308503,277.4),(80336,'2018-01-17 10:08:11','BATAINDIA',95948,720),(80337,'2018-01-17 10:08:17','AMBUJACEM',308896,277.25),(80338,'2018-01-17 10:08:17','BATAINDIA',95979,719.8),(80339,'2018-01-17 10:08:20','COALINDIA',919211,292.05),(80340,'2018-01-17 10:08:21','AMBUJACEM',308900,277.25),(80341,'2018-01-17 10:08:21','COALINDIA',920402,292.1),(80342,'2018-01-17 10:08:23','BATAINDIA',95989,719.8),(80343,'2018-01-17 10:08:26','COALINDIA',921508,291.95),(80344,'2018-01-17 10:08:26','BATAINDIA',97964,719.55),(80345,'2018-01-17 10:08:27','AMBUJACEM',308922,277.25),(80346,'2018-01-17 10:08:31','BATAINDIA',98023,719.5),(80347,'2018-01-17 10:08:32','AMBUJACEM',309122,277.35),(80348,'2018-01-17 10:08:32','COALINDIA',923033,292),(80349,'2018-01-17 10:08:36','AMBUJACEM',310581,277.4),(80350,'2018-01-17 10:08:38','COALINDIA',925823,292),(80351,'2018-01-17 10:08:45','COALINDIA',929327,292.05),(80352,'2018-01-17 10:08:46','AMBUJACEM',310857,277.25),(80353,'2018-01-17 10:08:57','AMBUJACEM',311135,277.25),(80354,'2018-01-17 10:08:59','BATAINDIA',98053,719.35),(80355,'2018-01-17 10:09:07','COALINDIA',929621,292.3),(80356,'2018-01-17 10:09:08','AMBUJACEM',312021,277.4),(80357,'2018-01-17 10:09:10','COALINDIA',930495,292.4),(80358,'2018-01-17 10:09:18','BATAINDIA',98360,719.25),(80359,'2018-01-17 10:09:19','AMBUJACEM',313481,277.25),(80360,'2018-01-17 10:09:20','COALINDIA',933289,292.55),(80361,'2018-01-17 10:09:28','BATAINDIA',98363,719.45),(80362,'2018-01-17 10:09:28','AMBUJACEM',314110,277.25),(80363,'2018-01-17 10:09:30','COALINDIA',935820,292.7),(80364,'2018-01-17 10:09:37','AMBUJACEM',314778,277.3),(80365,'2018-01-17 10:09:39','COALINDIA',942971,292.8),(80366,'2018-01-17 10:09:40','BATAINDIA',98413,719.5),(80367,'2018-01-17 10:09:47','COALINDIA',944564,292.95),(80368,'2018-01-17 10:09:47','AMBUJACEM',314788,277.5),(80369,'2018-01-17 10:09:49','BATAINDIA',98414,719.5),(80370,'2018-01-17 10:09:56','AMBUJACEM',314789,277.35),(80371,'2018-01-17 10:09:57','BATAINDIA',98417,719.5),(80372,'2018-01-17 10:09:57','COALINDIA',945930,292.95),(80373,'2018-01-17 10:10:06','AMBUJACEM',314795,277.35),(80374,'2018-01-17 10:10:06','COALINDIA',955891,292.95),(80375,'2018-01-17 10:10:08','COALINDIA',959407,292.75),(80376,'2018-01-17 10:10:08','AMBUJACEM',315120,277.35),(80377,'2018-01-17 10:10:15','AMBUJACEM',315196,277.25),(80378,'2018-01-17 10:10:17','BATAINDIA',98479,719),(80379,'2018-01-17 10:10:18','COALINDIA',961972,292.7),(80380,'2018-01-17 10:10:18','COALINDIA',964113,292.8),(80381,'2018-01-17 10:10:18','AMBUJACEM',315206,277.3),(80382,'2018-01-17 10:10:18','BATAINDIA',98500,719.25),(80383,'2018-01-17 10:10:28','COALINDIA',966052,292.6),(80384,'2018-01-17 10:10:29','AMBUJACEM',315770,277.1),(80385,'2018-01-17 10:10:31','BATAINDIA',98543,719),(80386,'2018-01-17 10:10:39','AMBUJACEM',315901,277.1),(80387,'2018-01-17 10:10:39','BATAINDIA',98618,718.65),(80388,'2018-01-17 10:10:39','COALINDIA',969344,292.45),(80389,'2018-01-17 10:10:48','COALINDIA',971022,292.55),(80390,'2018-01-17 10:10:48','BATAINDIA',98643,719.15),(80391,'2018-01-17 10:10:48','AMBUJACEM',316160,277.1),(80392,'2018-01-17 10:10:58','COALINDIA',973635,292.4),(80393,'2018-01-17 10:10:59','AMBUJACEM',317492,276.85),(80394,'2018-01-17 10:11:08','COALINDIA',976645,292.5),(80395,'2018-01-17 10:11:10','BATAINDIA',98800,718.65),(80396,'2018-01-17 10:11:10','AMBUJACEM',319059,276.65),(80397,'2018-01-17 10:11:18','COALINDIA',977261,292.45),(80398,'2018-01-17 10:11:20','AMBUJACEM',319208,276.5),(80399,'2018-01-17 10:11:21','BATAINDIA',99145,718.6),(80400,'2018-01-17 10:11:30','AMBUJACEM',320058,276.35),(80401,'2018-01-17 10:11:31','COALINDIA',978370,292.3),(80402,'2018-01-17 10:11:31','BATAINDIA',99171,718.65),(80403,'2018-01-17 10:11:41','COALINDIA',987126,292.25),(80404,'2018-01-17 10:11:41','AMBUJACEM',321100,276.2),(80405,'2018-01-17 10:11:43','BATAINDIA',99186,718.8),(80406,'2018-01-17 10:11:51','COALINDIA',988490,292.3),(80407,'2018-01-17 10:11:52','AMBUJACEM',321113,276.2),(80408,'2018-01-17 10:11:56','BATAINDIA',99236,718.75),(80409,'2018-01-17 10:12:02','AMBUJACEM',321495,276.3),(80410,'2018-01-17 10:12:02','COALINDIA',996993,291.8),(80411,'2018-01-17 10:12:07','COALINDIA',998061,291.9),(80412,'2018-01-17 10:12:07','AMBUJACEM',322273,276.2),(80413,'2018-01-17 10:12:09','BATAINDIA',99237,718.9),(80414,'2018-01-17 10:12:12','COALINDIA',998352,291.8),(80415,'2018-01-17 10:12:13','AMBUJACEM',323298,276.2),(80416,'2018-01-17 10:12:19','COALINDIA',999538,292),(80417,'2018-01-17 10:12:20','AMBUJACEM',324070,275.95),(80418,'2018-01-17 10:12:23','COALINDIA',999544,291.9),(80419,'2018-01-17 10:12:24','AMBUJACEM',324350,276),(80420,'2018-01-17 10:12:32','BATAINDIA',99382,719.5),(80421,'2018-01-17 10:12:32','AMBUJACEM',328441,276.2),(80422,'2018-01-17 10:12:32','COALINDIA',1001112,292),(80423,'2018-01-17 10:12:41','COALINDIA',1002127,291.95),(80424,'2018-01-17 10:12:41','AMBUJACEM',329145,276.25),(80425,'2018-01-17 10:12:52','AMBUJACEM',329311,276.25),(80426,'2018-01-17 10:12:52','COALINDIA',1004728,291.85),(80427,'2018-01-17 10:12:53','BATAINDIA',99582,719.05),(80428,'2018-01-17 10:13:03','COALINDIA',1006003,291.65),(80429,'2018-01-17 10:13:04','BATAINDIA',99838,719.1),(80430,'2018-01-17 10:13:05','AMBUJACEM',329346,276.2),(80431,'2018-01-17 10:13:14','COALINDIA',1007312,291.6),(80432,'2018-01-17 10:13:15','BATAINDIA',99839,719.05),(80433,'2018-01-17 10:13:15','AMBUJACEM',329682,276.2),(80434,'2018-01-17 10:13:25','BATAINDIA',100162,719.25),(80435,'2018-01-17 10:13:25','AMBUJACEM',329710,276.1),(80436,'2018-01-17 10:13:26','COALINDIA',1009192,291.5),(80437,'2018-01-17 10:13:35','AMBUJACEM',330865,275.85),(80438,'2018-01-17 10:13:37','COALINDIA',1011826,291.4),(80439,'2018-01-17 10:13:47','COALINDIA',1013826,291.55),(80440,'2018-01-17 10:13:47','BATAINDIA',100719,719.35),(80441,'2018-01-17 10:13:48','AMBUJACEM',330910,275.85),(80442,'2018-01-17 10:13:57','AMBUJACEM',332734,275.75),(80443,'2018-01-17 10:13:57','COALINDIA',1015104,291.6),(80444,'2018-01-17 10:13:57','BATAINDIA',100868,719.3),(80445,'2018-01-17 10:14:06','COALINDIA',1016042,291.6),(80446,'2018-01-17 10:14:06','AMBUJACEM',332843,275.55),(80447,'2018-01-17 10:14:06','BATAINDIA',100928,719.1),(80448,'2018-01-17 10:14:07','AMBUJACEM',332861,275.55),(80449,'2018-01-17 10:14:09','COALINDIA',1016396,291.6),(80450,'2018-01-17 10:14:17','BATAINDIA',100967,719),(80451,'2018-01-17 10:14:18','AMBUJACEM',333431,275.45),(80452,'2018-01-17 10:14:19','COALINDIA',1017523,291.35),(80453,'2018-01-17 10:14:21','BATAINDIA',101068,719.1),(80454,'2018-01-17 10:14:26','COALINDIA',1017939,291.35),(80455,'2018-01-17 10:14:28','AMBUJACEM',333642,275.45),(80456,'2018-01-17 10:14:28','BATAINDIA',101069,719.35),(80457,'2018-01-17 10:14:29','AMBUJACEM',333653,275.55),(80458,'2018-01-17 10:14:32','COALINDIA',1018320,291.25),(80459,'2018-01-17 10:14:39','AMBUJACEM',334116,275.65),(80460,'2018-01-17 10:14:40','COALINDIA',1018760,291.2),(80461,'2018-01-17 10:14:40','BATAINDIA',101070,718.95),(80462,'2018-01-17 10:14:50','BATAINDIA',101570,719.45),(80463,'2018-01-17 10:14:51','COALINDIA',1020888,291.3),(80464,'2018-01-17 10:14:51','AMBUJACEM',334583,275.8),(80465,'2018-01-17 10:15:00','COALINDIA',1021552,291.2),(80466,'2018-01-17 10:15:00','AMBUJACEM',334743,275.5),(80467,'2018-01-17 10:15:01','BATAINDIA',101620,719.35),(80468,'2018-01-17 10:15:11','AMBUJACEM',334785,275.7),(80469,'2018-01-17 10:15:12','BATAINDIA',101703,719.5),(80470,'2018-01-17 10:15:13','COALINDIA',1024303,291.45),(80471,'2018-01-17 10:15:21','AMBUJACEM',337473,275.95),(80472,'2018-01-17 10:15:22','COALINDIA',1024658,291.35),(80473,'2018-01-17 10:15:22','BATAINDIA',102853,719.3),(80474,'2018-01-17 10:15:30','COALINDIA',1025249,291.35),(80475,'2018-01-17 10:15:31','AMBUJACEM',337482,275.85),(80476,'2018-01-17 10:15:34','BATAINDIA',102855,719.35),(80477,'2018-01-17 10:15:42','AMBUJACEM',337510,275.9),(80478,'2018-01-17 10:15:42','BATAINDIA',103919,720.3),(80479,'2018-01-17 10:15:42','COALINDIA',1025356,291.35),(80480,'2018-01-17 10:15:56','COALINDIA',1027238,291.5),(80481,'2018-01-17 10:15:59','BATAINDIA',103969,720.05),(80482,'2018-01-17 10:16:00','AMBUJACEM',337617,276),(80483,'2018-01-17 10:16:09','AMBUJACEM',337696,276),(80484,'2018-01-17 10:16:12','BATAINDIA',104191,720.9),(80485,'2018-01-17 10:16:12','COALINDIA',1033462,291.55),(80486,'2018-01-17 10:16:23','AMBUJACEM',338026,276),(80487,'2018-01-17 10:16:26','COALINDIA',1036777,291.8),(80488,'2018-01-17 10:16:26','BATAINDIA',104220,720.85),(80489,'2018-01-17 10:16:26','AMBUJACEM',339431,276.1),(80490,'2018-01-17 10:16:36','AMBUJACEM',340084,276.2),(80491,'2018-01-17 10:16:36','COALINDIA',1041405,291.95),(80492,'2018-01-17 10:16:39','COALINDIA',1041614,291.95),(80493,'2018-01-17 10:16:39','BATAINDIA',104322,720.5),(80494,'2018-01-17 10:16:51','COALINDIA',1044486,291.65),(80495,'2018-01-17 10:16:51','AMBUJACEM',342058,276.2),(80496,'2018-01-17 10:16:51','BATAINDIA',104466,720.45),(80497,'2018-01-17 10:17:03','AMBUJACEM',342200,276),(80498,'2018-01-17 10:17:03','COALINDIA',1046020,291.55),(80499,'2018-01-17 10:17:05','BATAINDIA',104499,720.05),(80500,'2018-01-17 10:17:13','AMBUJACEM',342716,276.15),(80501,'2018-01-17 10:17:13','BATAINDIA',104629,720.05),(80502,'2018-01-17 10:17:15','COALINDIA',1046932,291.7),(80503,'2018-01-17 10:17:24','COALINDIA',1049025,291.9),(80504,'2018-01-17 10:17:24','BATAINDIA',104642,720.4),(80505,'2018-01-17 10:17:25','AMBUJACEM',343614,276.4),(80506,'2018-01-17 10:17:36','AMBUJACEM',344236,276.45),(80507,'2018-01-17 10:17:37','BATAINDIA',104652,720.45),(80508,'2018-01-17 10:17:39','COALINDIA',1049664,292),(80509,'2018-01-17 10:17:48','AMBUJACEM',344666,276.5),(80510,'2018-01-17 10:17:49','COALINDIA',1050659,291.9),(80511,'2018-01-17 10:17:55','BATAINDIA',104664,720.6),(80512,'2018-01-17 10:17:58','AMBUJACEM',344835,276.65),(80513,'2018-01-17 10:17:59','COALINDIA',1051365,291.95),(80514,'2018-01-17 10:18:09','AMBUJACEM',344854,276.75),(80515,'2018-01-17 10:18:09','COALINDIA',1051581,292),(80516,'2018-01-17 10:18:11','AMBUJACEM',344927,276.6),(80517,'2018-01-17 10:18:21','COALINDIA',1052303,292),(80518,'2018-01-17 10:18:22','BATAINDIA',104678,720.4),(80519,'2018-01-17 10:18:23','AMBUJACEM',345006,276.75),(80520,'2018-01-17 10:18:34','AMBUJACEM',345152,276.75),(80521,'2018-01-17 10:18:34','COALINDIA',1054124,292),(80522,'2018-01-17 10:18:35','BATAINDIA',104728,720.2),(80523,'2018-01-17 10:18:46','COALINDIA',1055865,292),(80524,'2018-01-17 10:18:46','BATAINDIA',104943,720.6),(80525,'2018-01-17 10:18:48','AMBUJACEM',345418,276.75),(80526,'2018-01-17 10:18:58','COALINDIA',1058289,292.1),(80527,'2018-01-17 10:18:58','AMBUJACEM',345462,276.75),(80528,'2018-01-17 10:19:00','BATAINDIA',104968,720.9),(80529,'2018-01-17 10:19:10','COALINDIA',1058916,292.1),(80530,'2018-01-17 10:19:10','AMBUJACEM',345496,276.65),(80531,'2018-01-17 10:19:12','BATAINDIA',104995,720.9),(80532,'2018-01-17 10:19:20','COALINDIA',1059980,292.15),(80533,'2018-01-17 10:19:21','AMBUJACEM',345593,276.9),(80534,'2018-01-17 10:19:21','BATAINDIA',107512,722.2),(80535,'2018-01-17 10:19:32','AMBUJACEM',345665,276.85),(80536,'2018-01-17 10:19:32','COALINDIA',1062325,292.35),(80537,'2018-01-17 10:19:36','BATAINDIA',107629,721.95),(80538,'2018-01-17 10:19:44','AMBUJACEM',346314,276.75),(80539,'2018-01-17 10:19:44','BATAINDIA',107696,722),(80540,'2018-01-17 10:19:45','COALINDIA',1063139,292.45),(80541,'2018-01-17 10:19:56','COALINDIA',1068906,291.95),(80542,'2018-01-17 10:19:56','AMBUJACEM',346770,276.6),(80543,'2018-01-17 10:19:56','BATAINDIA',107713,721.95),(80544,'2018-01-17 10:20:07','COALINDIA',1070041,292),(80545,'2018-01-17 10:20:09','AMBUJACEM',347103,276.7),(80546,'2018-01-17 10:20:09','BATAINDIA',107782,722),(80547,'2018-01-17 10:20:09','AMBUJACEM',348624,276.55),(80548,'2018-01-17 10:20:11','BATAINDIA',107792,721.95),(80549,'2018-01-17 10:20:19','AMBUJACEM',349217,276.85),(80550,'2018-01-17 10:20:19','COALINDIA',1071357,291.85),(80551,'2018-01-17 10:20:21','AMBUJACEM',349307,276.85),(80552,'2018-01-17 10:20:22','COALINDIA',1071897,291.9),(80553,'2018-01-17 10:20:22','BATAINDIA',108035,722.1),(80554,'2018-01-17 10:20:30','AMBUJACEM',349318,276.85),(80555,'2018-01-17 10:20:30','COALINDIA',1072458,292.05),(80556,'2018-01-17 10:20:30','BATAINDIA',108242,722.3),(80557,'2018-01-17 10:20:32','COALINDIA',1072608,292),(80558,'2018-01-17 10:20:34','BATAINDIA',108243,722.2),(80559,'2018-01-17 10:20:40','COALINDIA',1072943,292.05),(80560,'2018-01-17 10:20:41','AMBUJACEM',349522,276.85),(80561,'2018-01-17 10:20:43','BATAINDIA',108261,722.3),(80562,'2018-01-17 10:20:46','AMBUJACEM',349523,276.85),(80563,'2018-01-17 10:20:52','COALINDIA',1073036,292),(80564,'2018-01-17 10:20:54','COALINDIA',1073667,292.15),(80565,'2018-01-17 10:20:57','BATAINDIA',108262,722.2),(80566,'2018-01-17 10:20:58','AMBUJACEM',349525,276.9),(80567,'2018-01-17 10:21:07','COALINDIA',1074207,292.1),(80568,'2018-01-17 10:21:09','AMBUJACEM',349591,276.9),(80569,'2018-01-17 10:21:13','BATAINDIA',108404,722.45),(80570,'2018-01-17 10:21:22','AMBUJACEM',349611,276.9),(80571,'2018-01-17 10:21:27','BATAINDIA',108418,722.45),(80572,'2018-01-17 10:21:32','COALINDIA',1075753,292.2),(80573,'2018-01-17 10:21:37','AMBUJACEM',351157,276.6),(80574,'2018-01-17 10:21:37','BATAINDIA',108429,722.3),(80575,'2018-01-17 10:21:40','COALINDIA',1077525,291.8),(80576,'2018-01-17 10:21:47','BATAINDIA',108455,722.05),(80577,'2018-01-17 10:21:47','AMBUJACEM',351223,276.55),(80578,'2018-01-17 10:21:50','COALINDIA',1079657,291.75),(80579,'2018-01-17 10:21:58','AMBUJACEM',351712,277.05),(80580,'2018-01-17 10:21:58','COALINDIA',1080762,291.9),(80581,'2018-01-17 10:22:02','BATAINDIA',108871,722.7),(80582,'2018-01-17 10:22:08','COALINDIA',1081178,292.2),(80583,'2018-01-17 10:22:13','BATAINDIA',108915,723.35),(80584,'2018-01-17 10:22:14','COALINDIA',1082140,292.15),(80585,'2018-01-17 10:22:14','AMBUJACEM',352008,276.7),(80586,'2018-01-17 10:22:21','AMBUJACEM',352053,276.6),(80587,'2018-01-17 10:22:23','COALINDIA',1083116,291.8),(80588,'2018-01-17 10:22:25','BATAINDIA',108997,723),(80589,'2018-01-17 10:22:35','BATAINDIA',109059,722.5),(80590,'2018-01-17 10:22:35','COALINDIA',1083781,292),(80591,'2018-01-17 10:22:38','AMBUJACEM',352055,276.5),(80592,'2018-01-17 10:22:42','COALINDIA',1085126,292),(80593,'2018-01-17 10:22:43','AMBUJACEM',352096,276.7),(80594,'2018-01-17 10:22:45','BATAINDIA',109096,722.5),(80595,'2018-01-17 10:22:52','COALINDIA',1086008,292),(80596,'2018-01-17 10:22:54','AMBUJACEM',352097,276.7),(80597,'2018-01-17 10:22:54','BATAINDIA',109152,722.7),(80598,'2018-01-17 10:23:01','COALINDIA',1087640,291.9),(80599,'2018-01-17 10:23:02','AMBUJACEM',352317,276.6),(80600,'2018-01-17 10:23:13','BATAINDIA',109602,722.3),(80601,'2018-01-17 10:23:13','AMBUJACEM',352885,276.6),(80602,'2018-01-17 10:23:14','COALINDIA',1090281,291.8),(80603,'2018-01-17 10:23:26','AMBUJACEM',352938,276.6),(80604,'2018-01-17 10:23:28','COALINDIA',1090745,291.7),(80605,'2018-01-17 10:23:29','BATAINDIA',109632,722.9),(80606,'2018-01-17 10:23:38','COALINDIA',1091098,291.65),(80607,'2018-01-17 10:23:39','AMBUJACEM',352966,276.6),(80608,'2018-01-17 10:23:49','BATAINDIA',109707,723),(80609,'2018-01-17 10:23:50','AMBUJACEM',352987,276.6),(80610,'2018-01-17 10:23:57','COALINDIA',1093435,291.8),(80611,'2018-01-17 10:24:05','BATAINDIA',109789,723.4),(80612,'2018-01-17 10:24:05','AMBUJACEM',352998,276.65),(80613,'2018-01-17 10:24:05','COALINDIA',1094850,291.85),(80614,'2018-01-17 10:24:07','AMBUJACEM',353044,276.8),(80615,'2018-01-17 10:24:09','COALINDIA',1095169,291.85),(80616,'2018-01-17 10:24:10','BATAINDIA',109793,723.35),(80617,'2018-01-17 10:24:15','AMBUJACEM',353068,276.65),(80618,'2018-01-17 10:24:15','COALINDIA',1096069,291.95),(80619,'2018-01-17 10:24:20','AMBUJACEM',353094,276.65),(80620,'2018-01-17 10:24:20','COALINDIA',1096420,291.95),(80621,'2018-01-17 10:24:21','BATAINDIA',109807,723.35),(80622,'2018-01-17 10:24:23','COALINDIA',1096816,292),(80623,'2018-01-17 10:24:24','AMBUJACEM',353095,276.85),(80624,'2018-01-17 10:24:28','BATAINDIA',109830,723.25),(80625,'2018-01-17 10:24:30','COALINDIA',1096846,292),(80626,'2018-01-17 10:24:31','BATAINDIA',109918,723.5),(80627,'2018-01-17 10:24:31','AMBUJACEM',353154,276.65),(80628,'2018-01-17 10:24:34','COALINDIA',1096971,292),(80629,'2018-01-17 10:24:41','COALINDIA',1097881,292),(80630,'2018-01-17 10:24:41','AMBUJACEM',353219,276.7),(80631,'2018-01-17 10:24:44','BATAINDIA',110068,723.85),(80632,'2018-01-17 10:24:52','COALINDIA',1098762,292),(80633,'2018-01-17 10:24:52','AMBUJACEM',353251,276.7),(80634,'2018-01-17 10:24:53','BATAINDIA',110116,723.85),(80635,'2018-01-17 10:25:02','AMBUJACEM',353484,276.6),(80636,'2018-01-17 10:25:03','BATAINDIA',110149,723.85),(80637,'2018-01-17 10:25:04','COALINDIA',1100636,292),(80638,'2018-01-17 10:25:12','AMBUJACEM',353505,276.6),(80639,'2018-01-17 10:25:13','BATAINDIA',111239,724.4),(80640,'2018-01-17 10:25:14','COALINDIA',1101037,292),(80641,'2018-01-17 10:25:25','BATAINDIA',111435,724.45),(80642,'2018-01-17 10:25:27','COALINDIA',1105100,292.15),(80643,'2018-01-17 10:25:37','AMBUJACEM',353506,276.6),(80644,'2018-01-17 10:25:37','BATAINDIA',111542,724.5),(80645,'2018-01-17 10:25:41','COALINDIA',1107684,292.15),(80646,'2018-01-17 10:25:50','AMBUJACEM',353526,276.6),(80647,'2018-01-17 10:25:51','BATAINDIA',112051,724.8),(80648,'2018-01-17 10:25:52','COALINDIA',1108400,292),(80649,'2018-01-17 10:26:00','AMBUJACEM',353591,276.6),(80650,'2018-01-17 10:26:00','BATAINDIA',112059,724.75),(80651,'2018-01-17 10:26:04','COALINDIA',1109430,292.2),(80652,'2018-01-17 10:26:09','COALINDIA',1109935,292.15),(80653,'2018-01-17 10:26:10','AMBUJACEM',353661,276.6),(80654,'2018-01-17 10:26:15','COALINDIA',1110055,292.15),(80655,'2018-01-17 10:26:17','BATAINDIA',112425,724.35),(80656,'2018-01-17 10:26:19','BATAINDIA',112538,724.05),(80657,'2018-01-17 10:26:19','COALINDIA',1114140,291.7),(80658,'2018-01-17 10:26:20','COALINDIA',1114170,291.8),(80659,'2018-01-17 10:26:21','AMBUJACEM',353981,276.5),(80660,'2018-01-17 10:26:30','AMBUJACEM',354109,276.5),(80661,'2018-01-17 10:26:30','BATAINDIA',112588,724),(80662,'2018-01-17 10:26:33','COALINDIA',1116659,291.8),(80663,'2018-01-17 10:26:45','COALINDIA',1117776,291.75),(80664,'2018-01-17 10:26:45','AMBUJACEM',355120,276.25),(80665,'2018-01-17 10:26:47','BATAINDIA',112688,724),(80666,'2018-01-17 10:26:53','COALINDIA',1119400,291.85),(80667,'2018-01-17 10:26:56','AMBUJACEM',355148,276.45),(80668,'2018-01-17 10:26:58','BATAINDIA',112750,724),(80669,'2018-01-17 10:27:08','COALINDIA',1120255,291.75),(80670,'2018-01-17 10:27:09','AMBUJACEM',355193,276.4),(80671,'2018-01-17 10:27:12','BATAINDIA',112880,723.5),(80672,'2018-01-17 10:27:20','AMBUJACEM',355296,276.25),(80673,'2018-01-17 10:27:21','COALINDIA',1120760,291.85),(80674,'2018-01-17 10:27:21','BATAINDIA',113272,723.05),(80675,'2018-01-17 10:27:33','COALINDIA',1121323,291.9),(80676,'2018-01-17 10:27:34','BATAINDIA',113773,722.75),(80677,'2018-01-17 10:27:44','AMBUJACEM',355716,276.2),(80678,'2018-01-17 10:27:44','BATAINDIA',113885,723.4),(80679,'2018-01-17 10:27:47','COALINDIA',1121566,291.8),(80680,'2018-01-17 10:27:55','COALINDIA',1122838,292.1),(80681,'2018-01-17 10:27:55','BATAINDIA',113990,723.05),(80682,'2018-01-17 10:27:56','AMBUJACEM',355838,276.2),(80683,'2018-01-17 10:28:08','AMBUJACEM',355886,276.2),(80684,'2018-01-17 10:28:08','BATAINDIA',113992,723.45),(80685,'2018-01-17 10:28:09','COALINDIA',1123597,292.2),(80686,'2018-01-17 10:28:09','COALINDIA',1123697,292.1),(80687,'2018-01-17 10:28:22','AMBUJACEM',355887,276.2),(80688,'2018-01-17 10:28:22','COALINDIA',1125440,292.2),(80689,'2018-01-17 10:28:23','BATAINDIA',114005,723.45),(80690,'2018-01-17 10:28:33','AMBUJACEM',355938,276.3),(80691,'2018-01-17 10:28:36','COALINDIA',1126456,292.3),(80692,'2018-01-17 10:28:43','COALINDIA',1131307,292.3),(80693,'2018-01-17 10:28:44','AMBUJACEM',355958,276.3),(80694,'2018-01-17 10:28:44','COALINDIA',1132577,292.35),(80695,'2018-01-17 10:28:45','AMBUJACEM',356009,276.5),(80696,'2018-01-17 10:28:49','BATAINDIA',114038,723.4),(80697,'2018-01-17 10:28:56','COALINDIA',1132965,292.35),(80698,'2018-01-17 10:28:56','AMBUJACEM',356065,276.55),(80699,'2018-01-17 10:29:08','COALINDIA',1133328,292.45),(80700,'2018-01-17 10:29:09','AMBUJACEM',357272,276.4),(80701,'2018-01-17 10:29:09','BATAINDIA',114068,723.1),(80702,'2018-01-17 10:29:21','AMBUJACEM',357383,276.7),(80703,'2018-01-17 10:29:22','COALINDIA',1134213,292.45),(80704,'2018-01-17 10:29:22','BATAINDIA',114132,723.1),(80705,'2018-01-17 10:29:31','BATAINDIA',114141,723),(80706,'2018-01-17 10:29:31','AMBUJACEM',357541,276.45),(80707,'2018-01-17 10:29:32','COALINDIA',1134428,292.45),(80708,'2018-01-17 10:29:42','COALINDIA',1136955,292.45),(80709,'2018-01-17 10:29:42','AMBUJACEM',357617,276.55),(80710,'2018-01-17 10:29:42','BATAINDIA',114242,723),(80711,'2018-01-17 10:29:54','COALINDIA',1143320,292.4),(80712,'2018-01-17 10:29:56','AMBUJACEM',357680,276.65),(80713,'2018-01-17 10:29:56','BATAINDIA',114274,723.05),(80714,'2018-01-17 10:30:06','COALINDIA',1160822,292.75),(80715,'2018-01-17 10:30:07','BATAINDIA',114324,722.5),(80716,'2018-01-17 10:30:07','AMBUJACEM',357712,276.6),(80717,'2018-01-17 10:30:09','COALINDIA',1160825,292.75),(80718,'2018-01-17 10:30:11','AMBUJACEM',357731,276.6),(80719,'2018-01-17 10:30:17','COALINDIA',1161124,292.75),(80720,'2018-01-17 10:30:19','AMBUJACEM',357879,276.7),(80721,'2018-01-17 10:30:19','AMBUJACEM',357913,276.75),(80722,'2018-01-17 10:30:19','BATAINDIA',114340,723),(80723,'2018-01-17 10:30:20','COALINDIA',1161709,292.8),(80724,'2018-01-17 10:30:21','BATAINDIA',114432,723.05),(80725,'2018-01-17 10:30:28','COALINDIA',1162961,292.75),(80726,'2018-01-17 10:30:28','AMBUJACEM',358019,276.7),(80727,'2018-01-17 10:30:32','AMBUJACEM',358052,276.7),(80728,'2018-01-17 10:30:39','AMBUJACEM',358103,276.85),(80729,'2018-01-17 10:30:40','COALINDIA',1177852,293.2),(80730,'2018-01-17 10:30:41','BATAINDIA',114582,723),(80731,'2018-01-17 10:30:42','BATAINDIA',114594,723.2),(80732,'2018-01-17 10:30:43','AMBUJACEM',358135,276.7),(80733,'2018-01-17 10:30:43','COALINDIA',1178103,293.3),(80734,'2018-01-17 10:30:54','AMBUJACEM',358268,276.7),(80735,'2018-01-17 10:30:54','BATAINDIA',114694,722.65),(80736,'2018-01-17 10:30:55','COALINDIA',1182653,293.3),(80737,'2018-01-17 10:31:04','AMBUJACEM',358440,276.9),(80738,'2018-01-17 10:31:05','BATAINDIA',115006,723.25),(80739,'2018-01-17 10:31:06','COALINDIA',1184084,293.3),(80740,'2018-01-17 10:31:16','AMBUJACEM',358592,276.85),(80741,'2018-01-17 10:31:16','BATAINDIA',115019,723.35),(80742,'2018-01-17 10:31:16','COALINDIA',1186689,293.35),(80743,'2018-01-17 10:31:26','COALINDIA',1190989,293.3),(80744,'2018-01-17 10:31:27','BATAINDIA',115103,723),(80745,'2018-01-17 10:31:27','AMBUJACEM',358795,276.6),(80746,'2018-01-17 10:31:37','AMBUJACEM',359595,276.65),(80747,'2018-01-17 10:31:37','BATAINDIA',115153,723),(80748,'2018-01-17 10:31:37','COALINDIA',1194451,293.5),(80749,'2018-01-17 10:31:47','AMBUJACEM',359626,276.5),(80750,'2018-01-17 10:31:47','BATAINDIA',115441,722.75),(80751,'2018-01-17 10:31:52','COALINDIA',1197161,293.4),(80752,'2018-01-17 10:31:58','BATAINDIA',115545,723),(80753,'2018-01-17 10:31:58','COALINDIA',1201021,293.7),(80754,'2018-01-17 10:31:59','AMBUJACEM',359660,276.5),(80755,'2018-01-17 10:32:07','COALINDIA',1204679,293.75),(80756,'2018-01-17 10:32:08','BATAINDIA',115550,723.1),(80757,'2018-01-17 10:32:09','AMBUJACEM',359715,276.55),(80758,'2018-01-17 10:32:20','BATAINDIA',115563,723.25),(80759,'2018-01-17 10:32:20','AMBUJACEM',359810,276.5),(80760,'2018-01-17 10:32:22','COALINDIA',1208749,293.95),(80761,'2018-01-17 10:32:30','AMBUJACEM',360760,276.6),(80762,'2018-01-17 10:32:30','COALINDIA',1225391,294.4),(80763,'2018-01-17 10:32:31','BATAINDIA',115913,723.55),(80764,'2018-01-17 10:32:41','AMBUJACEM',360868,276.65),(80765,'2018-01-17 10:32:42','COALINDIA',1229008,294.4),(80766,'2018-01-17 10:32:52','COALINDIA',1236778,294.35),(80767,'2018-01-17 10:32:52','AMBUJACEM',360902,276.75),(80768,'2018-01-17 10:32:54','BATAINDIA',115925,723.65),(80769,'2018-01-17 10:33:02','COALINDIA',1239853,294.45),(80770,'2018-01-17 10:33:03','AMBUJACEM',360938,276.7),(80771,'2018-01-17 10:33:15','AMBUJACEM',361048,276.8),(80772,'2018-01-17 10:33:15','COALINDIA',1242031,294.4),(80773,'2018-01-17 10:33:16','BATAINDIA',115939,723.45),(80774,'2018-01-17 10:33:24','COALINDIA',1245127,294.5),(80775,'2018-01-17 10:33:25','AMBUJACEM',361085,276.65),(80776,'2018-01-17 10:33:33','AMBUJACEM',361118,276.7),(80777,'2018-01-17 10:33:34','BATAINDIA',115949,723.45),(80778,'2018-01-17 10:33:34','COALINDIA',1247135,294.5),(80779,'2018-01-17 10:33:45','AMBUJACEM',361275,276.7),(80780,'2018-01-17 10:33:45','COALINDIA',1250907,294.5),(80781,'2018-01-17 10:33:48','BATAINDIA',115961,723.45),(80782,'2018-01-17 10:33:57','AMBUJACEM',362128,276.6),(80783,'2018-01-17 10:33:57','COALINDIA',1253933,294.3),(80784,'2018-01-17 10:34:06','AMBUJACEM',362165,276.7),(80785,'2018-01-17 10:34:08','COALINDIA',1256783,293.85),(80786,'2018-01-17 10:34:08','AMBUJACEM',362409,276.6),(80787,'2018-01-17 10:34:09','COALINDIA',1258155,293.8),(80788,'2018-01-17 10:34:11','BATAINDIA',117061,722.25),(80789,'2018-01-17 10:34:18','AMBUJACEM',363652,276.65),(80790,'2018-01-17 10:34:19','COALINDIA',1258664,293.8),(80791,'2018-01-17 10:34:20','BATAINDIA',117103,723),(80792,'2018-01-17 10:34:26','COALINDIA',1260696,293.75),(80793,'2018-01-17 10:34:27','AMBUJACEM',363698,276.65),(80794,'2018-01-17 10:34:28','BATAINDIA',117108,723),(80795,'2018-01-17 10:34:37','COALINDIA',1262311,294),(80796,'2018-01-17 10:34:37','AMBUJACEM',363764,276.65),(80797,'2018-01-17 10:34:46','BATAINDIA',117156,723),(80798,'2018-01-17 10:34:47','AMBUJACEM',363855,276.65),(80799,'2018-01-17 10:34:48','COALINDIA',1263402,294),(80800,'2018-01-17 10:34:58','AMBUJACEM',364130,276.5),(80801,'2018-01-17 10:34:59','COALINDIA',1267438,293.95),(80802,'2018-01-17 10:35:08','AMBUJACEM',364222,276.55),(80803,'2018-01-17 10:35:08','BATAINDIA',117211,722.85),(80804,'2018-01-17 10:35:09','COALINDIA',1268455,293.8),(80805,'2018-01-17 10:35:19','AMBUJACEM',364377,276.55),(80806,'2018-01-17 10:35:20','BATAINDIA',117274,722.85),(80807,'2018-01-17 10:35:20','COALINDIA',1268880,293.85),(80808,'2018-01-17 10:35:30','AMBUJACEM',364442,276.5),(80809,'2018-01-17 10:35:31','COALINDIA',1271174,293.9),(80810,'2018-01-17 10:35:31','BATAINDIA',117295,722.9),(80811,'2018-01-17 10:35:40','COALINDIA',1279587,293.9),(80812,'2018-01-17 10:35:42','AMBUJACEM',364536,276.5),(80813,'2018-01-17 10:35:53','COALINDIA',1281145,293.85),(80814,'2018-01-17 10:35:54','AMBUJACEM',364598,276.4),(80815,'2018-01-17 10:35:55','BATAINDIA',117307,722.9),(80816,'2018-01-17 10:36:06','COALINDIA',1282119,293.9),(80817,'2018-01-17 10:36:06','AMBUJACEM',364687,276.5),(80818,'2018-01-17 10:36:08','AMBUJACEM',364692,276.4),(80819,'2018-01-17 10:36:10','AMBUJACEM',364716,276.45),(80820,'2018-01-17 10:36:17','COALINDIA',1282216,293.95),(80821,'2018-01-17 10:36:19','AMBUJACEM',365349,276.4),(80822,'2018-01-17 10:36:20','COALINDIA',1284183,293.85),(80823,'2018-01-17 10:36:20','COALINDIA',1284545,293.85),(80824,'2018-01-17 10:36:21','BATAINDIA',117322,722.9),(80825,'2018-01-17 10:36:33','AMBUJACEM',365398,276.35),(80826,'2018-01-17 10:36:35','AMBUJACEM',365450,276.35),(80827,'2018-01-17 10:36:37','COALINDIA',1285272,293.95),(80828,'2018-01-17 10:36:46','AMBUJACEM',365969,276.3),(80829,'2018-01-17 10:36:46','COALINDIA',1291966,293.95),(80830,'2018-01-17 10:36:47','BATAINDIA',117794,722.7),(80831,'2018-01-17 10:36:58','AMBUJACEM',367087,276.35),(80832,'2018-01-17 10:37:00','COALINDIA',1293064,294.15),(80833,'2018-01-17 10:37:01','BATAINDIA',117855,722.35),(80834,'2018-01-17 10:37:12','AMBUJACEM',367721,276.4),(80835,'2018-01-17 10:37:15','COALINDIA',1294380,294.15),(80836,'2018-01-17 10:37:24','COALINDIA',1295702,294.2),(80837,'2018-01-17 10:37:25','BATAINDIA',117919,722.8),(80838,'2018-01-17 10:37:26','AMBUJACEM',368361,276.25),(80839,'2018-01-17 10:37:35','AMBUJACEM',371475,276.55),(80840,'2018-01-17 10:37:35','COALINDIA',1297802,294.2),(80841,'2018-01-17 10:37:47','COALINDIA',1298932,294.4),(80842,'2018-01-17 10:37:48','AMBUJACEM',371613,276.35),(80843,'2018-01-17 10:37:48','BATAINDIA',118027,722.25),(80844,'2018-01-17 10:37:59','COALINDIA',1301708,294.4),(80845,'2018-01-17 10:37:59','AMBUJACEM',372427,276.65),(80846,'2018-01-17 10:38:00','BATAINDIA',118532,722.65),(80847,'2018-01-17 10:38:09','AMBUJACEM',372521,276.65),(80848,'2018-01-17 10:38:09','COALINDIA',1302372,294.4),(80849,'2018-01-17 10:38:11','COALINDIA',1303796,294.4),(80850,'2018-01-17 10:38:12','AMBUJACEM',372571,276.55),(80851,'2018-01-17 10:38:12','BATAINDIA',118567,722.75),(80852,'2018-01-17 10:38:19','BATAINDIA',118833,723.45),(80853,'2018-01-17 10:38:20','AMBUJACEM',372765,276.75),(80854,'2018-01-17 10:38:20','COALINDIA',1305038,294.45),(80855,'2018-01-17 10:38:25','COALINDIA',1306112,294.5),(80856,'2018-01-17 10:38:26','AMBUJACEM',372768,276.65),(80857,'2018-01-17 10:38:26','BATAINDIA',118930,723.45),(80858,'2018-01-17 10:38:30','AMBUJACEM',372798,276.65),(80859,'2018-01-17 10:38:30','COALINDIA',1306349,294.45),(80860,'2018-01-17 10:38:34','BATAINDIA',121805,725),(80861,'2018-01-17 10:38:36','COALINDIA',1306733,294.4),(80862,'2018-01-17 10:38:38','AMBUJACEM',372819,276.7),(80863,'2018-01-17 10:38:43','COALINDIA',1307254,294.45),(80864,'2018-01-17 10:38:45','AMBUJACEM',373101,276.35),(80865,'2018-01-17 10:38:46','BATAINDIA',122031,724.7),(80866,'2018-01-17 10:38:51','AMBUJACEM',373104,276.35),(80867,'2018-01-17 10:38:51','COALINDIA',1312809,294.45),(80868,'2018-01-17 10:38:56','AMBUJACEM',373132,276.35),(80869,'2018-01-17 10:38:58','COALINDIA',1314642,294.45),(80870,'2018-01-17 10:39:09','AMBUJACEM',373251,276.4),(80871,'2018-01-17 10:39:11','COALINDIA',1317699,294.45),(80872,'2018-01-17 10:39:11','BATAINDIA',122047,724.5),(80873,'2018-01-17 10:39:22','AMBUJACEM',373538,276.5),(80874,'2018-01-17 10:39:22','COALINDIA',1318778,294.45),(80875,'2018-01-17 10:39:27','BATAINDIA',122112,724.5),(80876,'2018-01-17 10:39:33','COALINDIA',1321491,294.5),(80877,'2018-01-17 10:39:36','BATAINDIA',124012,725.5),(80878,'2018-01-17 10:39:38','AMBUJACEM',373607,276.5),(80879,'2018-01-17 10:39:45','COALINDIA',1327990,294.45),(80880,'2018-01-17 10:39:46','AMBUJACEM',373734,276.5),(80881,'2018-01-17 10:39:48','BATAINDIA',130966,727.6),(80882,'2018-01-17 10:39:58','COALINDIA',1329718,294.45),(80883,'2018-01-17 10:39:59','BATAINDIA',133043,728.55),(80884,'2018-01-17 10:40:00','AMBUJACEM',373787,276.55),(80885,'2018-01-17 10:40:09','BATAINDIA',133534,728.65),(80886,'2018-01-17 10:40:09','AMBUJACEM',373867,276.45),(80887,'2018-01-17 10:40:10','COALINDIA',1330252,294.5),(80888,'2018-01-17 10:40:13','BATAINDIA',133609,729),(80889,'2018-01-17 10:40:13','AMBUJACEM',373926,276.45),(80890,'2018-01-17 10:40:14','COALINDIA',1330502,294.5),(80891,'2018-01-17 10:40:22','AMBUJACEM',373987,276.45),(80892,'2018-01-17 10:40:23','BATAINDIA',134981,730.5),(80893,'2018-01-17 10:40:23','COALINDIA',1330802,294.45),(80894,'2018-01-17 10:40:25','AMBUJACEM',374004,276.45),(80895,'2018-01-17 10:40:25','COALINDIA',1331213,294.5),(80896,'2018-01-17 10:40:25','BATAINDIA',135829,731.15),(80897,'2018-01-17 10:40:34','COALINDIA',1332227,294.5),(80898,'2018-01-17 10:40:35','BATAINDIA',136598,731.45),(80899,'2018-01-17 10:40:35','AMBUJACEM',374050,276.45),(80900,'2018-01-17 10:40:37','BATAINDIA',137243,731.55),(80901,'2018-01-17 10:40:38','COALINDIA',1332731,294.45),(80902,'2018-01-17 10:40:47','BATAINDIA',137853,731.55),(80903,'2018-01-17 10:40:47','AMBUJACEM',374145,276.45),(80904,'2018-01-17 10:40:48','COALINDIA',1333923,294.45),(80905,'2018-01-17 10:40:49','BATAINDIA',138271,731.3),(80906,'2018-01-17 10:40:49','AMBUJACEM',374146,276.45),(80907,'2018-01-17 10:40:59','AMBUJACEM',374177,276.45),(80908,'2018-01-17 10:41:00','COALINDIA',1334129,294.45),(80909,'2018-01-17 10:41:02','BATAINDIA',138606,730.75),(80910,'2018-01-17 10:41:16','AMBUJACEM',374260,276.45),(80911,'2018-01-17 10:41:16','COALINDIA',1337321,294.45),(80912,'2018-01-17 10:41:18','BATAINDIA',139870,731),(80913,'2018-01-17 10:41:33','AMBUJACEM',374542,276.55),(80914,'2018-01-17 10:41:36','COALINDIA',1338843,294.4),(80915,'2018-01-17 10:41:37','BATAINDIA',140632,730.05),(80916,'2018-01-17 10:41:45','COALINDIA',1339966,294.5),(80917,'2018-01-17 10:41:46','BATAINDIA',141006,729.5),(80918,'2018-01-17 10:41:47','AMBUJACEM',375087,276.45),(80919,'2018-01-17 10:42:02','COALINDIA',1341806,294.4),(80920,'2018-01-17 10:42:03','AMBUJACEM',375154,276.45),(80921,'2018-01-17 10:42:04','BATAINDIA',141220,729.15),(80922,'2018-01-17 10:42:10','AMBUJACEM',376193,276.35),(80923,'2018-01-17 10:42:10','COALINDIA',1343101,294.5),(80924,'2018-01-17 10:42:13','BATAINDIA',141394,729.05),(80925,'2018-01-17 10:42:13','BATAINDIA',141447,729),(80926,'2018-01-17 10:42:21','AMBUJACEM',376228,276.2),(80927,'2018-01-17 10:42:22','BATAINDIA',142065,728.05),(80928,'2018-01-17 10:42:22','COALINDIA',1343141,294.4),(80929,'2018-01-17 10:42:30','COALINDIA',1345437,294.15),(80930,'2018-01-17 10:42:30','AMBUJACEM',376299,276.25),(80931,'2018-01-17 10:42:31','BATAINDIA',142459,728.15),(80932,'2018-01-17 10:42:37','COALINDIA',1345867,294.2),(80933,'2018-01-17 10:42:37','BATAINDIA',142481,728.1),(80934,'2018-01-17 10:42:38','AMBUJACEM',376344,276.2),(80935,'2018-01-17 10:42:45','COALINDIA',1347133,294.25),(80936,'2018-01-17 10:42:45','BATAINDIA',142594,728.85),(80937,'2018-01-17 10:42:46','AMBUJACEM',376402,276.2),(80938,'2018-01-17 10:42:52','AMBUJACEM',376437,276.2),(80939,'2018-01-17 10:42:52','COALINDIA',1347244,294.2),(80940,'2018-01-17 10:43:01','COALINDIA',1350166,294.1),(80941,'2018-01-17 10:43:02','BATAINDIA',142733,728.35),(80942,'2018-01-17 10:43:02','AMBUJACEM',376771,276.4),(80943,'2018-01-17 10:43:07','BATAINDIA',143151,728.25),(80944,'2018-01-17 10:43:08','AMBUJACEM',377982,276.05),(80945,'2018-01-17 10:43:08','COALINDIA',1351208,294),(80946,'2018-01-17 10:43:16','AMBUJACEM',378669,276.05),(80947,'2018-01-17 10:43:17','COALINDIA',1351500,293.9),(80948,'2018-01-17 10:43:18','BATAINDIA',143579,727.7),(80949,'2018-01-17 10:43:20','AMBUJACEM',379080,276.2),(80950,'2018-01-17 10:43:20','BATAINDIA',143717,727.7),(80951,'2018-01-17 10:43:20','COALINDIA',1351857,293.9),(80952,'2018-01-17 10:43:28','COALINDIA',1353314,293.95),(80953,'2018-01-17 10:43:29','BATAINDIA',144360,727.65),(80954,'2018-01-17 10:43:30','AMBUJACEM',379119,276.05),(80955,'2018-01-17 10:43:39','COALINDIA',1354009,293.8),(80956,'2018-01-17 10:43:40','BATAINDIA',145206,727.5),(80957,'2018-01-17 10:43:42','AMBUJACEM',379230,276.05),(80958,'2018-01-17 10:43:55','AMBUJACEM',379259,276),(80959,'2018-01-17 10:43:56','COALINDIA',1357059,293.65),(80960,'2018-01-17 10:43:58','BATAINDIA',146798,727),(80961,'2018-01-17 10:44:05','COALINDIA',1357767,293.5),(80962,'2018-01-17 10:44:05','BATAINDIA',147404,726.3),(80963,'2018-01-17 10:44:06','AMBUJACEM',379543,276.05),(80964,'2018-01-17 10:44:08','AMBUJACEM',379562,276.05),(80965,'2018-01-17 10:44:10','COALINDIA',1358017,293.5),(80966,'2018-01-17 10:44:15','COALINDIA',1358368,293.55),(80967,'2018-01-17 10:44:16','AMBUJACEM',379659,276.05),(80968,'2018-01-17 10:44:17','BATAINDIA',147417,726.6),(80969,'2018-01-17 10:44:18','AMBUJACEM',379670,276.05),(80970,'2018-01-17 10:44:18','COALINDIA',1358768,293.5),(80971,'2018-01-17 10:44:20','BATAINDIA',147437,726.25),(80972,'2018-01-17 10:44:27','AMBUJACEM',379690,276.05),(80973,'2018-01-17 10:44:27','BATAINDIA',147683,726.45),(80974,'2018-01-17 10:44:28','COALINDIA',1359315,293.5),(80975,'2018-01-17 10:44:37','COALINDIA',1360699,293.5),(80976,'2018-01-17 10:44:38','COALINDIA',1361499,293.5),(80977,'2018-01-17 10:44:38','BATAINDIA',147986,726.15),(80978,'2018-01-17 10:44:39','AMBUJACEM',380203,276.1),(80979,'2018-01-17 10:44:50','COALINDIA',1361908,293.55),(80980,'2018-01-17 10:44:50','AMBUJACEM',380489,276.1),(80981,'2018-01-17 10:44:50','BATAINDIA',148086,726.3),(80982,'2018-01-17 10:45:01','COALINDIA',1362457,293.6),(80983,'2018-01-17 10:45:02','AMBUJACEM',380586,276.15),(80984,'2018-01-17 10:45:05','BATAINDIA',148626,726.6),(80985,'2018-01-17 10:45:12','AMBUJACEM',380783,276.2),(80986,'2018-01-17 10:45:13','COALINDIA',1364726,293.6),(80987,'2018-01-17 10:45:14','BATAINDIA',149213,726.5),(80988,'2018-01-17 10:45:23','COALINDIA',1366227,293.5),(80989,'2018-01-17 10:45:23','AMBUJACEM',381089,276.1),(80990,'2018-01-17 10:45:24','BATAINDIA',149794,727),(80991,'2018-01-17 10:45:34','COALINDIA',1366893,293.65),(80992,'2018-01-17 10:45:36','BATAINDIA',149998,727.45),(80993,'2018-01-17 10:45:37','AMBUJACEM',381142,276.1),(80994,'2018-01-17 10:45:46','COALINDIA',1367403,293.6),(80995,'2018-01-17 10:45:47','AMBUJACEM',381270,276.2),(80996,'2018-01-17 10:45:47','BATAINDIA',150453,727.8),(80997,'2018-01-17 10:45:57','AMBUJACEM',381305,276.25),(80998,'2018-01-17 10:45:59','COALINDIA',1368085,293.6),(80999,'2018-01-17 10:46:02','BATAINDIA',150536,727.25),(81000,'2018-01-17 10:46:07','AMBUJACEM',381507,276.2),(81001,'2018-01-17 10:46:08','COALINDIA',1368709,293.55),(81002,'2018-01-17 10:46:09','COALINDIA',1369094,293.55),(81003,'2018-01-17 10:46:10','AMBUJACEM',381554,276.2),(81004,'2018-01-17 10:46:12','BATAINDIA',150971,726.8),(81005,'2018-01-17 10:46:18','AMBUJACEM',381586,276.2),(81006,'2018-01-17 10:46:19','COALINDIA',1369294,293.55),(81007,'2018-01-17 10:46:27','COALINDIA',1371448,293.5),(81008,'2018-01-17 10:46:28','AMBUJACEM',382785,276.05),(81009,'2018-01-17 10:46:29','BATAINDIA',151097,727.05),(81010,'2018-01-17 10:46:39','COALINDIA',1371891,293.5),(81011,'2018-01-17 10:46:39','AMBUJACEM',383937,275.95),(81012,'2018-01-17 10:46:39','BATAINDIA',151197,727),(81013,'2018-01-17 10:46:52','AMBUJACEM',383995,275.75),(81014,'2018-01-17 10:46:52','COALINDIA',1372838,293.55),(81015,'2018-01-17 10:46:52','BATAINDIA',151230,727.55),(81016,'2018-01-17 10:47:01','COALINDIA',1373090,293.5),(81017,'2018-01-17 10:47:01','AMBUJACEM',384065,275.8),(81018,'2018-01-17 10:47:02','BATAINDIA',151255,727.55),(81019,'2018-01-17 10:47:11','AMBUJACEM',384140,275.9),(81020,'2018-01-17 10:47:12','BATAINDIA',151515,727.55),(81021,'2018-01-17 10:47:13','COALINDIA',1375858,293.55),(81022,'2018-01-17 10:47:22','AMBUJACEM',384203,276),(81023,'2018-01-17 10:47:22','COALINDIA',1377004,293.55),(81024,'2018-01-17 10:47:23','BATAINDIA',151643,727.55),(81025,'2018-01-17 10:47:32','AMBUJACEM',384234,276),(81026,'2018-01-17 10:47:34','BATAINDIA',151742,727.2),(81027,'2018-01-17 10:47:35','COALINDIA',1379159,293.5),(81028,'2018-01-17 10:47:41','COALINDIA',1380085,293.55),(81029,'2018-01-17 10:47:43','AMBUJACEM',384286,276),(81030,'2018-01-17 10:47:44','BATAINDIA',152357,727.7),(81031,'2018-01-17 10:47:52','AMBUJACEM',384378,276),(81032,'2018-01-17 10:47:52','BATAINDIA',152538,727.7),(81033,'2018-01-17 10:47:55','COALINDIA',1380792,293.5),(81034,'2018-01-17 10:48:02','AMBUJACEM',385029,275.95),(81035,'2018-01-17 10:48:04','BATAINDIA',152588,727.7),(81036,'2018-01-17 10:48:06','COALINDIA',1381577,293.45),(81037,'2018-01-17 10:48:08','AMBUJACEM',386072,275.8),(81038,'2018-01-17 10:48:09','BATAINDIA',153088,728.5),(81039,'2018-01-17 10:48:14','AMBUJACEM',386442,275.7),(81040,'2018-01-17 10:48:14','COALINDIA',1381632,293.35),(81041,'2018-01-17 10:48:18','AMBUJACEM',386647,275.55),(81042,'2018-01-17 10:48:20','COALINDIA',1381682,293.4),(81043,'2018-01-17 10:48:21','BATAINDIA',153089,728.15),(81044,'2018-01-17 10:48:23','AMBUJACEM',386728,275.6),(81045,'2018-01-17 10:48:24','COALINDIA',1384204,293.25),(81046,'2018-01-17 10:48:27','BATAINDIA',153200,728.5),(81047,'2018-01-17 10:48:28','COALINDIA',1384205,293.3),(81048,'2018-01-17 10:48:30','AMBUJACEM',386762,275.55),(81049,'2018-01-17 10:48:35','BATAINDIA',153329,728.5),(81050,'2018-01-17 10:48:40','COALINDIA',1386162,293.3),(81051,'2018-01-17 10:48:40','AMBUJACEM',387402,275.5),(81052,'2018-01-17 10:48:49','COALINDIA',1386922,293.3),(81053,'2018-01-17 10:48:49','AMBUJACEM',389795,275.35),(81054,'2018-01-17 10:49:01','COALINDIA',1391622,293),(81055,'2018-01-17 10:49:02','AMBUJACEM',390029,275.25),(81056,'2018-01-17 10:49:02','BATAINDIA',153357,728.25),(81057,'2018-01-17 10:49:16','AMBUJACEM',391003,275.25),(81058,'2018-01-17 10:49:17','COALINDIA',1393741,293.05),(81059,'2018-01-17 10:49:18','BATAINDIA',153609,728.05),(81060,'2018-01-17 10:49:25','COALINDIA',1394912,293.05),(81061,'2018-01-17 10:49:26','AMBUJACEM',391368,275.2),(81062,'2018-01-17 10:49:27','BATAINDIA',153734,728.1),(81063,'2018-01-17 10:49:36','AMBUJACEM',393033,275.3),(81064,'2018-01-17 10:49:36','BATAINDIA',154209,728.15),(81065,'2018-01-17 10:49:36','COALINDIA',1395610,293.1),(81066,'2018-01-17 10:49:46','AMBUJACEM',393344,275.2),(81067,'2018-01-17 10:49:48','BATAINDIA',154210,727.75),(81068,'2018-01-17 10:49:48','COALINDIA',1397364,293.05),(81069,'2018-01-17 10:49:56','BATAINDIA',154228,727.8),(81070,'2018-01-17 10:49:56','AMBUJACEM',393486,275.2),(81071,'2018-01-17 10:49:56','COALINDIA',1397922,293.15),(81072,'2018-01-17 10:50:07','BATAINDIA',154278,727.75),(81073,'2018-01-17 10:50:07','AMBUJACEM',393536,275.35),(81074,'2018-01-17 10:50:08','COALINDIA',1399026,293.1),(81075,'2018-01-17 10:50:16','COALINDIA',1400400,293.15),(81076,'2018-01-17 10:50:17','AMBUJACEM',393700,275.45),(81077,'2018-01-17 10:50:18','BATAINDIA',154279,728),(81078,'2018-01-17 10:50:26','COALINDIA',1402002,293.15),(81079,'2018-01-17 10:50:27','AMBUJACEM',393762,275.4),(81080,'2018-01-17 10:50:28','BATAINDIA',154285,727.75),(81081,'2018-01-17 10:50:38','AMBUJACEM',393921,275.4),(81082,'2018-01-17 10:50:40','COALINDIA',1403641,293.3),(81083,'2018-01-17 10:50:51','COALINDIA',1403922,293.3),(81084,'2018-01-17 10:50:51','AMBUJACEM',394384,275.25),(81085,'2018-01-17 10:50:52','BATAINDIA',156013,727.15),(81086,'2018-01-17 10:50:58','COALINDIA',1404975,293.4),(81087,'2018-01-17 10:51:01','AMBUJACEM',394421,275.3),(81088,'2018-01-17 10:51:09','COALINDIA',1406153,293.35),(81089,'2018-01-17 10:51:10','AMBUJACEM',394472,275.3),(81090,'2018-01-17 10:51:11','BATAINDIA',156153,727.1),(81091,'2018-01-17 10:51:23','AMBUJACEM',394736,275.25),(81092,'2018-01-17 10:51:25','COALINDIA',1407214,293.55),(81093,'2018-01-17 10:51:34','COALINDIA',1407955,293.7),(81094,'2018-01-17 10:51:35','AMBUJACEM',394818,275.3),(81095,'2018-01-17 10:51:36','BATAINDIA',156163,727.2),(81096,'2018-01-17 10:51:46','COALINDIA',1410478,294),(81097,'2018-01-17 10:51:46','AMBUJACEM',395481,275.25),(81098,'2018-01-17 10:51:58','COALINDIA',1414983,294.35),(81099,'2018-01-17 10:51:59','AMBUJACEM',395739,275.25),(81100,'2018-01-17 10:52:07','AMBUJACEM',395922,275.3),(81101,'2018-01-17 10:52:08','COALINDIA',1416062,294.15),(81102,'2018-01-17 10:52:12','COALINDIA',1416613,294.3),(81103,'2018-01-17 10:52:13','AMBUJACEM',395925,275.2),(81104,'2018-01-17 10:52:22','BATAINDIA',156388,727.7),(81105,'2018-01-17 10:52:24','COALINDIA',1417183,294.35),(81106,'2018-01-17 10:52:25','AMBUJACEM',396187,275.2),(81107,'2018-01-17 10:52:27','COALINDIA',1417381,294.45),(81108,'2018-01-17 10:52:28','BATAINDIA',156413,728),(81109,'2018-01-17 10:52:29','AMBUJACEM',396238,275.2),(81110,'2018-01-17 10:52:33','COALINDIA',1418156,294.45),(81111,'2018-01-17 10:52:33','AMBUJACEM',396241,275.2),(81112,'2018-01-17 10:52:38','AMBUJACEM',396292,275.2),(81113,'2018-01-17 10:52:41','BATAINDIA',156489,728.2),(81114,'2018-01-17 10:52:41','COALINDIA',1419580,294.5),(81115,'2018-01-17 10:52:43','COALINDIA',1420009,294.4),(81116,'2018-01-17 10:52:44','AMBUJACEM',396821,275.2),(81117,'2018-01-17 10:52:56','BATAINDIA',156509,728),(81118,'2018-01-17 10:52:56','AMBUJACEM',396941,275.2),(81119,'2018-01-17 10:52:57','COALINDIA',1421545,294.35),(81120,'2018-01-17 10:53:07','COALINDIA',1422074,294.4),(81121,'2018-01-17 10:53:08','BATAINDIA',156605,727.75),(81122,'2018-01-17 10:53:09','AMBUJACEM',397233,275.25),(81123,'2018-01-17 10:53:19','AMBUJACEM',400046,275),(81124,'2018-01-17 10:53:22','COALINDIA',1422908,294.4),(81125,'2018-01-17 10:53:30','AMBUJACEM',401483,275.05),(81126,'2018-01-17 10:53:31','COALINDIA',1423748,294.5),(81127,'2018-01-17 10:53:33','BATAINDIA',156620,728),(81128,'2018-01-17 10:53:40','AMBUJACEM',402782,275),(81129,'2018-01-17 10:53:40','COALINDIA',1424990,294.3),(81130,'2018-01-17 10:53:52','COALINDIA',1425556,294.3),(81131,'2018-01-17 10:53:53','AMBUJACEM',404880,275),(81132,'2018-01-17 10:53:53','BATAINDIA',156765,727.3),(81133,'2018-01-17 10:54:02','BATAINDIA',156785,727.85),(81134,'2018-01-17 10:54:03','AMBUJACEM',405335,275.05),(81135,'2018-01-17 10:54:03','COALINDIA',1426196,294.3),(81136,'2018-01-17 10:54:09','COALINDIA',1426645,294.4),(81137,'2018-01-17 10:54:09','AMBUJACEM',405562,275.1),(81138,'2018-01-17 10:54:15','COALINDIA',1426950,294.3),(81139,'2018-01-17 10:54:16','AMBUJACEM',405566,275.1),(81140,'2018-01-17 10:54:17','BATAINDIA',156855,728),(81141,'2018-01-17 10:54:21','COALINDIA',1427073,294.4),(81142,'2018-01-17 10:54:21','AMBUJACEM',405600,275.05),(81143,'2018-01-17 10:54:27','AMBUJACEM',405697,275),(81144,'2018-01-17 10:54:28','BATAINDIA',156923,727.65),(81145,'2018-01-17 10:54:30','COALINDIA',1428405,294.25),(81146,'2018-01-17 10:54:31','AMBUJACEM',405704,275),(81147,'2018-01-17 10:54:32','COALINDIA',1428485,294.3),(81148,'2018-01-17 10:54:32','BATAINDIA',157160,728),(81149,'2018-01-17 10:54:36','COALINDIA',1430000,294.35),(81150,'2018-01-17 10:54:37','AMBUJACEM',406385,275),(81151,'2018-01-17 10:54:37','BATAINDIA',157443,728),(81152,'2018-01-17 10:54:40','BATAINDIA',158154,727.75),(81153,'2018-01-17 10:54:40','AMBUJACEM',406406,275),(81154,'2018-01-17 10:54:51','COALINDIA',1431494,294.2),(81155,'2018-01-17 10:54:51','AMBUJACEM',406466,275),(81156,'2018-01-17 10:54:51','BATAINDIA',158156,727.75),(81157,'2018-01-17 10:55:03','AMBUJACEM',406595,275),(81158,'2018-01-17 10:55:04','BATAINDIA',158236,727.8),(81159,'2018-01-17 10:55:04','COALINDIA',1432699,294.25),(81160,'2018-01-17 10:55:14','COALINDIA',1432996,294.25),(81161,'2018-01-17 10:55:14','AMBUJACEM',407814,275),(81162,'2018-01-17 10:55:23','COALINDIA',1433547,294.25),(81163,'2018-01-17 10:55:24','AMBUJACEM',407878,275),(81164,'2018-01-17 10:55:33','AMBUJACEM',408022,275),(81165,'2018-01-17 10:55:34','BATAINDIA',158243,727.8),(81166,'2018-01-17 10:55:34','COALINDIA',1433902,294.35),(81167,'2018-01-17 10:55:44','BATAINDIA',158293,727.9),(81168,'2018-01-17 10:55:44','COALINDIA',1436835,294.35),(81169,'2018-01-17 10:55:45','AMBUJACEM',408099,275.05),(81170,'2018-01-17 10:55:52','AMBUJACEM',408150,275),(81171,'2018-01-17 10:55:52','BATAINDIA',158318,727.4),(81172,'2018-01-17 10:55:53','COALINDIA',1437280,294.25),(81173,'2018-01-17 10:56:04','COALINDIA',1437979,294.25),(81174,'2018-01-17 10:56:05','BATAINDIA',158366,727.2),(81175,'2018-01-17 10:56:06','AMBUJACEM',408317,275.05),(81176,'2018-01-17 10:56:07','AMBUJACEM',408335,275.05),(81177,'2018-01-17 10:56:15','BATAINDIA',158367,727.2),(81178,'2018-01-17 10:56:15','AMBUJACEM',408444,275.05),(81179,'2018-01-17 10:56:15','COALINDIA',1438430,294.35),(81180,'2018-01-17 10:56:24','COALINDIA',1441430,294.1),(81181,'2018-01-17 10:56:25','BATAINDIA',158378,727.7),(81182,'2018-01-17 10:56:26','AMBUJACEM',408532,275.25),(81183,'2018-01-17 10:56:27','COALINDIA',1441451,294.25),(81184,'2018-01-17 10:56:28','AMBUJACEM',408652,275.25),(81185,'2018-01-17 10:56:38','COALINDIA',1443094,294.05),(81186,'2018-01-17 10:56:38','AMBUJACEM',408719,275.1),(81187,'2018-01-17 10:56:40','BATAINDIA',158389,727.2),(81188,'2018-01-17 10:56:50','COALINDIA',1444121,294.1),(81189,'2018-01-17 10:56:51','AMBUJACEM',410045,275.2),(81190,'2018-01-17 10:56:52','BATAINDIA',158409,727.4),(81191,'2018-01-17 10:57:01','COALINDIA',1445813,294),(81192,'2018-01-17 10:57:02','AMBUJACEM',410192,275.3),(81193,'2018-01-17 10:57:02','BATAINDIA',158559,727.4),(81194,'2018-01-17 10:57:12','COALINDIA',1446037,294.05),(81195,'2018-01-17 10:57:13','AMBUJACEM',410275,275.3),(81196,'2018-01-17 10:57:14','BATAINDIA',158989,727.1),(81197,'2018-01-17 10:57:22','COALINDIA',1447034,294.1),(81198,'2018-01-17 10:57:23','BATAINDIA',159049,727.1),(81199,'2018-01-17 10:57:23','AMBUJACEM',410458,275.2),(81200,'2018-01-17 10:57:35','BATAINDIA',159054,727.6),(81201,'2018-01-17 10:57:35','AMBUJACEM',410545,275.2),(81202,'2018-01-17 10:57:35','COALINDIA',1448028,293.75),(81203,'2018-01-17 10:57:45','COALINDIA',1450096,293.95),(81204,'2018-01-17 10:57:45','AMBUJACEM',410638,275.2),(81205,'2018-01-17 10:57:56','COALINDIA',1450457,294.05),(81206,'2018-01-17 10:57:57','AMBUJACEM',410670,275.25),(81207,'2018-01-17 10:58:04','AMBUJACEM',410701,275.25),(81208,'2018-01-17 10:58:07','COALINDIA',1450857,294.05),(81209,'2018-01-17 10:58:07','AMBUJACEM',410749,275.3),(81210,'2018-01-17 10:58:09','COALINDIA',1450937,294.05),(81211,'2018-01-17 10:58:15','AMBUJACEM',410785,275.25),(81212,'2018-01-17 10:58:17','COALINDIA',1452936,293.8),(81213,'2018-01-17 10:58:17','BATAINDIA',159057,727.3),(81214,'2018-01-17 10:58:18','AMBUJACEM',410813,275.25),(81215,'2018-01-17 10:58:18','BATAINDIA',159157,727.6),(81216,'2018-01-17 10:58:20','COALINDIA',1453636,293.8),(81217,'2018-01-17 10:58:25','AMBUJACEM',410847,275.25),(81218,'2018-01-17 10:58:27','COALINDIA',1453732,293.9),(81219,'2018-01-17 10:58:28','COALINDIA',1453874,293.9),(81220,'2018-01-17 10:58:37','COALINDIA',1455488,294),(81221,'2018-01-17 10:58:38','AMBUJACEM',411088,275.2),(81222,'2018-01-17 10:58:38','BATAINDIA',159167,727.55),(81223,'2018-01-17 10:58:48','COALINDIA',1456176,294.05),(81224,'2018-01-17 10:58:49','AMBUJACEM',411120,275.2),(81225,'2018-01-17 10:58:51','BATAINDIA',159382,727.6),(81226,'2018-01-17 10:58:59','COALINDIA',1458567,294.05),(81227,'2018-01-17 10:58:59','AMBUJACEM',412417,275.05),(81228,'2018-01-17 10:59:01','BATAINDIA',159386,727.7),(81229,'2018-01-17 10:59:09','AMBUJACEM',412470,275.05),(81230,'2018-01-17 10:59:09','BATAINDIA',159556,727.7),(81231,'2018-01-17 10:59:12','COALINDIA',1458928,294),(81232,'2018-01-17 10:59:22','AMBUJACEM',412557,275.05),(81233,'2018-01-17 10:59:22','COALINDIA',1460909,293.8),(81234,'2018-01-17 10:59:33','AMBUJACEM',412619,275.2),(81235,'2018-01-17 10:59:34','COALINDIA',1461260,293.8),(81236,'2018-01-17 10:59:43','AMBUJACEM',412644,275.05),(81237,'2018-01-17 10:59:44','COALINDIA',1462506,293.7),(81238,'2018-01-17 10:59:53','COALINDIA',1464354,293.7),(81239,'2018-01-17 10:59:54','BATAINDIA',159657,727.75),(81240,'2018-01-17 10:59:55','AMBUJACEM',412706,275.05),(81241,'2018-01-17 11:00:02','AMBUJACEM',413240,275.15),(81242,'2018-01-17 11:00:08','AMBUJACEM',413293,275.2),(81243,'2018-01-17 11:00:10','COALINDIA',1465830,293.8),(81244,'2018-01-17 11:00:14','AMBUJACEM',414110,275.2),(81245,'2018-01-17 11:00:15','COALINDIA',1466036,293.8),(81246,'2018-01-17 11:00:18','BATAINDIA',159732,727.1),(81247,'2018-01-17 11:00:19','COALINDIA',1469721,294),(81248,'2018-01-17 11:00:24','AMBUJACEM',414188,275.1),(81249,'2018-01-17 11:00:25','COALINDIA',1469722,294),(81250,'2018-01-17 11:00:29','AMBUJACEM',414230,275.05),(81251,'2018-01-17 11:00:30','COALINDIA',1470153,294.05),(81252,'2018-01-17 11:00:39','BATAINDIA',159832,727.35),(81253,'2018-01-17 11:00:40','COALINDIA',1471313,294.1),(81254,'2018-01-17 11:00:41','AMBUJACEM',414297,275.05),(81255,'2018-01-17 11:00:50','BATAINDIA',159867,727.05),(81256,'2018-01-17 11:00:50','COALINDIA',1473054,294.05),(81257,'2018-01-17 11:00:50','AMBUJACEM',414357,275.05),(81258,'2018-01-17 11:01:02','AMBUJACEM',414403,275.05),(81259,'2018-01-17 11:01:03','BATAINDIA',159918,727.3),(81260,'2018-01-17 11:01:05','COALINDIA',1475162,294.2),(81261,'2018-01-17 11:01:17','AMBUJACEM',414538,275.05),(81262,'2018-01-17 11:01:18','BATAINDIA',159923,727.6),(81263,'2018-01-17 11:01:18','COALINDIA',1475692,294.3),(81264,'2018-01-17 11:01:28','COALINDIA',1476376,294.25),(81265,'2018-01-17 11:01:28','AMBUJACEM',414570,275.1),(81266,'2018-01-17 11:01:30','BATAINDIA',159973,727.15),(81267,'2018-01-17 11:01:43','BATAINDIA',159983,727.05),(81268,'2018-01-17 11:01:43','AMBUJACEM',414654,275.1),(81269,'2018-01-17 11:01:44','COALINDIA',1477598,294.3),(81270,'2018-01-17 11:01:55','AMBUJACEM',414717,275.1),(81271,'2018-01-17 11:01:55','COALINDIA',1477723,294.25),(81272,'2018-01-17 11:01:57','BATAINDIA',160183,727.05),(81273,'2018-01-17 11:02:05','COALINDIA',1478623,294.3),(81274,'2018-01-17 11:02:08','AMBUJACEM',414768,275.1),(81275,'2018-01-17 11:02:10','AMBUJACEM',414770,275.1),(81276,'2018-01-17 11:02:11','COALINDIA',1478738,294.25),(81277,'2018-01-17 11:02:16','COALINDIA',1480038,294.3),(81278,'2018-01-17 11:02:18','AMBUJACEM',414834,275.1),(81279,'2018-01-17 11:02:28','COALINDIA',1481767,294.35),(81280,'2018-01-17 11:02:28','AMBUJACEM',414915,275.1),(81281,'2018-01-17 11:02:38','COALINDIA',1482318,294.35),(81282,'2018-01-17 11:02:38','AMBUJACEM',415005,275.1),(81283,'2018-01-17 11:02:40','BATAINDIA',160198,727.1),(81284,'2018-01-17 11:02:50','AMBUJACEM',415036,275.1),(81285,'2018-01-17 11:02:50','COALINDIA',1484564,294.5),(81286,'2018-01-17 11:03:01','AMBUJACEM',415258,275.1),(81287,'2018-01-17 11:03:01','COALINDIA',1485391,294.4),(81288,'2018-01-17 11:03:03','BATAINDIA',160268,727.1),(81289,'2018-01-17 11:03:11','COALINDIA',1485442,294.45),(81290,'2018-01-17 11:03:12','AMBUJACEM',415338,275.1),(81291,'2018-01-17 11:03:14','BATAINDIA',160318,727.1),(81292,'2018-01-17 11:03:22','BATAINDIA',160398,727),(81293,'2018-01-17 11:03:23','AMBUJACEM',415373,275.2),(81294,'2018-01-17 11:03:23','COALINDIA',1487114,294.4),(81295,'2018-01-17 11:03:33','AMBUJACEM',415404,275.2),(81296,'2018-01-17 11:03:34','BATAINDIA',160453,727),(81297,'2018-01-17 11:03:35','COALINDIA',1487725,294.4),(81298,'2018-01-17 11:03:45','COALINDIA',1490036,294.35),(81299,'2018-01-17 11:03:45','AMBUJACEM',415540,275.2),(81300,'2018-01-17 11:03:46','BATAINDIA',160488,727.15),(81301,'2018-01-17 11:03:57','BATAINDIA',162088,727.5),(81302,'2018-01-17 11:03:57','COALINDIA',1491911,294.35),(81303,'2018-01-17 11:03:57','AMBUJACEM',415541,275.2),(81304,'2018-01-17 11:04:07','AMBUJACEM',415635,275.2),(81305,'2018-01-17 11:04:07','BATAINDIA',162091,727.15),(81306,'2018-01-17 11:04:09','COALINDIA',1493744,294.3),(81307,'2018-01-17 11:04:10','AMBUJACEM',415702,275.2),(81308,'2018-01-17 11:04:17','COALINDIA',1494424,294.3),(81309,'2018-01-17 11:04:18','COALINDIA',1494572,294.3),(81310,'2018-01-17 11:04:19','AMBUJACEM',415814,275.2),(81311,'2018-01-17 11:04:19','BATAINDIA',162113,727.15),(81312,'2018-01-17 11:04:29','AMBUJACEM',415885,275.2),(81313,'2018-01-17 11:04:29','COALINDIA',1494604,294.25),(81314,'2018-01-17 11:04:31','BATAINDIA',162241,727),(81315,'2018-01-17 11:04:32','COALINDIA',1494955,294.25),(81316,'2018-01-17 11:04:32','AMBUJACEM',415913,275.25),(81317,'2018-01-17 11:04:39','COALINDIA',1495156,294.2),(81318,'2018-01-17 11:04:41','BATAINDIA',162250,727),(81319,'2018-01-17 11:04:41','AMBUJACEM',416499,275.25),(81320,'2018-01-17 11:04:50','COALINDIA',1496483,294.35),(81321,'2018-01-17 11:04:50','BATAINDIA',162280,726.9),(81322,'2018-01-17 11:04:52','AMBUJACEM',416683,275.45),(81323,'2018-01-17 11:05:01','COALINDIA',1496718,294.2),(81324,'2018-01-17 11:05:01','AMBUJACEM',416894,275.4),(81325,'2018-01-17 11:05:02','BATAINDIA',162290,727),(81326,'2018-01-17 11:05:11','COALINDIA',1497931,294.2),(81327,'2018-01-17 11:05:12','AMBUJACEM',418113,275.2),(81328,'2018-01-17 11:05:23','COALINDIA',1498811,294.2),(81329,'2018-01-17 11:05:23','AMBUJACEM',418231,275.3),(81330,'2018-01-17 11:05:26','BATAINDIA',162340,727.05),(81331,'2018-01-17 11:05:34','AMBUJACEM',418437,275.35),(81332,'2018-01-17 11:05:34','BATAINDIA',162556,727.15),(81333,'2018-01-17 11:05:35','COALINDIA',1499882,294.1),(81334,'2018-01-17 11:05:43','AMBUJACEM',418536,275.35),(81335,'2018-01-17 11:05:44','BATAINDIA',162829,727.05),(81336,'2018-01-17 11:05:48','COALINDIA',1501382,294.15),(81337,'2018-01-17 11:05:59','COALINDIA',1502293,294.1),(81338,'2018-01-17 11:06:01','BATAINDIA',162849,727.05),(81339,'2018-01-17 11:06:02','AMBUJACEM',418680,275.35),(81340,'2018-01-17 11:06:08','COALINDIA',1502806,294.15),(81341,'2018-01-17 11:06:09','AMBUJACEM',418715,275.35),(81342,'2018-01-17 11:06:09','AMBUJACEM',418753,275.3),(81343,'2018-01-17 11:06:13','COALINDIA',1503321,294.1),(81344,'2018-01-17 11:06:13','AMBUJACEM',418768,275.3),(81345,'2018-01-17 11:06:20','AMBUJACEM',418828,275.3),(81346,'2018-01-17 11:06:21','AMBUJACEM',418832,275.3),(81347,'2018-01-17 11:06:25','COALINDIA',1504196,294.15),(81348,'2018-01-17 11:06:35','COALINDIA',1505184,294.15),(81349,'2018-01-17 11:06:35','AMBUJACEM',418881,275.35),(81350,'2018-01-17 11:06:35','BATAINDIA',162864,727.65),(81351,'2018-01-17 11:06:36','AMBUJACEM',418893,275.3),(81352,'2018-01-17 11:06:46','AMBUJACEM',419533,275.4),(81353,'2018-01-17 11:06:48','BATAINDIA',162884,727.75),(81354,'2018-01-17 11:06:48','COALINDIA',1506336,294.25),(81355,'2018-01-17 11:07:00','BATAINDIA',163024,727.75),(81356,'2018-01-17 11:07:00','AMBUJACEM',419597,275.3),(81357,'2018-01-17 11:07:01','COALINDIA',1524225,294.15),(81358,'2018-01-17 11:07:14','COALINDIA',1525329,294.15),(81359,'2018-01-17 11:07:14','AMBUJACEM',419616,275.25),(81360,'2018-01-17 11:07:20','BATAINDIA',163032,727.75),(81361,'2018-01-17 11:07:23','BATAINDIA',163083,727.35),(81362,'2018-01-17 11:07:23','AMBUJACEM',419712,275.35),(81363,'2018-01-17 11:07:27','COALINDIA',1526763,294.1),(81364,'2018-01-17 11:07:36','COALINDIA',1526950,294.15),(81365,'2018-01-17 11:07:36','AMBUJACEM',419882,275.25),(81366,'2018-01-17 11:07:37','BATAINDIA',163153,727.75),(81367,'2018-01-17 11:07:43','COALINDIA',1527980,294.05),(81368,'2018-01-17 11:07:43','AMBUJACEM',421477,275.1),(81369,'2018-01-17 11:07:45','BATAINDIA',163303,727.5),(81370,'2018-01-17 11:07:55','COALINDIA',1530483,294.05),(81371,'2018-01-17 11:07:56','AMBUJACEM',431522,274.95),(81372,'2018-01-17 11:08:09','AMBUJACEM',431771,275),(81373,'2018-01-17 11:08:17','COALINDIA',1532663,294.05),(81374,'2018-01-17 11:08:18','AMBUJACEM',431846,274.95),(81375,'2018-01-17 11:08:19','AMBUJACEM',431849,275),(81376,'2018-01-17 11:08:19','COALINDIA',1533336,294.05),(81377,'2018-01-17 11:08:21','BATAINDIA',163482,727.5),(81378,'2018-01-17 11:08:29','COALINDIA',1535054,294.05),(81379,'2018-01-17 11:08:29','BATAINDIA',163492,727.5),(81380,'2018-01-17 11:08:30','AMBUJACEM',431887,274.9),(81381,'2018-01-17 11:08:41','BATAINDIA',163497,727.5),(81382,'2018-01-17 11:08:42','AMBUJACEM',431960,274.9),(81383,'2018-01-17 11:08:44','COALINDIA',1535718,294),(81384,'2018-01-17 11:08:53','BATAINDIA',164027,727.3),(81385,'2018-01-17 11:08:55','AMBUJACEM',432029,275.05),(81386,'2018-01-17 11:09:01','COALINDIA',1535756,294.1),(81387,'2018-01-17 11:09:04','COALINDIA',1536602,294.15),(81388,'2018-01-17 11:09:05','AMBUJACEM',432064,274.95),(81389,'2018-01-17 11:09:15','COALINDIA',1536767,294),(81390,'2018-01-17 11:09:15','AMBUJACEM',432204,274.95),(81391,'2018-01-17 11:09:26','COALINDIA',1538617,294.15),(81392,'2018-01-17 11:09:26','AMBUJACEM',432260,275),(81393,'2018-01-17 11:09:36','COALINDIA',1539434,294.15),(81394,'2018-01-17 11:09:37','AMBUJACEM',432361,275.05),(81395,'2018-01-17 11:09:48','AMBUJACEM',434183,274.9),(81396,'2018-01-17 11:09:49','COALINDIA',1539654,294.15),(81397,'2018-01-17 11:09:59','COALINDIA',1540342,294.15),(81398,'2018-01-17 11:10:01','BATAINDIA',164032,727.8),(81399,'2018-01-17 11:10:01','AMBUJACEM',434368,274.9),(81400,'2018-01-17 11:10:06','COALINDIA',1540834,294.15),(81401,'2018-01-17 11:10:07','AMBUJACEM',434378,274.95),(81402,'2018-01-17 11:10:08','BATAINDIA',164142,727.8),(81403,'2018-01-17 11:10:10','COALINDIA',1540884,294.35),(81404,'2018-01-17 11:10:11','AMBUJACEM',434407,275),(81405,'2018-01-17 11:10:16','COALINDIA',1541689,294.25),(81406,'2018-01-17 11:10:19','AMBUJACEM',434458,274.9),(81407,'2018-01-17 11:10:20','COALINDIA',1541700,294.3),(81408,'2018-01-17 11:10:29','AMBUJACEM',434784,274.95),(81409,'2018-01-17 11:10:31','COALINDIA',1542915,294.15),(81410,'2018-01-17 11:10:31','AMBUJACEM',434790,275),(81411,'2018-01-17 11:10:34','BATAINDIA',164143,727.35),(81412,'2018-01-17 11:10:39','BATAINDIA',164190,727.45),(81413,'2018-01-17 11:10:40','COALINDIA',1544104,294.25),(81414,'2018-01-17 11:10:40','AMBUJACEM',436687,274.85),(81415,'2018-01-17 11:10:50','COALINDIA',1545290,294.15),(81416,'2018-01-17 11:10:50','BATAINDIA',164192,727.1),(81417,'2018-01-17 11:10:51','AMBUJACEM',436839,274.8),(81418,'2018-01-17 11:11:02','COALINDIA',1545721,294.25),(81419,'2018-01-17 11:11:02','BATAINDIA',164292,727.55),(81420,'2018-01-17 11:11:02','AMBUJACEM',437038,274.8),(81421,'2018-01-17 11:11:14','COALINDIA',1546309,294.3),(81422,'2018-01-17 11:11:15','AMBUJACEM',437199,274.95),(81423,'2018-01-17 11:11:27','COALINDIA',1546477,294.3),(81424,'2018-01-17 11:11:28','AMBUJACEM',437238,274.95),(81425,'2018-01-17 11:11:28','BATAINDIA',164302,727.55),(81426,'2018-01-17 11:11:40','AMBUJACEM',437445,274.85),(81427,'2018-01-17 11:11:40','COALINDIA',1547466,294.3),(81428,'2018-01-17 11:11:41','BATAINDIA',164304,727.1),(81429,'2018-01-17 11:11:51','COALINDIA',1549031,294.25),(81430,'2018-01-17 11:11:53','AMBUJACEM',437611,274.9),(81431,'2018-01-17 11:11:54','BATAINDIA',164312,727.1),(81432,'2018-01-17 11:12:02','AMBUJACEM',438654,274.95),(81433,'2018-01-17 11:12:04','BATAINDIA',164372,727.1),(81434,'2018-01-17 11:12:04','COALINDIA',1549138,294.35),(81435,'2018-01-17 11:12:08','AMBUJACEM',438706,274.8),(81436,'2018-01-17 11:12:08','COALINDIA',1549514,294.35),(81437,'2018-01-17 11:12:15','COALINDIA',1550226,294.25),(81438,'2018-01-17 11:12:17','AMBUJACEM',439716,274.8),(81439,'2018-01-17 11:12:20','AMBUJACEM',439950,274.75),(81440,'2018-01-17 11:12:21','BATAINDIA',164397,727.35),(81441,'2018-01-17 11:12:22','COALINDIA',1550326,294.35),(81442,'2018-01-17 11:12:29','COALINDIA',1550998,294.35),(81443,'2018-01-17 11:12:30','AMBUJACEM',440009,274.9),(81444,'2018-01-17 11:12:30','BATAINDIA',164454,727.45),(81445,'2018-01-17 11:12:33','COALINDIA',1552362,294.45),(81446,'2018-01-17 11:12:34','AMBUJACEM',440015,274.95),(81447,'2018-01-17 11:12:38','AMBUJACEM',445938,274.65),(81448,'2018-01-17 11:12:39','COALINDIA',1552745,294.4),(81449,'2018-01-17 11:12:41','BATAINDIA',164459,727.45),(81450,'2018-01-17 11:12:46','AMBUJACEM',446156,274.75),(81451,'2018-01-17 11:12:46','BATAINDIA',164464,727.45),(81452,'2018-01-17 11:12:48','COALINDIA',1553489,294.5),(81453,'2018-01-17 11:12:57','COALINDIA',1553614,294.45),(81454,'2018-01-17 11:12:58','BATAINDIA',164467,727.45),(81455,'2018-01-17 11:12:58','AMBUJACEM',446165,274.6),(81456,'2018-01-17 11:13:09','AMBUJACEM',446350,274.7),(81457,'2018-01-17 11:13:09','BATAINDIA',164517,727.1),(81458,'2018-01-17 11:13:12','COALINDIA',1555507,294.5),(81459,'2018-01-17 11:13:21','COALINDIA',1555617,294.5),(81460,'2018-01-17 11:13:21','AMBUJACEM',446899,274.6),(81461,'2018-01-17 11:13:21','BATAINDIA',164518,727.45),(81462,'2018-01-17 11:13:33','AMBUJACEM',448096,274.65),(81463,'2018-01-17 11:13:33','COALINDIA',1558176,294.45),(81464,'2018-01-17 11:13:45','AMBUJACEM',448158,274.7),(81465,'2018-01-17 11:13:46','COALINDIA',1559929,294.5),(81466,'2018-01-17 11:13:46','BATAINDIA',164659,727.45),(81467,'2018-01-17 11:13:57','BATAINDIA',164809,727.25),(81468,'2018-01-17 11:13:57','COALINDIA',1560682,294.35),(81469,'2018-01-17 11:13:57','AMBUJACEM',448162,274.75),(81470,'2018-01-17 11:14:07','COALINDIA',1561064,294.45),(81471,'2018-01-17 11:14:08','AMBUJACEM',448165,274.75),(81472,'2018-01-17 11:14:08','BATAINDIA',164834,727.45),(81473,'2018-01-17 11:14:10','COALINDIA',1561067,294.4),(81474,'2018-01-17 11:14:22','COALINDIA',1561767,294.45),(81475,'2018-01-17 11:14:22','AMBUJACEM',448173,274.7),(81476,'2018-01-17 11:14:33','AMBUJACEM',448329,274.7),(81477,'2018-01-17 11:14:34','COALINDIA',1562150,294.4),(81478,'2018-01-17 11:14:36','BATAINDIA',165134,726.8),(81479,'2018-01-17 11:14:45','COALINDIA',1562712,294.4),(81480,'2018-01-17 11:14:46','BATAINDIA',166028,727.25),(81481,'2018-01-17 11:14:47','AMBUJACEM',448539,274.7),(81482,'2018-01-17 11:14:58','AMBUJACEM',448757,274.65),(81483,'2018-01-17 11:14:59','BATAINDIA',166328,726.6),(81484,'2018-01-17 11:15:02','COALINDIA',1565263,294.4),(81485,'2018-01-17 11:15:11','AMBUJACEM',448895,274.65),(81486,'2018-01-17 11:15:12','COALINDIA',1565391,294.35),(81487,'2018-01-17 11:15:13','BATAINDIA',166528,726.6),(81488,'2018-01-17 11:15:22','AMBUJACEM',449064,274.75),(81489,'2018-01-17 11:15:24','COALINDIA',1566306,294.45),(81490,'2018-01-17 11:15:26','BATAINDIA',166864,726.5),(81491,'2018-01-17 11:15:36','BATAINDIA',166865,726.75),(81492,'2018-01-17 11:15:36','COALINDIA',1567072,294.45),(81493,'2018-01-17 11:15:37','AMBUJACEM',449209,274.7),(81494,'2018-01-17 11:15:47','COALINDIA',1567438,294.45),(81495,'2018-01-17 11:15:48','AMBUJACEM',449264,274.7),(81496,'2018-01-17 11:15:48','BATAINDIA',167088,726.8),(81497,'2018-01-17 11:15:59','COALINDIA',1568160,294.45),(81498,'2018-01-17 11:16:00','AMBUJACEM',449265,274.7),(81499,'2018-01-17 11:16:02','BATAINDIA',167402,726.55),(81500,'2018-01-17 11:16:08','BATAINDIA',167602,726.1),(81501,'2018-01-17 11:16:09','COALINDIA',1568294,294.5),(81502,'2018-01-17 11:16:10','AMBUJACEM',449429,274.75),(81503,'2018-01-17 11:16:14','AMBUJACEM',449441,274.7),(81504,'2018-01-17 11:16:15','COALINDIA',1568665,294.5),(81505,'2018-01-17 11:16:21','BATAINDIA',167766,726),(81506,'2018-01-17 11:16:27','AMBUJACEM',449448,274.75),(81507,'2018-01-17 11:16:27','COALINDIA',1569356,294.45),(81508,'2018-01-17 11:16:28','BATAINDIA',169555,725.55),(81509,'2018-01-17 11:16:41','COALINDIA',1569857,294.45),(81510,'2018-01-17 11:16:42','AMBUJACEM',451506,274.55),(81511,'2018-01-17 11:16:49','BATAINDIA',169625,725.95),(81512,'2018-01-17 11:16:53','COALINDIA',1570762,294.45),(81513,'2018-01-17 11:16:56','BATAINDIA',169826,725.85),(81514,'2018-01-17 11:16:57','AMBUJACEM',455395,274.6),(81515,'2018-01-17 11:17:06','BATAINDIA',170926,726),(81516,'2018-01-17 11:17:07','COALINDIA',1571862,294.15),(81517,'2018-01-17 11:17:08','AMBUJACEM',455561,274.45),(81518,'2018-01-17 11:17:20','BATAINDIA',171146,726),(81519,'2018-01-17 11:17:21','AMBUJACEM',455598,274.45),(81520,'2018-01-17 11:17:22','COALINDIA',1572420,294.25),(81521,'2018-01-17 11:17:28','COALINDIA',1573079,294.35),(81522,'2018-01-17 11:17:30','AMBUJACEM',455933,274.6),(81523,'2018-01-17 11:17:45','COALINDIA',1573768,294.4),(81524,'2018-01-17 11:17:45','AMBUJACEM',457834,274.65),(81525,'2018-01-17 11:17:46','BATAINDIA',171826,726),(81526,'2018-01-17 11:17:58','AMBUJACEM',458264,274.6),(81527,'2018-01-17 11:17:58','BATAINDIA',171827,726),(81528,'2018-01-17 11:17:59','COALINDIA',1574820,294.35),(81529,'2018-01-17 11:18:09','COALINDIA',1575818,294.4),(81530,'2018-01-17 11:18:10','AMBUJACEM',458390,274.6),(81531,'2018-01-17 11:18:11','BATAINDIA',171979,726),(81532,'2018-01-17 11:18:23','AMBUJACEM',458396,274.55),(81533,'2018-01-17 11:18:25','AMBUJACEM',458401,274.55),(81534,'2018-01-17 11:18:25','COALINDIA',1576601,294.4),(81535,'2018-01-17 11:18:39','COALINDIA',1579609,294.15),(81536,'2018-01-17 11:18:39','AMBUJACEM',458404,274.55),(81537,'2018-01-17 11:18:49','COALINDIA',1580041,294.35),(81538,'2018-01-17 11:18:51','AMBUJACEM',459436,274.4),(81539,'2018-01-17 11:18:52','BATAINDIA',172084,726.2),(81540,'2018-01-17 11:18:54','AMBUJACEM',459439,274.4),(81541,'2018-01-17 11:19:06','COALINDIA',1580636,294.35),(81542,'2018-01-17 11:19:09','BATAINDIA',172138,726.55),(81543,'2018-01-17 11:19:10','AMBUJACEM',460082,274.45),(81544,'2018-01-17 11:19:21','COALINDIA',1580792,294.35),(81545,'2018-01-17 11:19:21','AMBUJACEM',460099,274.45),(81546,'2018-01-17 11:19:22','BATAINDIA',172144,726.3),(81547,'2018-01-17 11:19:35','AMBUJACEM',460102,274.45),(81548,'2018-01-17 11:19:36','COALINDIA',1581527,294.35),(81549,'2018-01-17 11:19:48','COALINDIA',1582495,294.35),(81550,'2018-01-17 11:19:48','AMBUJACEM',460324,274.45),(81551,'2018-01-17 11:20:00','AMBUJACEM',460450,274.45),(81552,'2018-01-17 11:20:00','COALINDIA',1582668,294.4),(81553,'2018-01-17 11:20:02','BATAINDIA',172274,726.15),(81554,'2018-01-17 11:20:10','COALINDIA',1583380,294.4),(81555,'2018-01-17 11:20:11','AMBUJACEM',460563,274.45),(81556,'2018-01-17 11:20:12','COALINDIA',1583614,294.35),(81557,'2018-01-17 11:20:23','COALINDIA',1584215,294.35),(81558,'2018-01-17 11:20:24','AMBUJACEM',460751,274.5),(81559,'2018-01-17 11:20:26','COALINDIA',1584304,294.4),(81560,'2018-01-17 11:20:26','AMBUJACEM',460761,274.45),(81561,'2018-01-17 11:20:35','AMBUJACEM',461922,274.65),(81562,'2018-01-17 11:20:37','COALINDIA',1585091,294.3),(81563,'2018-01-17 11:20:38','AMBUJACEM',461943,274.5),(81564,'2018-01-17 11:20:38','COALINDIA',1585121,294.35),(81565,'2018-01-17 11:20:39','BATAINDIA',172275,726.1),(81566,'2018-01-17 11:20:47','COALINDIA',1585823,294.3),(81567,'2018-01-17 11:20:47','AMBUJACEM',461956,274.5),(81568,'2018-01-17 11:20:59','COALINDIA',1586253,294.3),(81569,'2018-01-17 11:21:00','AMBUJACEM',462180,274.5),(81570,'2018-01-17 11:21:04','COALINDIA',1586324,294.3),(81571,'2018-01-17 11:21:12','COALINDIA',1586459,294.25),(81572,'2018-01-17 11:21:15','AMBUJACEM',462545,274.5),(81573,'2018-01-17 11:21:26','COALINDIA',1587379,294.3),(81574,'2018-01-17 11:21:28','AMBUJACEM',467866,274.35),(81575,'2018-01-17 11:21:40','AMBUJACEM',467881,274.35),(81576,'2018-01-17 11:21:40','COALINDIA',1588704,294.15),(81577,'2018-01-17 11:21:40','BATAINDIA',172278,726.35),(81578,'2018-01-17 11:21:51','AMBUJACEM',467883,274.35),(81579,'2018-01-17 11:21:52','BATAINDIA',172316,726.1),(81580,'2018-01-17 11:21:52','COALINDIA',1589305,294.25),(81581,'2018-01-17 11:22:02','COALINDIA',1590553,294.2),(81582,'2018-01-17 11:22:03','BATAINDIA',172361,726.35),(81583,'2018-01-17 11:22:09','AMBUJACEM',467890,274.35),(81584,'2018-01-17 11:22:11','COALINDIA',1591073,294.2),(81585,'2018-01-17 11:22:13','COALINDIA',1591074,294.2),(81586,'2018-01-17 11:22:20','AMBUJACEM',467917,274.5),(81587,'2018-01-17 11:22:20','COALINDIA',1591984,294.15),(81588,'2018-01-17 11:22:26','AMBUJACEM',467920,274.35),(81589,'2018-01-17 11:22:34','BATAINDIA',172371,726.6),(81590,'2018-01-17 11:22:34','COALINDIA',1593205,294.15),(81591,'2018-01-17 11:22:38','COALINDIA',1593445,294.15),(81592,'2018-01-17 11:22:39','AMBUJACEM',468203,274.45),(81593,'2018-01-17 11:22:43','AMBUJACEM',468212,274.45),(81594,'2018-01-17 11:22:44','COALINDIA',1593878,294.15),(81595,'2018-01-17 11:22:49','COALINDIA',1594143,294.2),(81596,'2018-01-17 11:22:50','AMBUJACEM',468213,274.45),(81597,'2018-01-17 11:22:50','BATAINDIA',172385,726.6),(81598,'2018-01-17 11:22:54','COALINDIA',1594494,294.2),(81599,'2018-01-17 11:23:07','BATAINDIA',172454,726.3),(81600,'2018-01-17 11:23:07','AMBUJACEM',468429,274.35),(81601,'2018-01-17 11:23:07','COALINDIA',1595872,294.2),(81602,'2018-01-17 11:23:18','COALINDIA',1597592,294.2),(81603,'2018-01-17 11:23:18','BATAINDIA',172509,726.4),(81604,'2018-01-17 11:23:19','AMBUJACEM',468790,274.35),(81605,'2018-01-17 11:23:27','COALINDIA',1597727,294.2),(81606,'2018-01-17 11:23:28','AMBUJACEM',469241,274.35),(81607,'2018-01-17 11:23:39','AMBUJACEM',469243,274.4),(81608,'2018-01-17 11:23:40','COALINDIA',1598205,294.2),(81609,'2018-01-17 11:23:48','COALINDIA',1599043,294.3),(81610,'2018-01-17 11:23:49','AMBUJACEM',469245,274.4),(81611,'2018-01-17 11:24:00','AMBUJACEM',469384,274.5),(81612,'2018-01-17 11:24:00','COALINDIA',1599424,294.25),(81613,'2018-01-17 11:24:08','AMBUJACEM',469387,274.35),(81614,'2018-01-17 11:24:08','COALINDIA',1599524,294.25),(81615,'2018-01-17 11:24:10','COALINDIA',1600350,294.25),(81616,'2018-01-17 11:24:13','BATAINDIA',172514,726),(81617,'2018-01-17 11:24:13','AMBUJACEM',469400,274.35),(81618,'2018-01-17 11:24:18','COALINDIA',1600395,294.2),(81619,'2018-01-17 11:24:20','BATAINDIA',172534,726.4),(81620,'2018-01-17 11:24:20','AMBUJACEM',469444,274.5),(81621,'2018-01-17 11:24:24','COALINDIA',1600396,294.25),(81622,'2018-01-17 11:24:30','COALINDIA',1600827,294.25),(81623,'2018-01-17 11:24:32','AMBUJACEM',469950,274.45),(81624,'2018-01-17 11:24:33','BATAINDIA',172590,726.45),(81625,'2018-01-17 11:24:33','COALINDIA',1600877,294.25),(81626,'2018-01-17 11:24:40','AMBUJACEM',469962,274.45),(81627,'2018-01-17 11:24:53','BATAINDIA',172594,726),(81628,'2018-01-17 11:24:53','AMBUJACEM',469980,274.4),(81629,'2018-01-17 11:24:55','COALINDIA',1601502,294.3),(81630,'2018-01-17 11:25:04','COALINDIA',1601603,294.2),(81631,'2018-01-17 11:25:05','AMBUJACEM',473025,274.2),(81632,'2018-01-17 11:25:16','AMBUJACEM',473666,274.3),(81633,'2018-01-17 11:25:16','BATAINDIA',172634,726.1),(81634,'2018-01-17 11:25:18','COALINDIA',1602900,294.2),(81635,'2018-01-17 11:25:28','AMBUJACEM',473669,274.45),(81636,'2018-01-17 11:25:29','COALINDIA',1606096,294.2),(81637,'2018-01-17 11:25:29','BATAINDIA',172640,726.6),(81638,'2018-01-17 11:25:37','COALINDIA',1608244,294.15),(81639,'2018-01-17 11:25:38','AMBUJACEM',473863,274.35),(81640,'2018-01-17 11:25:43','BATAINDIA',172690,726.1),(81641,'2018-01-17 11:25:49','AMBUJACEM',473981,274.35),(81642,'2018-01-17 11:25:49','COALINDIA',1609220,294.25),(81643,'2018-01-17 11:25:50','BATAINDIA',172693,726.1),(81644,'2018-01-17 11:26:02','COALINDIA',1610114,294.25),(81645,'2018-01-17 11:26:02','AMBUJACEM',473989,274.35),(81646,'2018-01-17 11:26:09','COALINDIA',1610575,294.25),(81647,'2018-01-17 11:26:16','AMBUJACEM',474001,274.35),(81648,'2018-01-17 11:26:17','COALINDIA',1610675,294.25),(81649,'2018-01-17 11:26:31','COALINDIA',1611226,294.25),(81650,'2018-01-17 11:26:41','BATAINDIA',172710,726.35),(81651,'2018-01-17 11:26:42','AMBUJACEM',474182,274.35),(81652,'2018-01-17 11:26:44','COALINDIA',1611993,294.25),(81653,'2018-01-17 11:26:54','COALINDIA',1612013,294.15),(81654,'2018-01-17 11:26:54','AMBUJACEM',474405,274.35),(81655,'2018-01-17 11:26:55','BATAINDIA',172714,726.3),(81656,'2018-01-17 11:27:07','COALINDIA',1613373,294.2),(81657,'2018-01-17 11:27:09','AMBUJACEM',474663,274.35),(81658,'2018-01-17 11:27:22','AMBUJACEM',474664,274.35),(81659,'2018-01-17 11:27:23','COALINDIA',1613724,294.25),(81660,'2018-01-17 11:27:32','BATAINDIA',172739,726.35),(81661,'2018-01-17 11:27:34','COALINDIA',1613873,294.2),(81662,'2018-01-17 11:27:44','COALINDIA',1614911,294.2),(81663,'2018-01-17 11:27:45','AMBUJACEM',474714,274.45),(81664,'2018-01-17 11:27:46','BATAINDIA',172747,726.35),(81665,'2018-01-17 11:27:58','AMBUJACEM',474815,274.45),(81666,'2018-01-17 11:27:58','COALINDIA',1615211,294.15),(81667,'2018-01-17 11:28:07','COALINDIA',1619090,294.05),(81668,'2018-01-17 11:28:08','AMBUJACEM',474875,274.45),(81669,'2018-01-17 11:28:10','AMBUJACEM',475409,274.5),(81670,'2018-01-17 11:28:13','COALINDIA',1619096,294.05),(81671,'2018-01-17 11:28:18','AMBUJACEM',475460,274.5),(81672,'2018-01-17 11:28:18','COALINDIA',1623048,294.05),(81673,'2018-01-17 11:28:20','BATAINDIA',172752,726.85),(81674,'2018-01-17 11:28:27','COALINDIA',1626917,293.8),(81675,'2018-01-17 11:28:27','BATAINDIA',172767,726.85),(81676,'2018-01-17 11:28:38','BATAINDIA',172863,727.25),(81677,'2018-01-17 11:28:39','AMBUJACEM',475549,274.5),(81678,'2018-01-17 11:28:39','COALINDIA',1628524,294),(81679,'2018-01-17 11:28:49','AMBUJACEM',476346,274.45),(81680,'2018-01-17 11:28:50','COALINDIA',1630797,294.05),(81681,'2018-01-17 11:28:54','BATAINDIA',173063,727.55),(81682,'2018-01-17 11:29:02','COALINDIA',1631535,294),(81683,'2018-01-17 11:29:10','AMBUJACEM',476462,274.45),(81684,'2018-01-17 11:29:10','BATAINDIA',173898,727.25),(81685,'2018-01-17 11:29:11','COALINDIA',1632254,294.1),(81686,'2018-01-17 11:29:22','COALINDIA',1632625,294.05),(81687,'2018-01-17 11:29:34','AMBUJACEM',476488,274.5),(81688,'2018-01-17 11:29:35','COALINDIA',1636053,294.1),(81689,'2018-01-17 11:29:43','COALINDIA',1636353,294),(81690,'2018-01-17 11:29:52','AMBUJACEM',476523,274.65),(81691,'2018-01-17 11:29:54','COALINDIA',1636719,294.1),(81692,'2018-01-17 11:30:04','COALINDIA',1636846,294.1),(81693,'2018-01-17 11:30:04','AMBUJACEM',476581,274.65),(81694,'2018-01-17 11:30:09','AMBUJACEM',476609,274.5),(81695,'2018-01-17 11:30:10','COALINDIA',1636947,294),(81696,'2018-01-17 11:30:15','AMBUJACEM',476656,274.5),(81697,'2018-01-17 11:30:15','COALINDIA',1637431,294.1),(81698,'2018-01-17 11:30:24','COALINDIA',1639385,294.2),(81699,'2018-01-17 11:30:25','COALINDIA',1639435,294.2),(81700,'2018-01-17 11:30:27','AMBUJACEM',476657,274.5),(81701,'2018-01-17 11:30:29','COALINDIA',1640115,294.2),(81702,'2018-01-17 11:30:30','BATAINDIA',174360,727.85),(81703,'2018-01-17 11:30:30','AMBUJACEM',478703,274.55),(81704,'2018-01-17 11:30:39','COALINDIA',1640364,294.1),(81705,'2018-01-17 11:30:40','AMBUJACEM',478956,274.55),(81706,'2018-01-17 11:30:51','BATAINDIA',174361,727.3),(81707,'2018-01-17 11:30:51','AMBUJACEM',479072,274.55),(81708,'2018-01-17 11:30:55','COALINDIA',1641119,294.2),(81709,'2018-01-17 11:31:02','BATAINDIA',174428,727.5),(81710,'2018-01-17 11:31:02','AMBUJACEM',479074,274.5),(81711,'2018-01-17 11:31:03','COALINDIA',1641290,294.15),(81712,'2018-01-17 11:31:13','COALINDIA',1642286,294.05),(81713,'2018-01-17 11:31:14','AMBUJACEM',481004,274.4),(81714,'2018-01-17 11:31:16','BATAINDIA',174436,727.85),(81715,'2018-01-17 11:31:26','COALINDIA',1642937,294.2),(81716,'2018-01-17 11:31:27','BATAINDIA',174439,727.5),(81717,'2018-01-17 11:31:27','AMBUJACEM',486935,274.65),(81718,'2018-01-17 11:31:40','COALINDIA',1643003,294.05),(81719,'2018-01-17 11:31:41','AMBUJACEM',487234,274.45),(81720,'2018-01-17 11:31:41','BATAINDIA',174449,727.7),(81721,'2018-01-17 11:31:55','COALINDIA',1643880,294.15),(81722,'2018-01-17 11:31:55','AMBUJACEM',487291,274.4),(81723,'2018-01-17 11:32:08','COALINDIA',1645598,294.2),(81724,'2018-01-17 11:32:08','AMBUJACEM',487353,274.55),(81725,'2018-01-17 11:32:09','COALINDIA',1645699,294.1),(81726,'2018-01-17 11:32:12','AMBUJACEM',487354,274.5),(81727,'2018-01-17 11:32:22','COALINDIA',1645799,294.2),(81728,'2018-01-17 11:32:23','COALINDIA',1645806,294.2),(81729,'2018-01-17 11:32:24','AMBUJACEM',487381,274.5),(81730,'2018-01-17 11:32:32','COALINDIA',1646813,294.2),(81731,'2018-01-17 11:32:32','AMBUJACEM',487395,274.5),(81732,'2018-01-17 11:32:34','AMBUJACEM',487396,274.5),(81733,'2018-01-17 11:32:42','COALINDIA',1649982,294.2),(81734,'2018-01-17 11:32:44','AMBUJACEM',487399,274.5),(81735,'2018-01-17 11:32:44','COALINDIA',1650452,294.25),(81736,'2018-01-17 11:32:45','BATAINDIA',175569,727.7),(81737,'2018-01-17 11:32:58','AMBUJACEM',487529,274.5),(81738,'2018-01-17 11:32:58','BATAINDIA',175580,727.7),(81739,'2018-01-17 11:33:01','COALINDIA',1650652,294.25),(81740,'2018-01-17 11:33:10','COALINDIA',1651670,294.25),(81741,'2018-01-17 11:33:13','BATAINDIA',175590,727.7),(81742,'2018-01-17 11:33:22','AMBUJACEM',487544,274.5),(81743,'2018-01-17 11:33:23','BATAINDIA',175990,728),(81744,'2018-01-17 11:33:25','COALINDIA',1653451,294.2),(81745,'2018-01-17 11:33:34','AMBUJACEM',487699,274.6),(81746,'2018-01-17 11:33:35','COALINDIA',1653834,294.1),(81747,'2018-01-17 11:33:35','BATAINDIA',176030,727.55),(81748,'2018-01-17 11:33:49','AMBUJACEM',488938,274.3),(81749,'2018-01-17 11:33:52','COALINDIA',1655892,294.15),(81750,'2018-01-17 11:33:56','BATAINDIA',176315,728.3),(81751,'2018-01-17 11:34:01','BATAINDIA',176430,728),(81752,'2018-01-17 11:34:01','AMBUJACEM',488939,274.3),(81753,'2018-01-17 11:34:02','COALINDIA',1656476,294.15),(81754,'2018-01-17 11:34:09','AMBUJACEM',489024,274.3),(81755,'2018-01-17 11:34:09','COALINDIA',1656526,294),(81756,'2018-01-17 11:34:10','BATAINDIA',176510,727.4),(81757,'2018-01-17 11:34:12','COALINDIA',1656787,294.15),(81758,'2018-01-17 11:34:14','AMBUJACEM',489274,274.35),(81759,'2018-01-17 11:34:20','COALINDIA',1657554,294.25),(81760,'2018-01-17 11:34:20','AMBUJACEM',489305,274.35),(81761,'2018-01-17 11:34:25','COALINDIA',1657559,294.1),(81762,'2018-01-17 11:34:34','AMBUJACEM',489310,274.45),(81763,'2018-01-17 11:34:35','COALINDIA',1658005,294.15),(81764,'2018-01-17 11:34:37','AMBUJACEM',489410,274.35),(81765,'2018-01-17 11:34:49','COALINDIA',1659229,294.1),(81766,'2018-01-17 11:34:50','AMBUJACEM',490518,274.5),(81767,'2018-01-17 11:34:58','AMBUJACEM',490541,274.4),(81768,'2018-01-17 11:35:01','BATAINDIA',176513,727.45),(81769,'2018-01-17 11:35:02','COALINDIA',1659739,294.2),(81770,'2018-01-17 11:35:17','AMBUJACEM',490544,274.4),(81771,'2018-01-17 11:35:18','COALINDIA',1660221,294.15),(81772,'2018-01-17 11:35:21','BATAINDIA',176540,727.9),(81773,'2018-01-17 11:35:28','COALINDIA',1660509,294.1),(81774,'2018-01-17 11:35:29','AMBUJACEM',490576,274.6),(81775,'2018-01-17 11:35:37','COALINDIA',1661289,294.15),(81776,'2018-01-17 11:35:38','AMBUJACEM',490621,274.45),(81777,'2018-01-17 11:35:50','COALINDIA',1661604,294.2),(81778,'2018-01-17 11:35:51','AMBUJACEM',490649,274.6),(81779,'2018-01-17 11:35:52','BATAINDIA',177365,727.9),(81780,'2018-01-17 11:36:02','COALINDIA',1661965,294.2),(81781,'2018-01-17 11:36:04','BATAINDIA',177368,727.65),(81782,'2018-01-17 11:36:04','AMBUJACEM',490953,274.35),(81783,'2018-01-17 11:36:08','AMBUJACEM',491027,274.35),(81784,'2018-01-17 11:36:09','COALINDIA',1662089,294.2),(81785,'2018-01-17 11:36:18','COALINDIA',1662651,294.2),(81786,'2018-01-17 11:36:21','AMBUJACEM',491045,274.4),(81787,'2018-01-17 11:36:21','BATAINDIA',177371,727.65),(81788,'2018-01-17 11:36:29','COALINDIA',1662653,294.1),(81789,'2018-01-17 11:36:31','BATAINDIA',177439,727.9),(81790,'2018-01-17 11:36:32','COALINDIA',1663350,294.25),(81791,'2018-01-17 11:36:42','COALINDIA',1663851,294.15),(81792,'2018-01-17 11:36:43','AMBUJACEM',491046,274.55),(81793,'2018-01-17 11:37:00','BATAINDIA',178539,727.9),(81794,'2018-01-17 11:37:01','AMBUJACEM',491437,274.4),(81795,'2018-01-17 11:37:01','COALINDIA',1665483,294.2),(81796,'2018-01-17 11:37:03','AMBUJACEM',491438,274.4),(81797,'2018-01-17 11:37:04','COALINDIA',1665650,294.25),(81798,'2018-01-17 11:37:12','AMBUJACEM',491485,274.45),(81799,'2018-01-17 11:37:13','COALINDIA',1667578,294.15),(81800,'2018-01-17 11:37:26','BATAINDIA',178540,727.7),(81801,'2018-01-17 11:37:26','AMBUJACEM',491514,274.35),(81802,'2018-01-17 11:37:26','COALINDIA',1667588,294.15),(81803,'2018-01-17 11:37:38','BATAINDIA',179161,727.4),(81804,'2018-01-17 11:37:38','AMBUJACEM',491542,274.35),(81805,'2018-01-17 11:37:40','COALINDIA',1668333,294.2),(81806,'2018-01-17 11:37:52','COALINDIA',1668684,294.2),(81807,'2018-01-17 11:37:52','AMBUJACEM',491557,274.35),(81808,'2018-01-17 11:37:55','BATAINDIA',180161,727.9),(81809,'2018-01-17 11:38:02','AMBUJACEM',491586,274.35),(81810,'2018-01-17 11:38:03','COALINDIA',1669041,294.2),(81811,'2018-01-17 11:38:08','COALINDIA',1669392,294.2),(81812,'2018-01-17 11:38:10','BATAINDIA',180162,727.85),(81813,'2018-01-17 11:38:13','COALINDIA',1669402,294.15),(81814,'2018-01-17 11:38:15','AMBUJACEM',491635,274.35),(81815,'2018-01-17 11:38:16','COALINDIA',1669412,294.2),(81816,'2018-01-17 11:38:16','BATAINDIA',180188,727.85),(81817,'2018-01-17 11:38:19','AMBUJACEM',491648,274.35),(81818,'2018-01-17 11:38:20','COALINDIA',1669768,294.2),(81819,'2018-01-17 11:38:29','COALINDIA',1670157,294.15),(81820,'2018-01-17 11:38:29','AMBUJACEM',491693,274.35),(81821,'2018-01-17 11:38:32','BATAINDIA',180228,727.85),(81822,'2018-01-17 11:38:34','COALINDIA',1670209,294.15),(81823,'2018-01-17 11:38:38','BATAINDIA',180233,727.5),(81824,'2018-01-17 11:38:39','AMBUJACEM',491782,274.45),(81825,'2018-01-17 11:38:40','COALINDIA',1670771,294.2),(81826,'2018-01-17 11:38:45','COALINDIA',1671430,294.15),(81827,'2018-01-17 11:38:46','AMBUJACEM',492085,274.35),(81828,'2018-01-17 11:38:50','AMBUJACEM',492273,274.4),(81829,'2018-01-17 11:38:59','COALINDIA',1671795,294.2),(81830,'2018-01-17 11:39:00','BATAINDIA',180238,727.85),(81831,'2018-01-17 11:39:00','AMBUJACEM',492926,274.45),(81832,'2018-01-17 11:39:04','COALINDIA',1672267,294.15),(81833,'2018-01-17 11:39:05','AMBUJACEM',492937,274.45),(81834,'2018-01-17 11:39:05','BATAINDIA',180243,727.85),(81835,'2018-01-17 11:39:13','BATAINDIA',180246,727.85),(81836,'2018-01-17 11:39:14','AMBUJACEM',492995,274.45),(81837,'2018-01-17 11:39:16','COALINDIA',1672622,294.2),(81838,'2018-01-17 11:39:27','AMBUJACEM',492998,274.55),(81839,'2018-01-17 11:39:28','COALINDIA',1672973,294.2),(81840,'2018-01-17 11:39:29','BATAINDIA',180374,727.85),(81841,'2018-01-17 11:39:38','COALINDIA',1675105,294.25),(81842,'2018-01-17 11:39:39','AMBUJACEM',493037,274.55),(81843,'2018-01-17 11:39:40','BATAINDIA',180379,727.5),(81844,'2018-01-17 11:39:53','COALINDIA',1676686,294.25),(81845,'2018-01-17 11:40:02','COALINDIA',1681383,294.3),(81846,'2018-01-17 11:40:03','AMBUJACEM',493071,274.5),(81847,'2018-01-17 11:40:08','BATAINDIA',180429,727.55),(81848,'2018-01-17 11:40:09','AMBUJACEM',493072,274.5),(81849,'2018-01-17 11:40:15','AMBUJACEM',493125,274.6),(81850,'2018-01-17 11:40:18','COALINDIA',1681388,294.3),(81851,'2018-01-17 11:40:18','COALINDIA',1681738,294.3),(81852,'2018-01-17 11:40:19','AMBUJACEM',493133,274.5),(81853,'2018-01-17 11:40:31','AMBUJACEM',493188,274.5),(81854,'2018-01-17 11:40:32','COALINDIA',1681978,294.2),(81855,'2018-01-17 11:40:38','COALINDIA',1682543,294.2),(81856,'2018-01-17 11:40:38','AMBUJACEM',493661,274.45),(81857,'2018-01-17 11:40:41','AMBUJACEM',493782,274.45),(81858,'2018-01-17 11:40:42','COALINDIA',1682848,294.2),(81859,'2018-01-17 11:40:50','BATAINDIA',180439,727.85),(81860,'2018-01-17 11:40:50','AMBUJACEM',493783,274.45),(81861,'2018-01-17 11:40:50','COALINDIA',1683836,294.2),(81862,'2018-01-17 11:40:54','COALINDIA',1683992,294.3),(81863,'2018-01-17 11:41:06','AMBUJACEM',493824,274.55),(81864,'2018-01-17 11:41:07','COALINDIA',1684637,294.2),(81865,'2018-01-17 11:41:17','COALINDIA',1685270,294.3),(81866,'2018-01-17 11:41:17','BATAINDIA',180474,727.85),(81867,'2018-01-17 11:41:27','COALINDIA',1686141,294.25),(81868,'2018-01-17 11:41:29','AMBUJACEM',493894,274.45),(81869,'2018-01-17 11:41:38','AMBUJACEM',493897,274.6),(81870,'2018-01-17 11:41:39','BATAINDIA',180626,727.85),(81871,'2018-01-17 11:41:40','COALINDIA',1686851,294.35),(81872,'2018-01-17 11:41:51','AMBUJACEM',493935,274.45),(81873,'2018-01-17 11:41:52','COALINDIA',1686951,294.35),(81874,'2018-01-17 11:41:54','BATAINDIA',180747,727.85),(81875,'2018-01-17 11:42:04','COALINDIA',1687332,294.3),(81876,'2018-01-17 11:42:06','AMBUJACEM',494083,274.45),(81877,'2018-01-17 11:42:06','BATAINDIA',180871,727.85),(81878,'2018-01-17 11:42:08','COALINDIA',1687571,294.3),(81879,'2018-01-17 11:42:20','COALINDIA',1688096,294.3),(81880,'2018-01-17 11:42:21','AMBUJACEM',494143,274.6),(81881,'2018-01-17 11:42:22','BATAINDIA',180913,727.65),(81882,'2018-01-17 11:42:35','AMBUJACEM',494341,274.5),(81883,'2018-01-17 11:42:37','COALINDIA',1689050,294.3),(81884,'2018-01-17 11:42:47','BATAINDIA',180963,727.85),(81885,'2018-01-17 11:42:47','AMBUJACEM',496543,274.45),(81886,'2018-01-17 11:42:59','COALINDIA',1690354,294.4),(81887,'2018-01-17 11:43:00','AMBUJACEM',496546,274.45),(81888,'2018-01-17 11:43:11','COALINDIA',1691601,294.4),(81889,'2018-01-17 11:43:12','BATAINDIA',181463,727.9),(81890,'2018-01-17 11:43:12','AMBUJACEM',496625,274.45),(81891,'2018-01-17 11:43:26','AMBUJACEM',496627,274.45),(81892,'2018-01-17 11:43:35','COALINDIA',1691649,294.3),(81893,'2018-01-17 11:43:36','COALINDIA',1692421,294.4),(81894,'2018-01-17 11:43:36','AMBUJACEM',496759,274.5),(81895,'2018-01-17 11:43:46','AMBUJACEM',496981,274.5),(81896,'2018-01-17 11:43:47','BATAINDIA',181563,727.55),(81897,'2018-01-17 11:43:49','COALINDIA',1693437,294.35),(81898,'2018-01-17 11:43:58','AMBUJACEM',496999,274.5),(81899,'2018-01-17 11:43:59','COALINDIA',1693805,294.35),(81900,'2018-01-17 11:43:59','BATAINDIA',181588,727.55),(81901,'2018-01-17 11:44:06','AMBUJACEM',497115,274.5),(81902,'2018-01-17 11:44:09','COALINDIA',1694226,294.3),(81903,'2018-01-17 11:44:11','COALINDIA',1694349,294.35),(81904,'2018-01-17 11:44:17','AMBUJACEM',497143,274.55),(81905,'2018-01-17 11:44:18','COALINDIA',1695023,294.3),(81906,'2018-01-17 11:44:22','AMBUJACEM',497297,274.6),(81907,'2018-01-17 11:44:25','COALINDIA',1695323,294.2),(81908,'2018-01-17 11:44:28','AMBUJACEM',497540,274.55),(81909,'2018-01-17 11:44:30','COALINDIA',1695849,294.2),(81910,'2018-01-17 11:44:34','AMBUJACEM',497562,274.55),(81911,'2018-01-17 11:44:35','COALINDIA',1696048,294.2),(81912,'2018-01-17 11:44:41','COALINDIA',1696168,294.15),(81913,'2018-01-17 11:44:41','AMBUJACEM',497566,274.55),(81914,'2018-01-17 11:44:44','COALINDIA',1696519,294.2),(81915,'2018-01-17 11:44:45','BATAINDIA',181598,727.9),(81916,'2018-01-17 11:44:45','AMBUJACEM',497567,274.55),(81917,'2018-01-17 11:44:51','COALINDIA',1696619,294.15),(81918,'2018-01-17 11:44:52','AMBUJACEM',497568,274.55),(81919,'2018-01-17 11:44:54','BATAINDIA',181603,727.9),(81920,'2018-01-17 11:45:01','AMBUJACEM',497632,274.55),(81921,'2018-01-17 11:45:02','COALINDIA',1697034,294.15),(81922,'2018-01-17 11:45:14','COALINDIA',1697519,294.3),(81923,'2018-01-17 11:45:14','BATAINDIA',181808,727.9),(81924,'2018-01-17 11:45:16','AMBUJACEM',497844,274.55),(81925,'2018-01-17 11:45:25','COALINDIA',1697870,294.3),(81926,'2018-01-17 11:45:27','AMBUJACEM',497855,274.55),(81927,'2018-01-17 11:45:43','AMBUJACEM',497961,274.55),(81928,'2018-01-17 11:45:47','COALINDIA',1698204,294.3),(81929,'2018-01-17 11:45:49','AMBUJACEM',498025,274.55),(81930,'2018-01-17 11:45:51','BATAINDIA',181843,727.9),(81931,'2018-01-17 11:45:52','COALINDIA',1698668,294.2),(81932,'2018-01-17 11:46:01','AMBUJACEM',498075,274.55),(81933,'2018-01-17 11:46:04','COALINDIA',1699295,294.25),(81934,'2018-01-17 11:46:08','AMBUJACEM',498077,274.55),(81935,'2018-01-17 11:46:08','BATAINDIA',181943,727.9),(81936,'2018-01-17 11:46:09','COALINDIA',1699472,294.25),(81937,'2018-01-17 11:46:14','COALINDIA',1699628,294.2),(81938,'2018-01-17 11:46:17','AMBUJACEM',498132,274.55),(81939,'2018-01-17 11:46:20','COALINDIA',1699994,294.3),(81940,'2018-01-17 11:46:23','AMBUJACEM',498136,274.55),(81941,'2018-01-17 11:46:25','BATAINDIA',182107,727.4),(81942,'2018-01-17 11:46:26','COALINDIA',1699995,294.3),(81943,'2018-01-17 11:46:27','AMBUJACEM',498170,274.55),(81944,'2018-01-17 11:46:36','AMBUJACEM',498564,274.5),(81945,'2018-01-17 11:46:36','COALINDIA',1700256,294.25),(81946,'2018-01-17 11:46:38','AMBUJACEM',498566,274.5),(81947,'2018-01-17 11:46:48','COALINDIA',1700623,294.25),(81948,'2018-01-17 11:46:49','AMBUJACEM',498567,274.5),(81949,'2018-01-17 11:47:00','COALINDIA',1701683,294.2),(81950,'2018-01-17 11:47:01','AMBUJACEM',498792,274.5),(81951,'2018-01-17 11:47:15','AMBUJACEM',499044,274.5),(81952,'2018-01-17 11:47:17','COALINDIA',1701721,294.25),(81953,'2018-01-17 11:47:27','AMBUJACEM',499218,274.5),(81954,'2018-01-17 11:47:27','COALINDIA',1702651,294.2),(81955,'2018-01-17 11:47:29','BATAINDIA',182147,727.9),(81956,'2018-01-17 11:47:37','COALINDIA',1703091,294.2),(81957,'2018-01-17 11:47:38','BATAINDIA',182188,727.85),(81958,'2018-01-17 11:47:40','AMBUJACEM',499466,274.5),(81959,'2018-01-17 11:47:51','COALINDIA',1703191,294.2),(81960,'2018-01-17 11:47:52','BATAINDIA',182208,727.85),(81961,'2018-01-17 11:47:52','AMBUJACEM',499549,274.5),(81962,'2018-01-17 11:48:02','COALINDIA',1703954,294.2),(81963,'2018-01-17 11:48:03','AMBUJACEM',499606,274.5),(81964,'2018-01-17 11:48:08','AMBUJACEM',499608,274.5),(81965,'2018-01-17 11:48:09','COALINDIA',1703979,294.2),(81966,'2018-01-17 11:48:14','COALINDIA',1705166,294.25),(81967,'2018-01-17 11:48:20','COALINDIA',1705314,294.3),(81968,'2018-01-17 11:48:20','AMBUJACEM',499667,274.5),(81969,'2018-01-17 11:48:21','BATAINDIA',182298,727.5),(81970,'2018-01-17 11:48:26','AMBUJACEM',499668,274.5),(81971,'2018-01-17 11:48:28','COALINDIA',1705414,294.15),(81972,'2018-01-17 11:48:33','COALINDIA',1705764,294.25),(81973,'2018-01-17 11:48:33','AMBUJACEM',499799,274.5),(81974,'2018-01-17 11:48:34','BATAINDIA',182398,727.4),(81975,'2018-01-17 11:48:38','COALINDIA',1705769,294.25),(81976,'2018-01-17 11:48:39','AMBUJACEM',499804,274.5),(81977,'2018-01-17 11:48:44','COALINDIA',1714593,294.35),(81978,'2018-01-17 11:48:45','AMBUJACEM',500079,274.6),(81979,'2018-01-17 11:48:50','COALINDIA',1714757,294.4),(81980,'2018-01-17 11:48:51','AMBUJACEM',500086,274.5),(81981,'2018-01-17 11:48:56','COALINDIA',1716163,294.35),(81982,'2018-01-17 11:48:58','BATAINDIA',182808,727.5),(81983,'2018-01-17 11:49:07','COALINDIA',1716363,294.4),(81984,'2018-01-17 11:49:08','AMBUJACEM',500254,274.55),(81985,'2018-01-17 11:49:09','BATAINDIA',182908,727.4),(81986,'2018-01-17 11:49:18','COALINDIA',1716969,294.45),(81987,'2018-01-17 11:49:19','AMBUJACEM',500398,274.55),(81988,'2018-01-17 11:49:32','COALINDIA',1719714,294.45),(81989,'2018-01-17 11:49:33','AMBUJACEM',500400,274.55),(81990,'2018-01-17 11:49:44','AMBUJACEM',500472,274.55),(81991,'2018-01-17 11:49:44','COALINDIA',1725360,294.5),(81992,'2018-01-17 11:49:55','AMBUJACEM',500473,274.55),(81993,'2018-01-17 11:49:55','COALINDIA',1726307,294.5),(81994,'2018-01-17 11:49:58','BATAINDIA',182998,727.75),(81995,'2018-01-17 11:50:14','COALINDIA',1727057,294.5),(81996,'2018-01-17 11:50:19','AMBUJACEM',500527,274.55),(81997,'2018-01-17 11:50:35','AMBUJACEM',501611,274.5),(81998,'2018-01-17 11:50:57','AMBUJACEM',501739,274.55),(81999,'2018-01-17 11:50:58','COALINDIA',1731300,294.7),(82000,'2018-01-17 11:50:58','BATAINDIA',184445,728.85),(82001,'2018-01-17 11:51:01','AMBUJACEM',502150,274.55),(82002,'2018-01-17 11:51:02','BATAINDIA',184446,728.8),(82003,'2018-01-17 11:51:14','BATAINDIA',184523,728.6),(82004,'2018-01-17 11:51:15','COALINDIA',1735587,294.9),(82005,'2018-01-17 11:51:17','AMBUJACEM',502268,274.5),(82006,'2018-01-17 11:51:33','COALINDIA',1742226,294.9),(82007,'2018-01-17 11:51:35','AMBUJACEM',503252,274.45),(82008,'2018-01-17 11:51:37','BATAINDIA',184625,728.85),(82009,'2018-01-17 11:51:46','COALINDIA',1742997,294.85),(82010,'2018-01-17 11:51:49','AMBUJACEM',503777,274.5),(82011,'2018-01-17 11:51:50','BATAINDIA',184631,728.55),(82012,'2018-01-17 11:52:01','COALINDIA',1743779,294.75),(82013,'2018-01-17 11:52:03','BATAINDIA',184696,728.9),(82014,'2018-01-17 11:52:04','AMBUJACEM',503809,274.4),(82015,'2018-01-17 11:52:09','AMBUJACEM',503897,274.4),(82016,'2018-01-17 11:52:10','COALINDIA',1743946,294.8),(82017,'2018-01-17 11:52:17','COALINDIA',1743966,294.75),(82018,'2018-01-17 11:52:20','AMBUJACEM',504934,274.35),(82019,'2018-01-17 11:52:24','COALINDIA',1745058,294.65),(82020,'2018-01-17 11:52:25','BATAINDIA',184746,728.9),(82021,'2018-01-17 11:52:32','COALINDIA',1749675,294.6),(82022,'2018-01-17 11:52:40','AMBUJACEM',504935,274.4),(82023,'2018-01-17 11:52:42','BATAINDIA',184747,728.55),(82024,'2018-01-17 11:52:45','COALINDIA',1750577,294.6),(82025,'2018-01-17 11:52:47','COALINDIA',1751399,294.7),(82026,'2018-01-17 11:52:50','AMBUJACEM',504992,274.45),(82027,'2018-01-17 11:52:51','BATAINDIA',184758,728.55),(82028,'2018-01-17 11:52:54','COALINDIA',1751401,294.6),(82029,'2018-01-17 11:52:56','AMBUJACEM',504995,274.45),(82030,'2018-01-17 11:52:57','BATAINDIA',184808,728.95),(82031,'2018-01-17 11:53:04','COALINDIA',1751856,294.75),(82032,'2018-01-17 11:53:05','AMBUJACEM',505527,274.5),(82033,'2018-01-17 11:53:11','COALINDIA',1751990,294.75),(82034,'2018-01-17 11:53:12','AMBUJACEM',505528,274.5),(82035,'2018-01-17 11:53:14','BATAINDIA',184809,728.7),(82036,'2018-01-17 11:53:19','AMBUJACEM',505533,274.5),(82037,'2018-01-17 11:53:20','COALINDIA',1752439,294.75),(82038,'2018-01-17 11:53:28','AMBUJACEM',505548,274.55),(82039,'2018-01-17 11:53:29','BATAINDIA',184907,728.15),(82040,'2018-01-17 11:53:43','AMBUJACEM',505764,274.4),(82041,'2018-01-17 11:53:43','COALINDIA',1753519,294.85),(82042,'2018-01-17 11:53:44','BATAINDIA',184948,728.4),(82043,'2018-01-17 11:53:55','COALINDIA',1754174,294.85),(82044,'2018-01-17 11:53:55','AMBUJACEM',509223,274.45),(82045,'2018-01-17 11:53:56','BATAINDIA',185498,728.4),(82046,'2018-01-17 11:54:08','COALINDIA',1755984,294.8),(82047,'2018-01-17 11:54:08','BATAINDIA',185499,728.25),(82048,'2018-01-17 11:54:08','AMBUJACEM',509224,274.45),(82049,'2018-01-17 11:54:19','COALINDIA',1756455,294.8),(82050,'2018-01-17 11:54:20','AMBUJACEM',509237,274.6),(82051,'2018-01-17 11:54:33','COALINDIA',1756861,294.9),(82052,'2018-01-17 11:54:36','BATAINDIA',185500,728.15),(82053,'2018-01-17 11:54:37','AMBUJACEM',509238,274.5),(82054,'2018-01-17 11:54:45','COALINDIA',1757494,294.9),(82055,'2018-01-17 11:54:46','BATAINDIA',185506,728.05),(82056,'2018-01-17 11:55:03','COALINDIA',1758474,294.85),(82057,'2018-01-17 11:55:06','AMBUJACEM',509927,274.5),(82058,'2018-01-17 11:55:09','BATAINDIA',185614,728.15),(82059,'2018-01-17 11:55:19','AMBUJACEM',510039,274.55),(82060,'2018-01-17 11:55:20','COALINDIA',1759485,294.9),(82061,'2018-01-17 11:55:22','BATAINDIA',185669,728.3),(82062,'2018-01-17 11:55:32','COALINDIA',1759910,294.8),(82063,'2018-01-17 11:55:36','AMBUJACEM',510065,274.65),(82064,'2018-01-17 11:55:46','COALINDIA',1760234,294.9),(82065,'2018-01-17 11:55:47','AMBUJACEM',510072,274.55),(82066,'2018-01-17 11:55:48','BATAINDIA',185951,729),(82067,'2018-01-17 11:56:00','AMBUJACEM',510076,274.55),(82068,'2018-01-17 11:56:00','COALINDIA',1760976,294.85),(82069,'2018-01-17 11:56:03','BATAINDIA',185968,729),(82070,'2018-01-17 11:56:08','BATAINDIA',186058,729.4),(82071,'2018-01-17 11:56:10','COALINDIA',1766574,294.7),(82072,'2018-01-17 11:56:11','AMBUJACEM',510153,274.55),(82073,'2018-01-17 11:56:15','COALINDIA',1769901,294.45),(82074,'2018-01-17 11:56:15','AMBUJACEM',510253,274.55),(82075,'2018-01-17 11:56:27','COALINDIA',1771730,294.25),(82076,'2018-01-17 11:56:28','AMBUJACEM',510271,274.55),(82077,'2018-01-17 11:56:39','AMBUJACEM',511775,274.55),(82078,'2018-01-17 11:56:42','COALINDIA',1773484,294.3),(82079,'2018-01-17 11:56:42','BATAINDIA',186070,729.2),(82080,'2018-01-17 11:56:42','AMBUJACEM',511777,274.55),(82081,'2018-01-17 11:56:51','COALINDIA',1774419,294.25),(82082,'2018-01-17 11:56:53','AMBUJACEM',511794,274.5),(82083,'2018-01-17 11:56:54','BATAINDIA',186071,729.2),(82084,'2018-01-17 11:57:04','COALINDIA',1774421,294.3),(82085,'2018-01-17 11:57:06','AMBUJACEM',512010,274.5),(82086,'2018-01-17 11:57:20','COALINDIA',1775112,294.3),(82087,'2018-01-17 11:57:21','AMBUJACEM',512018,274.55),(82088,'2018-01-17 11:57:23','BATAINDIA',186171,729.45),(82089,'2018-01-17 11:57:34','AMBUJACEM',512021,274.5),(82090,'2018-01-17 11:57:39','COALINDIA',1776088,294.3),(82091,'2018-01-17 11:57:50','COALINDIA',1776656,294.35),(82092,'2018-01-17 11:57:51','AMBUJACEM',512175,274.5),(82093,'2018-01-17 11:57:53','BATAINDIA',186205,729.2),(82094,'2018-01-17 11:58:03','COALINDIA',1777664,294.35),(82095,'2018-01-17 11:58:05','AMBUJACEM',512275,274.65),(82096,'2018-01-17 11:58:06','BATAINDIA',186405,729.2),(82097,'2018-01-17 11:58:08','AMBUJACEM',512278,274.5),(82098,'2018-01-17 11:58:09','BATAINDIA',186425,729.15),(82099,'2018-01-17 11:58:10','COALINDIA',1777764,294.3),(82100,'2018-01-17 11:58:10','BATAINDIA',186448,729.15),(82101,'2018-01-17 11:58:11','AMBUJACEM',512291,274.6),(82102,'2018-01-17 11:58:14','COALINDIA',1777964,294.3),(82103,'2018-01-17 11:58:17','BATAINDIA',186458,729.15),(82104,'2018-01-17 11:58:17','COALINDIA',1777977,294.35),(82105,'2018-01-17 11:58:19','AMBUJACEM',512546,274.65),(82106,'2018-01-17 11:58:22','AMBUJACEM',512549,274.6),(82107,'2018-01-17 11:58:30','COALINDIA',1778557,294.35),(82108,'2018-01-17 11:58:41','COALINDIA',1778951,294.4),(82109,'2018-01-17 11:58:44','AMBUJACEM',512603,274.6),(82110,'2018-01-17 11:58:45','BATAINDIA',186613,729.2),(82111,'2018-01-17 11:58:57','BATAINDIA',186633,729.05),(82112,'2018-01-17 11:58:57','AMBUJACEM',513072,274.6),(82113,'2018-01-17 11:58:58','AMBUJACEM',513074,274.6),(82114,'2018-01-17 11:58:59','COALINDIA',1780438,294.35),(82115,'2018-01-17 11:58:59','BATAINDIA',186639,728.75),(82116,'2018-01-17 11:59:11','BATAINDIA',186694,729.15),(82117,'2018-01-17 11:59:12','COALINDIA',1781299,294.35),(82118,'2018-01-17 11:59:12','AMBUJACEM',513078,274.6),(82119,'2018-01-17 11:59:15','COALINDIA',1781395,294.3),(82120,'2018-01-17 11:59:27','COALINDIA',1781823,294.3),(82121,'2018-01-17 11:59:29','BATAINDIA',186761,729.1),(82122,'2018-01-17 11:59:29','AMBUJACEM',513300,274.6),(82123,'2018-01-17 11:59:39','COALINDIA',1783520,294.2),(82124,'2018-01-17 11:59:41','AMBUJACEM',513329,274.55),(82125,'2018-01-17 11:59:44','BATAINDIA',186770,729.1),(82126,'2018-01-17 11:59:56','COALINDIA',1783732,294.2),(82127,'2018-01-17 11:59:56','BATAINDIA',186824,729.1),(82128,'2018-01-17 11:59:58','AMBUJACEM',513331,274.55),(82129,'2018-01-17 12:00:08','COALINDIA',1784914,294.15),(82130,'2018-01-17 12:00:08','AMBUJACEM',513338,274.55),(82131,'2018-01-17 12:00:22','AMBUJACEM',513392,274.65),(82132,'2018-01-17 12:00:23','AMBUJACEM',513398,274.6),(82133,'2018-01-17 12:00:23','COALINDIA',1785437,294.15),(82134,'2018-01-17 12:00:23','BATAINDIA',186874,729.15),(82135,'2018-01-17 12:00:35','AMBUJACEM',513452,274.6),(82136,'2018-01-17 12:00:37','COALINDIA',1787982,294.2),(82137,'2018-01-17 12:00:46','AMBUJACEM',513456,274.6),(82138,'2018-01-17 12:00:46','COALINDIA',1788517,294.1),(82139,'2018-01-17 12:00:47','BATAINDIA',186875,728.95),(82140,'2018-01-17 12:00:58','COALINDIA',1801523,294),(82141,'2018-01-17 12:00:58','BATAINDIA',186895,729.1),(82142,'2018-01-17 12:00:58','AMBUJACEM',513615,274.6),(82143,'2018-01-17 12:01:11','COALINDIA',1802529,294.05),(82144,'2018-01-17 12:01:11','AMBUJACEM',513651,274.6),(82145,'2018-01-17 12:01:15','BATAINDIA',186940,729.15),(82146,'2018-01-17 12:01:24','COALINDIA',1802629,294.05),(82147,'2018-01-17 12:01:26','AMBUJACEM',513799,274.6),(82148,'2018-01-17 12:01:26','BATAINDIA',186967,729.15),(82149,'2018-01-17 12:01:37','COALINDIA',1804294,294.05),(82150,'2018-01-17 12:01:38','AMBUJACEM',514227,274.55),(82151,'2018-01-17 12:01:38','BATAINDIA',187450,729.25),(82152,'2018-01-17 12:01:49','AMBUJACEM',514295,274.55),(82153,'2018-01-17 12:01:50','COALINDIA',1804300,294.05),(82154,'2018-01-17 12:01:51','BATAINDIA',187672,729.15),(82155,'2018-01-17 12:02:02','AMBUJACEM',514405,274.5),(82156,'2018-01-17 12:02:02','COALINDIA',1805035,294.1),(82157,'2018-01-17 12:02:03','BATAINDIA',187854,729.15),(82158,'2018-01-17 12:02:08','AMBUJACEM',514408,274.55),(82159,'2018-01-17 12:02:10','BATAINDIA',187864,729.2),(82160,'2018-01-17 12:02:12','COALINDIA',1805436,294.1),(82161,'2018-01-17 12:02:17','COALINDIA',1805511,294.05),(82162,'2018-01-17 12:02:19','COALINDIA',1805553,294.1),(82163,'2018-01-17 12:02:19','BATAINDIA',187865,729.15),(82164,'2018-01-17 12:02:20','AMBUJACEM',514412,274.55),(82165,'2018-01-17 12:02:27','COALINDIA',1806507,294),(82166,'2018-01-17 12:02:27','AMBUJACEM',514413,274.55),(82167,'2018-01-17 12:02:30','AMBUJACEM',514468,274.55),(82168,'2018-01-17 12:02:31','COALINDIA',1807134,294.05),(82169,'2018-01-17 12:02:38','COALINDIA',1807274,294),(82170,'2018-01-17 12:02:40','AMBUJACEM',514472,274.55),(82171,'2018-01-17 12:02:40','BATAINDIA',187882,729.15),(82172,'2018-01-17 12:02:43','COALINDIA',1807294,294),(82173,'2018-01-17 12:02:44','AMBUJACEM',514474,274.55),(82174,'2018-01-17 12:02:51','AMBUJACEM',514475,274.55),(82175,'2018-01-17 12:02:52','BATAINDIA',187953,729.25),(82176,'2018-01-17 12:02:52','COALINDIA',1807962,294),(82177,'2018-01-17 12:02:57','COALINDIA',1808012,294),(82178,'2018-01-17 12:03:10','AMBUJACEM',514482,274.55),(82179,'2018-01-17 12:03:11','COALINDIA',1808566,294.1),(82180,'2018-01-17 12:03:13','BATAINDIA',187974,729.25),(82181,'2018-01-17 12:03:24','AMBUJACEM',514550,274.6),(82182,'2018-01-17 12:03:24','COALINDIA',1809050,294.1),(82183,'2018-01-17 12:03:25','BATAINDIA',187999,729.25),(82184,'2018-01-17 12:03:38','COALINDIA',1810940,293.9),(82185,'2018-01-17 12:03:40','AMBUJACEM',521213,274.65),(82186,'2018-01-17 12:03:41','BATAINDIA',188445,729.25),(82187,'2018-01-17 12:03:51','AMBUJACEM',521467,274.65),(82188,'2018-01-17 12:03:52','COALINDIA',1812288,294.1),(82189,'2018-01-17 12:03:52','BATAINDIA',188721,729.85),(82190,'2018-01-17 12:04:01','AMBUJACEM',523367,274.8),(82191,'2018-01-17 12:04:01','BATAINDIA',189219,729.2),(82192,'2018-01-17 12:04:03','COALINDIA',1812359,294),(82193,'2018-01-17 12:04:07','AMBUJACEM',523375,274.8),(82194,'2018-01-17 12:04:08','COALINDIA',1812951,294.1),(82195,'2018-01-17 12:04:12','COALINDIA',1812963,294),(82196,'2018-01-17 12:04:13','AMBUJACEM',523485,274.8),(82197,'2018-01-17 12:04:16','COALINDIA',1813299,294),(82198,'2018-01-17 12:04:18','AMBUJACEM',523486,274.8),(82199,'2018-01-17 12:04:23','AMBUJACEM',523690,274.85),(82200,'2018-01-17 12:04:23','COALINDIA',1815950,294.1),(82201,'2018-01-17 12:04:28','AMBUJACEM',523712,274.8),(82202,'2018-01-17 12:04:29','COALINDIA',1818714,293.85),(82203,'2018-01-17 12:04:35','COALINDIA',1818917,294),(82204,'2018-01-17 12:04:38','AMBUJACEM',524017,274.75),(82205,'2018-01-17 12:04:39','BATAINDIA',189234,729.75),(82206,'2018-01-17 12:04:39','COALINDIA',1819063,294.1),(82207,'2018-01-17 12:04:45','BATAINDIA',189803,730.05),(82208,'2018-01-17 12:04:45','AMBUJACEM',524022,274.75),(82209,'2018-01-17 12:04:48','COALINDIA',1819413,294.1),(82210,'2018-01-17 12:04:50','COALINDIA',1820219,294.1),(82211,'2018-01-17 12:04:51','BATAINDIA',189833,730.85),(82212,'2018-01-17 12:05:00','COALINDIA',1820590,294.15),(82213,'2018-01-17 12:05:02','BATAINDIA',189890,731),(82214,'2018-01-17 12:05:12','COALINDIA',1822686,294),(82215,'2018-01-17 12:05:13','AMBUJACEM',524034,274.8),(82216,'2018-01-17 12:05:15','BATAINDIA',189987,731),(82217,'2018-01-17 12:05:24','AMBUJACEM',526789,274.8),(82218,'2018-01-17 12:05:24','COALINDIA',1823786,294),(82219,'2018-01-17 12:05:25','BATAINDIA',190961,730.5),(82220,'2018-01-17 12:05:34','COALINDIA',1824027,294.1),(82221,'2018-01-17 12:05:34','AMBUJACEM',526890,274.8),(82222,'2018-01-17 12:05:35','BATAINDIA',191711,731.25),(82223,'2018-01-17 12:05:44','AMBUJACEM',527171,274.8),(82224,'2018-01-17 12:05:44','BATAINDIA',193027,732.25),(82225,'2018-01-17 12:05:46','COALINDIA',1827040,294),(82226,'2018-01-17 12:05:56','COALINDIA',1827065,294.1),(82227,'2018-01-17 12:05:57','AMBUJACEM',527283,274.8),(82228,'2018-01-17 12:05:58','BATAINDIA',194130,732.45),(82229,'2018-01-17 12:06:07','BATAINDIA',196091,734.4),(82230,'2018-01-17 12:06:07','AMBUJACEM',528087,274.85),(82231,'2018-01-17 12:06:08','COALINDIA',1827908,294),(82232,'2018-01-17 12:06:20','COALINDIA',1828660,294.15),(82233,'2018-01-17 12:06:20','AMBUJACEM',529551,274.85),(82234,'2018-01-17 12:06:21','BATAINDIA',197512,733.85),(82235,'2018-01-17 12:06:30','COALINDIA',1831162,294),(82236,'2018-01-17 12:06:31','AMBUJACEM',529695,274.85),(82237,'2018-01-17 12:06:33','BATAINDIA',197716,733.75),(82238,'2018-01-17 12:06:42','COALINDIA',1831523,294.15),(82239,'2018-01-17 12:06:42','BATAINDIA',197793,733.5),(82240,'2018-01-17 12:06:42','AMBUJACEM',530762,275),(82241,'2018-01-17 12:06:54','BATAINDIA',197820,733.5),(82242,'2018-01-17 12:06:56','AMBUJACEM',530906,274.9),(82243,'2018-01-17 12:06:56','COALINDIA',1832034,294.1),(82244,'2018-01-17 12:07:08','COALINDIA',1832303,294.1),(82245,'2018-01-17 12:07:09','AMBUJACEM',530924,275),(82246,'2018-01-17 12:07:09','BATAINDIA',198281,733.75),(82247,'2018-01-17 12:07:21','COALINDIA',1832748,294.05),(82248,'2018-01-17 12:07:21','BATAINDIA',198700,733.75),(82249,'2018-01-17 12:07:23','AMBUJACEM',534234,274.7),(82250,'2018-01-17 12:07:31','COALINDIA',1834278,294.1),(82251,'2018-01-17 12:07:32','BATAINDIA',200845,734.85),(82252,'2018-01-17 12:07:33','AMBUJACEM',540015,274.7),(82253,'2018-01-17 12:07:45','BATAINDIA',201758,735),(82254,'2018-01-17 12:07:45','COALINDIA',1834460,294.05),(82255,'2018-01-17 12:07:57','AMBUJACEM',540130,274.7),(82256,'2018-01-17 12:07:58','BATAINDIA',202050,734.7),(82257,'2018-01-17 12:07:59','COALINDIA',1843523,294),(82258,'2018-01-17 12:08:10','BATAINDIA',204189,735.95),(82259,'2018-01-17 12:08:10','BATAINDIA',204244,735.9),(82260,'2018-01-17 12:08:11','COALINDIA',1844060,294.05),(82261,'2018-01-17 12:08:12','AMBUJACEM',540132,274.7),(82262,'2018-01-17 12:08:20','COALINDIA',1844175,294.05),(82263,'2018-01-17 12:08:21','BATAINDIA',204897,736.45),(82264,'2018-01-17 12:08:21','AMBUJACEM',540134,274.65),(82265,'2018-01-17 12:08:23','BATAINDIA',205027,736.45),(82266,'2018-01-17 12:08:32','COALINDIA',1846145,294),(82267,'2018-01-17 12:08:33','AMBUJACEM',540139,274.7),(82268,'2018-01-17 12:08:34','BATAINDIA',206501,737.25),(82269,'2018-01-17 12:08:44','AMBUJACEM',545910,274.6),(82270,'2018-01-17 12:08:44','COALINDIA',1846182,294),(82271,'2018-01-17 12:08:46','COALINDIA',1846232,294),(82272,'2018-01-17 12:08:47','BATAINDIA',210541,738.65),(82273,'2018-01-17 12:08:55','AMBUJACEM',545911,274.7),(82274,'2018-01-17 12:08:58','BATAINDIA',211479,738.25),(82275,'2018-01-17 12:08:58','COALINDIA',1848918,294),(82276,'2018-01-17 12:09:05','COALINDIA',1852200,294),(82277,'2018-01-17 12:09:07','AMBUJACEM',545931,274.7),(82278,'2018-01-17 12:09:08','BATAINDIA',217319,739.15),(82279,'2018-01-17 12:09:18','COALINDIA',1852733,294),(82280,'2018-01-17 12:09:20','BATAINDIA',218850,739),(82281,'2018-01-17 12:09:32','AMBUJACEM',546415,274.7),(82282,'2018-01-17 12:09:35','COALINDIA',1853236,294.05),(82283,'2018-01-17 12:09:38','BATAINDIA',220941,738.1),(82284,'2018-01-17 12:09:43','COALINDIA',1855850,294),(82285,'2018-01-17 12:09:44','AMBUJACEM',546514,274.75),(82286,'2018-01-17 12:09:49','BATAINDIA',221852,738.2),(82287,'2018-01-17 12:09:56','AMBUJACEM',546606,274.75),(82288,'2018-01-17 12:09:56','COALINDIA',1856733,294.05),(82289,'2018-01-17 12:09:59','BATAINDIA',222922,737.5),(82290,'2018-01-17 12:10:07','COALINDIA',1857251,294.05),(82291,'2018-01-17 12:10:08','AMBUJACEM',546687,274.8),(82292,'2018-01-17 12:10:09','BATAINDIA',223225,737.75),(82293,'2018-01-17 12:10:10','BATAINDIA',223282,737.75),(82294,'2018-01-17 12:10:11','COALINDIA',1859311,294),(82295,'2018-01-17 12:10:20','BATAINDIA',223707,737.15),(82296,'2018-01-17 12:10:20','AMBUJACEM',546783,274.85),(82297,'2018-01-17 12:10:21','AMBUJACEM',546790,274.85),(82298,'2018-01-17 12:10:21','BATAINDIA',223727,737.15),(82299,'2018-01-17 12:10:22','COALINDIA',1859591,294),(82300,'2018-01-17 12:10:29','COALINDIA',1860057,294),(82301,'2018-01-17 12:10:30','BATAINDIA',223887,737.15),(82302,'2018-01-17 12:10:30','AMBUJACEM',546850,274.85),(82303,'2018-01-17 12:10:31','COALINDIA',1860075,294.05),(82304,'2018-01-17 12:10:33','BATAINDIA',223989,737.15),(82305,'2018-01-17 12:10:42','COALINDIA',1864037,294),(82306,'2018-01-17 12:10:45','AMBUJACEM',546939,274.85),(82307,'2018-01-17 12:10:45','COALINDIA',1864489,294),(82308,'2018-01-17 12:10:50','BATAINDIA',225057,737.5),(82309,'2018-01-17 12:10:56','COALINDIA',1864595,294.05),(82310,'2018-01-17 12:10:56','AMBUJACEM',546974,274.85),(82311,'2018-01-17 12:10:57','BATAINDIA',225225,737.6),(82312,'2018-01-17 12:11:07','COALINDIA',1865330,294),(82313,'2018-01-17 12:11:07','AMBUJACEM',547364,274.75),(82314,'2018-01-17 12:11:08','BATAINDIA',225358,737.75),(82315,'2018-01-17 12:11:18','COALINDIA',1866091,294),(82316,'2018-01-17 12:11:19','AMBUJACEM',547374,274.75),(82317,'2018-01-17 12:11:21','BATAINDIA',227397,737.15),(82318,'2018-01-17 12:11:30','COALINDIA',1866733,294),(82319,'2018-01-17 12:11:32','BATAINDIA',227603,737.3),(82320,'2018-01-17 12:11:32','AMBUJACEM',547381,274.75),(82321,'2018-01-17 12:11:44','BATAINDIA',228021,737.7),(82322,'2018-01-17 12:11:46','COALINDIA',1867220,294),(82323,'2018-01-17 12:11:46','AMBUJACEM',547386,274.75),(82324,'2018-01-17 12:11:55','BATAINDIA',228431,737.7),(82325,'2018-01-17 12:11:56','COALINDIA',1868336,294),(82326,'2018-01-17 12:11:58','AMBUJACEM',547387,274.75),(82327,'2018-01-17 12:12:08','COALINDIA',1870434,294),(82328,'2018-01-17 12:12:11','AMBUJACEM',547404,274.75),(82329,'2018-01-17 12:12:11','BATAINDIA',228947,737.55),(82330,'2018-01-17 12:12:25','AMBUJACEM',547492,274.75),(82331,'2018-01-17 12:12:25','COALINDIA',1872273,294.05),(82332,'2018-01-17 12:12:26','BATAINDIA',230273,736.55),(82333,'2018-01-17 12:12:35','COALINDIA',1873805,294.05),(82334,'2018-01-17 12:12:36','AMBUJACEM',547540,274.75),(82335,'2018-01-17 12:12:36','BATAINDIA',230713,736.55),(82336,'2018-01-17 12:12:50','AMBUJACEM',547934,274.75),(82337,'2018-01-17 12:12:50','COALINDIA',1874251,294),(82338,'2018-01-17 12:12:50','BATAINDIA',232216,737),(82339,'2018-01-17 12:13:02','AMBUJACEM',548038,274.75),(82340,'2018-01-17 12:13:02','COALINDIA',1875070,294),(82341,'2018-01-17 12:13:02','BATAINDIA',233401,736.3),(82342,'2018-01-17 12:13:11','BATAINDIA',233578,736.35),(82343,'2018-01-17 12:13:12','COALINDIA',1875157,294),(82344,'2018-01-17 12:13:13','AMBUJACEM',548076,274.8),(82345,'2018-01-17 12:13:24','BATAINDIA',234127,735.35),(82346,'2018-01-17 12:13:24','AMBUJACEM',548077,274.8),(82347,'2018-01-17 12:13:26','COALINDIA',1875680,294.05),(82348,'2018-01-17 12:13:35','COALINDIA',1876492,294),(82349,'2018-01-17 12:13:37','AMBUJACEM',548092,274.8),(82350,'2018-01-17 12:13:38','BATAINDIA',234283,735.5),(82351,'2018-01-17 12:13:46','COALINDIA',1876505,294),(82352,'2018-01-17 12:13:48','BATAINDIA',234340,735.55),(82353,'2018-01-17 12:13:48','AMBUJACEM',548250,274.85),(82354,'2018-01-17 12:13:56','COALINDIA',1879904,294),(82355,'2018-01-17 12:13:59','BATAINDIA',235165,735.55),(82356,'2018-01-17 12:13:59','AMBUJACEM',548532,274.85),(82357,'2018-01-17 12:14:08','AMBUJACEM',548543,274.75),(82358,'2018-01-17 12:14:08','COALINDIA',1884326,294.05),(82359,'2018-01-17 12:14:08','BATAINDIA',235815,735.55),(82360,'2018-01-17 12:14:09','AMBUJACEM',548563,274.85),(82361,'2018-01-17 12:14:09','BATAINDIA',236272,735.5),(82362,'2018-01-17 12:14:10','AMBUJACEM',548566,274.75),(82363,'2018-01-17 12:14:16','COALINDIA',1886625,294),(82364,'2018-01-17 12:14:17','AMBUJACEM',548573,274.85),(82365,'2018-01-17 12:14:18','BATAINDIA',236388,735.6),(82366,'2018-01-17 12:14:18','COALINDIA',1889796,294),(82367,'2018-01-17 12:14:19','BATAINDIA',236644,735.6),(82368,'2018-01-17 12:14:29','BATAINDIA',236885,735.6),(82369,'2018-01-17 12:14:29','AMBUJACEM',550052,274.7),(82370,'2018-01-17 12:14:32','COALINDIA',1895230,294),(82371,'2018-01-17 12:14:40','AMBUJACEM',550153,274.7),(82372,'2018-01-17 12:14:41','BATAINDIA',237447,736),(82373,'2018-01-17 12:14:42','COALINDIA',1898491,294),(82374,'2018-01-17 12:14:52','AMBUJACEM',551585,274.65),(82375,'2018-01-17 12:14:52','COALINDIA',1912666,294),(82376,'2018-01-17 12:14:56','BATAINDIA',238617,736.5),(82377,'2018-01-17 12:15:03','BATAINDIA',239230,736.4),(82378,'2018-01-17 12:15:03','AMBUJACEM',552005,274.65),(82379,'2018-01-17 12:15:06','COALINDIA',1915791,294),(82380,'2018-01-17 12:15:16','BATAINDIA',239287,736.45),(82381,'2018-01-17 12:15:16','COALINDIA',1919156,294),(82382,'2018-01-17 12:15:17','AMBUJACEM',552055,274.65),(82383,'2018-01-17 12:15:27','BATAINDIA',239354,736.5),(82384,'2018-01-17 12:15:28','COALINDIA',1922805,294.05),(82385,'2018-01-17 12:15:31','AMBUJACEM',553357,274.55),(82386,'2018-01-17 12:15:39','COALINDIA',1922845,294),(82387,'2018-01-17 12:15:40','BATAINDIA',239511,736.45),(82388,'2018-01-17 12:15:42','AMBUJACEM',553362,274.6),(82389,'2018-01-17 12:15:51','AMBUJACEM',553376,274.6),(82390,'2018-01-17 12:15:53','COALINDIA',1923773,294),(82391,'2018-01-17 12:15:56','BATAINDIA',239621,736.35),(82392,'2018-01-17 12:16:03','COALINDIA',1925613,294),(82393,'2018-01-17 12:16:05','AMBUJACEM',553420,274.6),(82394,'2018-01-17 12:16:09','AMBUJACEM',553421,274.6),(82395,'2018-01-17 12:16:10','COALINDIA',1926780,294),(82396,'2018-01-17 12:16:10','BATAINDIA',239679,736.35),(82397,'2018-01-17 12:16:18','AMBUJACEM',554432,274.7),(82398,'2018-01-17 12:16:20','COALINDIA',1927118,294),(82399,'2018-01-17 12:16:24','BATAINDIA',239802,736.25),(82400,'2018-01-17 12:16:32','AMBUJACEM',554435,274.75),(82401,'2018-01-17 12:16:32','COALINDIA',1927868,294),(82402,'2018-01-17 12:16:33','BATAINDIA',239834,736.3),(82403,'2018-01-17 12:16:35','AMBUJACEM',554491,274.9),(82404,'2018-01-17 12:16:35','COALINDIA',1927935,294),(82405,'2018-01-17 12:16:46','COALINDIA',1928463,294.05),(82406,'2018-01-17 12:16:47','AMBUJACEM',554501,274.85),(82407,'2018-01-17 12:16:48','BATAINDIA',239915,736.15),(82408,'2018-01-17 12:16:49','BATAINDIA',239971,736.15),(82409,'2018-01-17 12:16:49','AMBUJACEM',554541,274.85),(82410,'2018-01-17 12:17:02','AMBUJACEM',554548,274.85),(82411,'2018-01-17 12:17:04','BATAINDIA',240178,736.4),(82412,'2018-01-17 12:17:04','COALINDIA',1930492,294.05),(82413,'2018-01-17 12:17:14','COALINDIA',1930937,294),(82414,'2018-01-17 12:17:15','AMBUJACEM',554908,274.85),(82415,'2018-01-17 12:17:15','BATAINDIA',240183,736.15),(82416,'2018-01-17 12:17:26','COALINDIA',1935246,294.1),(82417,'2018-01-17 12:17:26','AMBUJACEM',555068,274.85),(82418,'2018-01-17 12:17:27','BATAINDIA',240303,736.35),(82419,'2018-01-17 12:17:37','AMBUJACEM',555200,274.85),(82420,'2018-01-17 12:17:37','COALINDIA',1937188,294),(82421,'2018-01-17 12:17:38','BATAINDIA',240418,736.15),(82422,'2018-01-17 12:17:48','COALINDIA',1937943,294),(82423,'2018-01-17 12:17:49','AMBUJACEM',555474,274.85),(82424,'2018-01-17 12:17:50','BATAINDIA',240475,736.1),(82425,'2018-01-17 12:18:00','AMBUJACEM',555505,274.85),(82426,'2018-01-17 12:18:01','COALINDIA',1941311,294),(82427,'2018-01-17 12:18:04','BATAINDIA',240635,736),(82428,'2018-01-17 12:18:07','COALINDIA',1941455,294.05),(82429,'2018-01-17 12:18:09','AMBUJACEM',555536,274.85),(82430,'2018-01-17 12:18:10','BATAINDIA',240691,735.65),(82431,'2018-01-17 12:18:20','COALINDIA',1942212,294.05),(82432,'2018-01-17 12:18:20','AMBUJACEM',555569,274.85),(82433,'2018-01-17 12:18:22','BATAINDIA',240885,735.55),(82434,'2018-01-17 12:18:26','COALINDIA',1942307,294.05),(82435,'2018-01-17 12:18:27','AMBUJACEM',555601,274.85),(82436,'2018-01-17 12:18:28','BATAINDIA',240985,736.1),(82437,'2018-01-17 12:18:31','COALINDIA',1942937,294.1),(82438,'2018-01-17 12:18:35','BATAINDIA',241041,735.75),(82439,'2018-01-17 12:18:36','AMBUJACEM',555633,274.85),(82440,'2018-01-17 12:18:37','COALINDIA',1943288,294.1),(82441,'2018-01-17 12:18:42','COALINDIA',1945706,294.05),(82442,'2018-01-17 12:18:43','AMBUJACEM',555666,274.85),(82443,'2018-01-17 12:18:49','COALINDIA',1947646,294.1),(82444,'2018-01-17 12:18:51','BATAINDIA',241092,735.75),(82445,'2018-01-17 12:18:56','AMBUJACEM',556170,274.9),(82446,'2018-01-17 12:18:56','BATAINDIA',241154,735.65),(82447,'2018-01-17 12:18:56','COALINDIA',1948634,294.05),(82448,'2018-01-17 12:19:06','COALINDIA',1949549,294.15),(82449,'2018-01-17 12:19:07','BATAINDIA',241488,735.55),(82450,'2018-01-17 12:19:08','AMBUJACEM',556224,274.85),(82451,'2018-01-17 12:19:18','BATAINDIA',241598,736),(82452,'2018-01-17 12:19:20','AMBUJACEM',556483,274.9),(82453,'2018-01-17 12:19:20','COALINDIA',1950181,294.15),(82454,'2018-01-17 12:19:30','COALINDIA',1952404,294.15),(82455,'2018-01-17 12:19:32','BATAINDIA',241795,736.15),(82456,'2018-01-17 12:19:32','AMBUJACEM',556513,274.9),(82457,'2018-01-17 12:19:42','COALINDIA',1952805,294.05),(82458,'2018-01-17 12:19:42','AMBUJACEM',556598,274.9),(82459,'2018-01-17 12:19:44','BATAINDIA',241879,736.25),(82460,'2018-01-17 12:19:54','AMBUJACEM',556762,274.9),(82461,'2018-01-17 12:19:56','COALINDIA',1957883,294.05),(82462,'2018-01-17 12:19:57','BATAINDIA',243837,734.8),(82463,'2018-01-17 12:20:06','COALINDIA',1960183,294.1),(82464,'2018-01-17 12:20:07','AMBUJACEM',556828,274.9),(82465,'2018-01-17 12:20:08','BATAINDIA',244257,734.55),(82466,'2018-01-17 12:20:18','COALINDIA',1961066,294.1),(82467,'2018-01-17 12:20:20','AMBUJACEM',556861,274.9),(82468,'2018-01-17 12:20:20','BATAINDIA',244391,734.85),(82469,'2018-01-17 12:20:29','AMBUJACEM',556922,274.9),(82470,'2018-01-17 12:20:32','BATAINDIA',244453,735.05),(82471,'2018-01-17 12:20:34','COALINDIA',1961141,294.1),(82472,'2018-01-17 12:20:41','COALINDIA',1963486,294.15),(82473,'2018-01-17 12:20:42','AMBUJACEM',557750,274.95),(82474,'2018-01-17 12:20:45','BATAINDIA',245131,735.4),(82475,'2018-01-17 12:20:48','COALINDIA',1963502,294.2),(82476,'2018-01-17 12:20:54','COALINDIA',1966987,294.25),(82477,'2018-01-17 12:20:54','BATAINDIA',245407,736),(82478,'2018-01-17 12:20:56','AMBUJACEM',558304,275),(82479,'2018-01-17 12:21:05','BATAINDIA',245669,735.6),(82480,'2018-01-17 12:21:05','COALINDIA',1967888,294.25),(82481,'2018-01-17 12:21:07','AMBUJACEM',558374,274.9),(82482,'2018-01-17 12:21:18','AMBUJACEM',558434,274.95),(82483,'2018-01-17 12:21:18','COALINDIA',1971221,294.2),(82484,'2018-01-17 12:21:19','BATAINDIA',245756,735.5),(82485,'2018-01-17 12:21:32','AMBUJACEM',558658,275),(82486,'2018-01-17 12:21:33','COALINDIA',1977757,294.25),(82487,'2018-01-17 12:21:35','BATAINDIA',245998,735.25),(82488,'2018-01-17 12:21:45','COALINDIA',1977772,294.1),(82489,'2018-01-17 12:21:46','BATAINDIA',246650,735.4),(82490,'2018-01-17 12:21:47','AMBUJACEM',558723,274.95),(82491,'2018-01-17 12:21:57','AMBUJACEM',558756,275),(82492,'2018-01-17 12:21:58','BATAINDIA',246706,735.1),(82493,'2018-01-17 12:21:59','COALINDIA',1978155,294.1),(82494,'2018-01-17 12:22:07','AMBUJACEM',559391,274.95),(82495,'2018-01-17 12:22:08','BATAINDIA',246762,735.2),(82496,'2018-01-17 12:22:09','COALINDIA',1978722,294.2),(82497,'2018-01-17 12:22:10','COALINDIA',1978732,294.1),(82498,'2018-01-17 12:22:11','AMBUJACEM',559421,274.95),(82499,'2018-01-17 12:22:14','BATAINDIA',246844,735.2),(82500,'2018-01-17 12:22:19','BATAINDIA',247005,735.05),(82501,'2018-01-17 12:22:19','COALINDIA',1978752,294.1),(82502,'2018-01-17 12:22:20','AMBUJACEM',559502,274.95),(82503,'2018-01-17 12:22:23','AMBUJACEM',559503,274.95),(82504,'2018-01-17 12:22:23','COALINDIA',1978777,294.1),(82505,'2018-01-17 12:22:30','COALINDIA',1979424,294.2),(82506,'2018-01-17 12:22:30','BATAINDIA',247151,735.65),(82507,'2018-01-17 12:22:31','AMBUJACEM',559533,274.95),(82508,'2018-01-17 12:22:35','AMBUJACEM',559534,274.95),(82509,'2018-01-17 12:22:42','COALINDIA',1980645,294.2),(82510,'2018-01-17 12:22:42','BATAINDIA',247208,735.1),(82511,'2018-01-17 12:22:43','AMBUJACEM',559568,274.95),(82512,'2018-01-17 12:22:46','COALINDIA',1982992,294.1),(82513,'2018-01-17 12:22:46','AMBUJACEM',560099,274.95),(82514,'2018-01-17 12:22:49','BATAINDIA',247608,735.05),(82515,'2018-01-17 12:22:54','COALINDIA',1984789,294.1),(82516,'2018-01-17 12:22:54','BATAINDIA',247664,735.05),(82517,'2018-01-17 12:22:54','AMBUJACEM',560131,274.95),(82518,'2018-01-17 12:23:07','COALINDIA',1985329,294.1),(82519,'2018-01-17 12:23:07','AMBUJACEM',560165,274.95),(82520,'2018-01-17 12:23:07','BATAINDIA',247755,735.05),(82521,'2018-01-17 12:23:18','AMBUJACEM',560198,274.95),(82522,'2018-01-17 12:23:18','COALINDIA',1985885,294),(82523,'2018-01-17 12:23:21','BATAINDIA',247812,735.1),(82524,'2018-01-17 12:23:29','AMBUJACEM',560460,274.95),(82525,'2018-01-17 12:23:30','COALINDIA',1989006,294.1),(82526,'2018-01-17 12:23:33','BATAINDIA',247984,735.25),(82527,'2018-01-17 12:23:41','AMBUJACEM',560493,274.95),(82528,'2018-01-17 12:23:42','BATAINDIA',248042,735.3),(82529,'2018-01-17 12:23:42','COALINDIA',1989380,294.1),(82530,'2018-01-17 12:23:53','COALINDIA',1991760,294.05),(82531,'2018-01-17 12:23:53','AMBUJACEM',560524,274.9),(82532,'2018-01-17 12:23:53','BATAINDIA',248173,735.2),(82533,'2018-01-17 12:24:06','AMBUJACEM',560592,274.95),(82534,'2018-01-17 12:24:07','BATAINDIA',248242,735.15),(82535,'2018-01-17 12:24:09','COALINDIA',1992392,294.05),(82536,'2018-01-17 12:24:09','COALINDIA',1992442,294),(82537,'2018-01-17 12:24:15','BATAINDIA',248248,735.15),(82538,'2018-01-17 12:24:20','COALINDIA',1993083,294.05),(82539,'2018-01-17 12:24:21','AMBUJACEM',560726,274.9),(82540,'2018-01-17 12:24:23','BATAINDIA',248411,735.05),(82541,'2018-01-17 12:24:25','AMBUJACEM',560755,274.9),(82542,'2018-01-17 12:24:26','COALINDIA',1993108,294.05),(82543,'2018-01-17 12:24:31','AMBUJACEM',560756,274.95),(82544,'2018-01-17 12:24:32','COALINDIA',1993111,294),(82545,'2018-01-17 12:24:34','BATAINDIA',248471,735),(82546,'2018-01-17 12:24:39','BATAINDIA',248656,734.75),(82547,'2018-01-17 12:24:41','AMBUJACEM',560890,274.9),(82548,'2018-01-17 12:24:42','COALINDIA',1993467,294.05),(82549,'2018-01-17 12:24:43','AMBUJACEM',560920,274.9),(82550,'2018-01-17 12:24:44','COALINDIA',1993678,294.05),(82551,'2018-01-17 12:24:51','COALINDIA',1993842,294.05),(82552,'2018-01-17 12:24:53','BATAINDIA',248784,734.5),(82553,'2018-01-17 12:24:53','AMBUJACEM',560952,274.9),(82554,'2018-01-17 12:25:03','BATAINDIA',248871,734),(82555,'2018-01-17 12:25:03','COALINDIA',1994396,294.15),(82556,'2018-01-17 12:25:04','AMBUJACEM',560982,274.9),(82557,'2018-01-17 12:25:14','COALINDIA',1994683,294.1),(82558,'2018-01-17 12:25:14','AMBUJACEM',561018,274.95),(82559,'2018-01-17 12:25:16','BATAINDIA',249060,733.55),(82560,'2018-01-17 12:25:27','BATAINDIA',249295,734),(82561,'2018-01-17 12:25:28','AMBUJACEM',561047,274.95),(82562,'2018-01-17 12:25:31','COALINDIA',2018242,294),(82563,'2018-01-17 12:25:39','BATAINDIA',249775,732.75),(82564,'2018-01-17 12:25:39','AMBUJACEM',561315,274.95),(82565,'2018-01-17 12:25:41','COALINDIA',2021036,294.1),(82566,'2018-01-17 12:25:50','COALINDIA',2021086,294.05),(82567,'2018-01-17 12:25:51','BATAINDIA',250164,731.8),(82568,'2018-01-17 12:25:51','AMBUJACEM',561347,274.95),(82569,'2018-01-17 12:26:05','BATAINDIA',250518,732),(82570,'2018-01-17 12:26:06','AMBUJACEM',561617,274.9),(82571,'2018-01-17 12:26:07','COALINDIA',2021553,294.1),(82572,'2018-01-17 12:26:08','BATAINDIA',250768,732),(82573,'2018-01-17 12:26:09','AMBUJACEM',561638,274.9),(82574,'2018-01-17 12:26:09','COALINDIA',2023838,294),(82575,'2018-01-17 12:26:21','COALINDIA',2026611,294.05),(82576,'2018-01-17 12:26:23','BATAINDIA',250794,732.1),(82577,'2018-01-17 12:26:25','AMBUJACEM',561721,274.9),(82578,'2018-01-17 12:26:26','AMBUJACEM',561815,274.95),(82579,'2018-01-17 12:26:26','BATAINDIA',250799,732.1),(82580,'2018-01-17 12:26:28','COALINDIA',2026613,294.1),(82581,'2018-01-17 12:26:35','AMBUJACEM',562350,274.9),(82582,'2018-01-17 12:26:36','COALINDIA',2027351,294.1),(82583,'2018-01-17 12:26:38','BATAINDIA',250844,732.15),(82584,'2018-01-17 12:26:39','AMBUJACEM',562370,274.9),(82585,'2018-01-17 12:26:49','AMBUJACEM',563147,275),(82586,'2018-01-17 12:26:49','BATAINDIA',250907,733),(82587,'2018-01-17 12:26:49','COALINDIA',2030745,294.1),(82588,'2018-01-17 12:26:53','COALINDIA',2031712,294.1),(82589,'2018-01-17 12:27:00','AMBUJACEM',563176,274.95),(82590,'2018-01-17 12:27:00','COALINDIA',2033999,294.1),(82591,'2018-01-17 12:27:01','BATAINDIA',250972,733),(82592,'2018-01-17 12:27:07','COALINDIA',2034099,294.05),(82593,'2018-01-17 12:27:07','AMBUJACEM',563256,274.95),(82594,'2018-01-17 12:27:09','BATAINDIA',251017,733),(82595,'2018-01-17 12:27:22','COALINDIA',2036766,294.05),(82596,'2018-01-17 12:27:24','AMBUJACEM',567429,275.1),(82597,'2018-01-17 12:27:26','BATAINDIA',251136,732.8),(82598,'2018-01-17 12:27:38','COALINDIA',2037276,294.1),(82599,'2018-01-17 12:27:40','AMBUJACEM',569220,274.9),(82600,'2018-01-17 12:27:41','BATAINDIA',251467,733.05),(82601,'2018-01-17 12:27:51','BATAINDIA',252059,732.9),(82602,'2018-01-17 12:27:52','COALINDIA',2037630,294.2),(82603,'2018-01-17 12:27:53','AMBUJACEM',570236,274.9),(82604,'2018-01-17 12:28:04','COALINDIA',2038315,294.2),(82605,'2018-01-17 12:28:04','AMBUJACEM',580801,274.85),(82606,'2018-01-17 12:28:07','AMBUJACEM',580937,275),(82607,'2018-01-17 12:28:08','COALINDIA',2038833,294.2),(82608,'2018-01-17 12:28:08','BATAINDIA',252115,733.15),(82609,'2018-01-17 12:28:09','BATAINDIA',252172,733.1),(82610,'2018-01-17 12:28:16','BATAINDIA',252288,733.05),(82611,'2018-01-17 12:28:16','AMBUJACEM',580957,275),(82612,'2018-01-17 12:28:18','COALINDIA',2038884,294.15),(82613,'2018-01-17 12:28:19','COALINDIA',2038885,294.2),(82614,'2018-01-17 12:28:21','BATAINDIA',252344,732.65),(82615,'2018-01-17 12:28:27','AMBUJACEM',581461,275),(82616,'2018-01-17 12:28:29','BATAINDIA',252451,733),(82617,'2018-01-17 12:28:29','COALINDIA',2039370,294.2),(82618,'2018-01-17 12:28:32','AMBUJACEM',581541,275),(82619,'2018-01-17 12:28:38','COALINDIA',2040015,294.2),(82620,'2018-01-17 12:28:39','AMBUJACEM',581771,275.25),(82621,'2018-01-17 12:28:39','BATAINDIA',252452,733),(82622,'2018-01-17 12:28:44','AMBUJACEM',582568,275.35),(82623,'2018-01-17 12:28:45','COALINDIA',2040115,294.2),(82624,'2018-01-17 12:28:47','BATAINDIA',252508,733),(82625,'2018-01-17 12:28:50','AMBUJACEM',582748,275.35),(82626,'2018-01-17 12:28:51','COALINDIA',2040966,294.25),(82627,'2018-01-17 12:28:54','COALINDIA',2041245,294.25),(82628,'2018-01-17 12:28:55','AMBUJACEM',582914,275.35),(82629,'2018-01-17 12:28:55','BATAINDIA',252565,733.35),(82630,'2018-01-17 12:29:00','BATAINDIA',252621,733.2),(82631,'2018-01-17 12:29:02','AMBUJACEM',583174,275.3),(82632,'2018-01-17 12:29:05','COALINDIA',2043448,294.2),(82633,'2018-01-17 12:29:06','AMBUJACEM',583406,275.35),(82634,'2018-01-17 12:29:19','AMBUJACEM',584436,275),(82635,'2018-01-17 12:29:19','BATAINDIA',252683,733.6),(82636,'2018-01-17 12:29:20','COALINDIA',2043871,294.15),(82637,'2018-01-17 12:29:28','AMBUJACEM',584527,274.95),(82638,'2018-01-17 12:29:29','COALINDIA',2046422,293.95),(82639,'2018-01-17 12:29:29','BATAINDIA',252797,733.25),(82640,'2018-01-17 12:29:40','AMBUJACEM',584806,275),(82641,'2018-01-17 12:29:41','COALINDIA',2046766,294.1),(82642,'2018-01-17 12:29:43','BATAINDIA',253053,733.3),(82643,'2018-01-17 12:29:52','AMBUJACEM',584837,274.95),(82644,'2018-01-17 12:29:53','COALINDIA',2047228,294.1),(82645,'2018-01-17 12:29:53','BATAINDIA',253110,733.35),(82646,'2018-01-17 12:30:04','AMBUJACEM',585435,275.35),(82647,'2018-01-17 12:30:06','BATAINDIA',253244,733.35),(82648,'2018-01-17 12:30:08','COALINDIA',2048882,294.25),(82649,'2018-01-17 12:30:09','COALINDIA',2049977,294.3),(82650,'2018-01-17 12:30:10','AMBUJACEM',586284,275.15),(82651,'2018-01-17 12:30:15','BATAINDIA',253452,733.85),(82652,'2018-01-17 12:30:15','AMBUJACEM',586290,275.25),(82653,'2018-01-17 12:30:20','COALINDIA',2050627,294.3),(82654,'2018-01-17 12:30:21','BATAINDIA',253513,733.6),(82655,'2018-01-17 12:30:21','AMBUJACEM',586703,275.35),(82656,'2018-01-17 12:30:28','COALINDIA',2052647,294.3),(82657,'2018-01-17 12:30:28','AMBUJACEM',586732,275.25),(82658,'2018-01-17 12:30:30','BATAINDIA',253515,734),(82659,'2018-01-17 12:30:31','COALINDIA',2052682,294.3),(82660,'2018-01-17 12:30:32','AMBUJACEM',586760,275.25),(82661,'2018-01-17 12:30:32','BATAINDIA',253560,733.8),(82662,'2018-01-17 12:30:38','COALINDIA',2053523,294.25),(82663,'2018-01-17 12:30:39','AMBUJACEM',586799,275.25),(82664,'2018-01-17 12:30:40','BATAINDIA',253639,733.45),(82665,'2018-01-17 12:30:44','AMBUJACEM',586868,275.25),(82666,'2018-01-17 12:30:55','AMBUJACEM',586900,275.25),(82667,'2018-01-17 12:30:56','COALINDIA',2053723,294.4),(82668,'2018-01-17 12:30:58','BATAINDIA',253827,733.1),(82669,'2018-01-17 12:31:06','COALINDIA',2054550,294.5),(82670,'2018-01-17 12:31:08','AMBUJACEM',586978,275.3),(82671,'2018-01-17 12:31:10','BATAINDIA',253943,733.9),(82672,'2018-01-17 12:31:18','BATAINDIA',254550,733.2),(82673,'2018-01-17 12:31:18','AMBUJACEM',587420,275.4),(82674,'2018-01-17 12:31:20','COALINDIA',2054901,294.5),(82675,'2018-01-17 12:31:30','COALINDIA',2055327,294.4),(82676,'2018-01-17 12:31:30','AMBUJACEM',587469,275.25),(82677,'2018-01-17 12:31:32','BATAINDIA',254635,732.8),(82678,'2018-01-17 12:31:43','AMBUJACEM',587586,275.25),(82679,'2018-01-17 12:31:43','BATAINDIA',254854,732.75),(82680,'2018-01-17 12:31:43','COALINDIA',2055946,294.5),(82681,'2018-01-17 12:31:55','AMBUJACEM',587617,275.25),(82682,'2018-01-17 12:31:55','COALINDIA',2057149,294.5),(82683,'2018-01-17 12:31:57','BATAINDIA',258654,732.4),(82684,'2018-01-17 12:32:07','COALINDIA',2057625,294.4),(82685,'2018-01-17 12:32:07','BATAINDIA',258710,732.6),(82686,'2018-01-17 12:32:09','AMBUJACEM',587652,275.25),(82687,'2018-01-17 12:32:12','COALINDIA',2058825,294.55),(82688,'2018-01-17 12:32:19','COALINDIA',2068134,294.15),(82689,'2018-01-17 12:32:19','AMBUJACEM',587945,275.15),(82690,'2018-01-17 12:32:21','BATAINDIA',259105,733.05),(82691,'2018-01-17 12:32:22','COALINDIA',2069813,294),(82692,'2018-01-17 12:32:31','AMBUJACEM',588145,275.15),(82693,'2018-01-17 12:32:33','COALINDIA',2070179,294.25),(82694,'2018-01-17 12:32:33','BATAINDIA',260959,731.75),(82695,'2018-01-17 12:32:43','BATAINDIA',260970,731.95),(82696,'2018-01-17 12:32:44','AMBUJACEM',588221,275),(82697,'2018-01-17 12:32:44','COALINDIA',2070206,294.15),(82698,'2018-01-17 12:32:54','COALINDIA',2071240,294.1),(82699,'2018-01-17 12:32:55','AMBUJACEM',588255,275.05),(82700,'2018-01-17 12:32:58','BATAINDIA',261507,733.05),(82701,'2018-01-17 12:33:07','AMBUJACEM',588288,275.05),(82702,'2018-01-17 12:33:08','BATAINDIA',261513,732.55),(82703,'2018-01-17 12:33:09','COALINDIA',2071375,294.2),(82704,'2018-01-17 12:33:16','BATAINDIA',261547,732),(82705,'2018-01-17 12:33:16','AMBUJACEM',588686,275.05),(82706,'2018-01-17 12:33:19','COALINDIA',2071726,294.2),(82707,'2018-01-17 12:33:28','COALINDIA',2074138,294.05),(82708,'2018-01-17 12:33:29','AMBUJACEM',588810,275.05),(82709,'2018-01-17 12:33:30','BATAINDIA',261693,731.9),(82710,'2018-01-17 12:33:38','COALINDIA',2075444,294.05),(82711,'2018-01-17 12:33:42','AMBUJACEM',588859,275.1),(82712,'2018-01-17 12:33:43','BATAINDIA',261743,731.45),(82713,'2018-01-17 12:33:51','BATAINDIA',261906,732),(82714,'2018-01-17 12:33:51','COALINDIA',2075877,294.15),(82715,'2018-01-17 12:33:52','AMBUJACEM',588917,275.1),(82716,'2018-01-17 12:34:02','BATAINDIA',262409,732.5),(82717,'2018-01-17 12:34:02','AMBUJACEM',588996,275.1),(82718,'2018-01-17 12:34:05','COALINDIA',2075922,294.15),(82719,'2018-01-17 12:34:07','BATAINDIA',262609,733.35),(82720,'2018-01-17 12:34:09','COALINDIA',2076428,294),(82721,'2018-01-17 12:34:10','AMBUJACEM',589165,275.1),(82722,'2018-01-17 12:34:12','COALINDIA',2077044,293.95),(82723,'2018-01-17 12:34:17','BATAINDIA',262654,732.6),(82724,'2018-01-17 12:34:19','AMBUJACEM',589220,275.1),(82725,'2018-01-17 12:34:20','COALINDIA',2080480,294),(82726,'2018-01-17 12:34:26','AMBUJACEM',589297,275.05),(82727,'2018-01-17 12:34:27','COALINDIA',2080574,293.9),(82728,'2018-01-17 12:34:28','COALINDIA',2080924,293.95),(82729,'2018-01-17 12:34:38','AMBUJACEM',589344,275.05),(82730,'2018-01-17 12:34:39','BATAINDIA',262724,732.5),(82731,'2018-01-17 12:34:39','COALINDIA',2081506,293.85),(82732,'2018-01-17 12:34:42','AMBUJACEM',589348,275.1),(82733,'2018-01-17 12:34:52','AMBUJACEM',589380,275.1),(82734,'2018-01-17 12:34:53','BATAINDIA',262736,732.3),(82735,'2018-01-17 12:34:53','COALINDIA',2081869,293.8),(82736,'2018-01-17 12:35:04','BATAINDIA',262747,732.3),(82737,'2018-01-17 12:35:05','AMBUJACEM',589438,275.1),(82738,'2018-01-17 12:35:05','COALINDIA',2083465,293.65),(82739,'2018-01-17 12:35:14','COALINDIA',2084149,293.65),(82740,'2018-01-17 12:35:15','AMBUJACEM',589535,275.1),(82741,'2018-01-17 12:35:16','BATAINDIA',263379,732.85),(82742,'2018-01-17 12:35:26','BATAINDIA',263476,732.5),(82743,'2018-01-17 12:35:27','COALINDIA',2084733,293.65),(82744,'2018-01-17 12:35:28','AMBUJACEM',589567,275.1),(82745,'2018-01-17 12:35:38','AMBUJACEM',593205,275.1),(82746,'2018-01-17 12:35:38','BATAINDIA',263536,733.5),(82747,'2018-01-17 12:35:38','COALINDIA',2085027,293.55),(82748,'2018-01-17 12:35:48','COALINDIA',2089956,293.3),(82749,'2018-01-17 12:35:48','BATAINDIA',263642,733.85),(82750,'2018-01-17 12:35:50','AMBUJACEM',593731,275.15),(82751,'2018-01-17 12:36:01','AMBUJACEM',595881,275.1),(82752,'2018-01-17 12:36:02','COALINDIA',2090614,293.35),(82753,'2018-01-17 12:36:05','BATAINDIA',263726,733.25),(82754,'2018-01-17 12:36:07','COALINDIA',2093525,293.4),(82755,'2018-01-17 12:36:08','AMBUJACEM',595928,275.1),(82756,'2018-01-17 12:36:11','COALINDIA',2093564,293.4),(82757,'2018-01-17 12:36:12','BATAINDIA',263943,733.7),(82758,'2018-01-17 12:36:17','BATAINDIA',263963,733.9),(82759,'2018-01-17 12:36:22','BATAINDIA',264026,733.4),(82760,'2018-01-17 12:36:22','COALINDIA',2095326,293.5),(82761,'2018-01-17 12:36:22','AMBUJACEM',596064,275.1),(82762,'2018-01-17 12:36:30','COALINDIA',2098472,293.4),(82763,'2018-01-17 12:36:31','BATAINDIA',264088,733.45),(82764,'2018-01-17 12:36:31','AMBUJACEM',596092,275.1),(82765,'2018-01-17 12:36:35','BATAINDIA',264090,733.9),(82766,'2018-01-17 12:36:35','AMBUJACEM',596122,275.1),(82767,'2018-01-17 12:36:44','COALINDIA',2098823,293.5),(82768,'2018-01-17 12:36:47','AMBUJACEM',596170,275.1),(82769,'2018-01-17 12:36:47','BATAINDIA',265213,734.4),(82770,'2018-01-17 12:36:48','COALINDIA',2098922,293.4),(82771,'2018-01-17 12:36:48','BATAINDIA',265272,734.4),(82772,'2018-01-17 12:37:00','AMBUJACEM',596251,275.1),(82773,'2018-01-17 12:37:00','COALINDIA',2099675,293.4),(82774,'2018-01-17 12:37:01','BATAINDIA',265587,734.45),(82775,'2018-01-17 12:37:12','COALINDIA',2101486,293.35),(82776,'2018-01-17 12:37:14','BATAINDIA',266144,734.1),(82777,'2018-01-17 12:37:15','AMBUJACEM',596304,275.1),(82778,'2018-01-17 12:37:28','AMBUJACEM',596364,275.1),(82779,'2018-01-17 12:37:28','BATAINDIA',266270,734.8),(82780,'2018-01-17 12:37:31','COALINDIA',2105568,293.35),(82781,'2018-01-17 12:37:39','BATAINDIA',266337,734.65),(82782,'2018-01-17 12:37:40','AMBUJACEM',596413,275.1),(82783,'2018-01-17 12:37:42','COALINDIA',2108117,293.4),(82784,'2018-01-17 12:37:53','BATAINDIA',266471,734.8),(82785,'2018-01-17 12:37:54','COALINDIA',2109203,293.3),(82786,'2018-01-17 12:37:54','AMBUJACEM',596524,275.15),(82787,'2018-01-17 12:38:07','BATAINDIA',266744,734.2),(82788,'2018-01-17 12:38:08','COALINDIA',2109970,293.3),(82789,'2018-01-17 12:38:10','AMBUJACEM',596586,275.1),(82790,'2018-01-17 12:38:10','BATAINDIA',266794,734.6),(82791,'2018-01-17 12:38:11','AMBUJACEM',596604,275.1),(82792,'2018-01-17 12:38:20','BATAINDIA',266851,734.3),(82793,'2018-01-17 12:38:21','AMBUJACEM',596635,275.1),(82794,'2018-01-17 12:38:22','AMBUJACEM',596664,275.1),(82795,'2018-01-17 12:38:23','BATAINDIA',266857,734.35),(82796,'2018-01-17 12:38:24','COALINDIA',2110388,293.35),(82797,'2018-01-17 12:38:33','AMBUJACEM',596695,275.15),(82798,'2018-01-17 12:38:34','COALINDIA',2110978,293.35),(82799,'2018-01-17 12:38:34','BATAINDIA',266937,734.3),(82800,'2018-01-17 12:38:46','BATAINDIA',267021,734.3),(82801,'2018-01-17 12:38:47','AMBUJACEM',596747,275.1),(82802,'2018-01-17 12:38:48','COALINDIA',2117660,293.1),(82803,'2018-01-17 12:38:57','BATAINDIA',267039,734.3),(82804,'2018-01-17 12:38:58','COALINDIA',2118181,293.1),(82805,'2018-01-17 12:38:59','AMBUJACEM',596806,275.1),(82806,'2018-01-17 12:39:10','BATAINDIA',267085,733.5),(82807,'2018-01-17 12:39:11','AMBUJACEM',596867,275.1),(82808,'2018-01-17 12:39:13','COALINDIA',2118478,293.2),(82809,'2018-01-17 12:39:23','AMBUJACEM',597435,274.95),(82810,'2018-01-17 12:39:25','COALINDIA',2119147,293.2),(82811,'2018-01-17 12:39:29','BATAINDIA',267809,733),(82812,'2018-01-17 12:39:35','BATAINDIA',267866,733.05),(82813,'2018-01-17 12:39:36','AMBUJACEM',597494,274.95),(82814,'2018-01-17 12:39:38','COALINDIA',2133728,292.8),(82815,'2018-01-17 12:39:48','COALINDIA',2136072,292.8),(82816,'2018-01-17 12:39:49','BATAINDIA',267987,733.25),(82817,'2018-01-17 12:39:49','AMBUJACEM',597575,275),(82818,'2018-01-17 12:40:02','COALINDIA',2138998,292.9),(82819,'2018-01-17 12:40:02','BATAINDIA',268101,733.2),(82820,'2018-01-17 12:40:02','AMBUJACEM',597631,274.9),(82821,'2018-01-17 12:40:10','AMBUJACEM',597638,274.9),(82822,'2018-01-17 12:40:15','AMBUJACEM',597667,274.9),(82823,'2018-01-17 12:40:15','COALINDIA',2142094,292.9),(82824,'2018-01-17 12:40:16','BATAINDIA',268894,733.25),(82825,'2018-01-17 12:40:20','COALINDIA',2142174,292.85),(82826,'2018-01-17 12:40:20','AMBUJACEM',597699,274.9),(82827,'2018-01-17 12:40:24','BATAINDIA',268950,733.55),(82828,'2018-01-17 12:40:25','COALINDIA',2142229,292.9),(82829,'2018-01-17 12:40:27','AMBUJACEM',597727,274.9),(82830,'2018-01-17 12:40:32','COALINDIA',2142851,292.9),(82831,'2018-01-17 12:40:33','BATAINDIA',269007,733.55),(82832,'2018-01-17 12:40:40','AMBUJACEM',597769,274.9),(82833,'2018-01-17 12:40:40','COALINDIA',2144477,292.85),(82834,'2018-01-17 12:40:41','BATAINDIA',269063,733.65),(82835,'2018-01-17 12:40:46','AMBUJACEM',597820,275),(82836,'2018-01-17 12:40:47','COALINDIA',2147906,292.75),(82837,'2018-01-17 12:40:53','COALINDIA',2148874,292.7),(82838,'2018-01-17 12:40:53','BATAINDIA',269232,733.65),(82839,'2018-01-17 12:40:55','AMBUJACEM',597840,275),(82840,'2018-01-17 12:41:02','AMBUJACEM',597901,275),(82841,'2018-01-17 12:41:02','COALINDIA',2150223,292.75),(82842,'2018-01-17 12:41:18','AMBUJACEM',599124,275.1),(82843,'2018-01-17 12:41:19','BATAINDIA',269345,733.35),(82844,'2018-01-17 12:41:21','COALINDIA',2151600,292.9),(82845,'2018-01-17 12:41:31','AMBUJACEM',599497,274.85),(82846,'2018-01-17 12:41:31','BATAINDIA',269522,733.85),(82847,'2018-01-17 12:41:32','COALINDIA',2152774,292.9),(82848,'2018-01-17 12:41:47','BATAINDIA',269628,733.85),(82849,'2018-01-17 12:41:48','AMBUJACEM',599909,275),(82850,'2018-01-17 12:41:48','COALINDIA',2153451,292.9),(82851,'2018-01-17 12:41:59','AMBUJACEM',601885,275),(82852,'2018-01-17 12:42:00','BATAINDIA',269685,733.65),(82853,'2018-01-17 12:42:01','COALINDIA',2154267,292.9),(82854,'2018-01-17 12:42:08','AMBUJACEM',601994,274.9),(82855,'2018-01-17 12:42:08','COALINDIA',2154618,292.95),(82856,'2018-01-17 12:42:09','BATAINDIA',269741,733.35),(82857,'2018-01-17 12:42:10','BATAINDIA',269768,733.3),(82858,'2018-01-17 12:42:11','COALINDIA',2154668,292.9),(82859,'2018-01-17 12:42:13','COALINDIA',2156077,292.95),(82860,'2018-01-17 12:42:22','COALINDIA',2156177,292.85),(82861,'2018-01-17 12:42:24','AMBUJACEM',602950,274.85),(82862,'2018-01-17 12:42:26','BATAINDIA',269905,733.05),(82863,'2018-01-17 12:42:26','AMBUJACEM',602963,274.85),(82864,'2018-01-17 12:42:27','COALINDIA',2156557,292.95),(82865,'2018-01-17 12:42:38','BATAINDIA',269962,733.05),(82866,'2018-01-17 12:42:39','AMBUJACEM',603086,274.85),(82867,'2018-01-17 12:42:41','COALINDIA',2156659,292.95),(82868,'2018-01-17 12:42:41','BATAINDIA',270018,733.1),(82869,'2018-01-17 12:42:42','COALINDIA',2157120,292.95),(82870,'2018-01-17 12:42:51','COALINDIA',2157349,292.95),(82871,'2018-01-17 12:42:51','AMBUJACEM',605378,274.6),(82872,'2018-01-17 12:42:52','BATAINDIA',270028,733.15),(82873,'2018-01-17 12:42:57','AMBUJACEM',605380,274.6),(82874,'2018-01-17 12:43:07','COALINDIA',2158398,292.95),(82875,'2018-01-17 12:43:08','AMBUJACEM',606918,274.8),(82876,'2018-01-17 12:43:11','BATAINDIA',270132,733),(82877,'2018-01-17 12:43:19','COALINDIA',2159012,292.9),(82878,'2018-01-17 12:43:19','AMBUJACEM',607619,274.65),(82879,'2018-01-17 12:43:20','BATAINDIA',270340,733),(82880,'2018-01-17 12:43:31','COALINDIA',2159526,292.9),(82881,'2018-01-17 12:43:34','AMBUJACEM',607624,274.75),(82882,'2018-01-17 12:43:34','BATAINDIA',270397,733),(82883,'2018-01-17 12:43:49','AMBUJACEM',608481,274.7),(82884,'2018-01-17 12:43:50','BATAINDIA',270523,733),(82885,'2018-01-17 12:43:50','COALINDIA',2160649,292.8),(82886,'2018-01-17 12:44:02','COALINDIA',2161545,292.9),(82887,'2018-01-17 12:44:02','BATAINDIA',270636,733),(82888,'2018-01-17 12:44:03','AMBUJACEM',608973,274.75),(82889,'2018-01-17 12:44:07','AMBUJACEM',609373,274.8),(82890,'2018-01-17 12:44:08','COALINDIA',2162568,292.95),(82891,'2018-01-17 12:44:10','BATAINDIA',270693,733),(82892,'2018-01-17 12:44:11','AMBUJACEM',609501,274.85),(82893,'2018-01-17 12:44:12','COALINDIA',2163368,292.95),(82894,'2018-01-17 12:44:20','BATAINDIA',270750,733),(82895,'2018-01-17 12:44:21','AMBUJACEM',609511,274.75),(82896,'2018-01-17 12:44:22','COALINDIA',2163719,293.05),(82897,'2018-01-17 12:44:27','COALINDIA',2163890,293.05),(82898,'2018-01-17 12:44:28','AMBUJACEM',609611,274.85),(82899,'2018-01-17 12:44:32','AMBUJACEM',609663,274.85),(82900,'2018-01-17 12:44:33','BATAINDIA',270817,733),(82901,'2018-01-17 12:44:33','COALINDIA',2164540,293.1),(82902,'2018-01-17 12:44:38','BATAINDIA',271121,733),(82903,'2018-01-17 12:44:38','COALINDIA',2164941,293.1),(82904,'2018-01-17 12:44:45','AMBUJACEM',610045,274.85),(82905,'2018-01-17 12:44:48','COALINDIA',2165485,293.2),(82906,'2018-01-17 12:44:50','BATAINDIA',271203,733.1),(82907,'2018-01-17 12:44:51','COALINDIA',2165585,293.2),(82908,'2018-01-17 12:44:51','AMBUJACEM',610159,274.9),(82909,'2018-01-17 12:45:00','COALINDIA',2166725,293.2),(82910,'2018-01-17 12:45:01','BATAINDIA',271279,733.35),(82911,'2018-01-17 12:45:12','BATAINDIA',271386,733.15),(82912,'2018-01-17 12:45:13','AMBUJACEM',610161,274.8),(82913,'2018-01-17 12:45:14','COALINDIA',2167787,293.25),(82914,'2018-01-17 12:45:23','AMBUJACEM',610287,274.85),(82915,'2018-01-17 12:45:24','COALINDIA',2169018,293.25),(82916,'2018-01-17 12:45:25','BATAINDIA',271442,733.15),(82917,'2018-01-17 12:45:35','COALINDIA',2169657,293.3),(82918,'2018-01-17 12:45:36','AMBUJACEM',610316,274.85),(82919,'2018-01-17 12:45:38','BATAINDIA',271499,733.15),(82920,'2018-01-17 12:45:46','BATAINDIA',271555,733),(82921,'2018-01-17 12:45:46','AMBUJACEM',610547,275),(82922,'2018-01-17 12:45:48','COALINDIA',2171252,293.3),(82923,'2018-01-17 12:45:58','COALINDIA',2171638,293.3),(82924,'2018-01-17 12:45:59','BATAINDIA',271613,733),(82925,'2018-01-17 12:46:00','AMBUJACEM',610579,274.9),(82926,'2018-01-17 12:46:06','BATAINDIA',271669,733),(82927,'2018-01-17 12:46:06','AMBUJACEM',610677,274.9),(82928,'2018-01-17 12:46:08','COALINDIA',2171662,293.4),(82929,'2018-01-17 12:46:09','COALINDIA',2172013,293.4),(82930,'2018-01-17 12:46:09','BATAINDIA',271726,733.05),(82931,'2018-01-17 12:46:10','AMBUJACEM',610902,274.95),(82932,'2018-01-17 12:46:23','BATAINDIA',271782,733),(82933,'2018-01-17 12:46:23','AMBUJACEM',610932,274.9),(82934,'2018-01-17 12:46:24','AMBUJACEM',610962,274.95),(82935,'2018-01-17 12:46:24','COALINDIA',2173161,293.35),(82936,'2018-01-17 12:46:35','COALINDIA',2173689,293.35),(82937,'2018-01-17 12:46:35','AMBUJACEM',610992,274.95),(82938,'2018-01-17 12:46:36','AMBUJACEM',611018,274.95),(82939,'2018-01-17 12:46:36','BATAINDIA',272064,733.35),(82940,'2018-01-17 12:46:46','COALINDIA',2174423,293.35),(82941,'2018-01-17 12:46:46','BATAINDIA',272177,733.45),(82942,'2018-01-17 12:46:47','AMBUJACEM',611239,274.95),(82943,'2018-01-17 12:46:47','COALINDIA',2174774,293.4),(82944,'2018-01-17 12:46:48','BATAINDIA',272254,733.75),(82945,'2018-01-17 12:46:57','COALINDIA',2174930,293.35),(82946,'2018-01-17 12:46:57','BATAINDIA',272364,733.85),(82947,'2018-01-17 12:46:58','AMBUJACEM',611289,274.9),(82948,'2018-01-17 12:47:09','AMBUJACEM',611319,274.9),(82949,'2018-01-17 12:47:09','COALINDIA',2175376,293.4),(82950,'2018-01-17 12:47:10','BATAINDIA',272434,733.7),(82951,'2018-01-17 12:47:20','AMBUJACEM',611390,274.9),(82952,'2018-01-17 12:47:24','BATAINDIA',272545,733.5),(82953,'2018-01-17 12:47:30','AMBUJACEM',611540,275),(82954,'2018-01-17 12:47:34','COALINDIA',2175911,293.4),(82955,'2018-01-17 12:47:34','BATAINDIA',272745,733.7),(82956,'2018-01-17 12:47:41','AMBUJACEM',611597,274.9),(82957,'2018-01-17 12:47:41','BATAINDIA',272764,734),(82958,'2018-01-17 12:47:42','COALINDIA',2179305,293.7),(82959,'2018-01-17 12:47:52','COALINDIA',2179906,293.65),(82960,'2018-01-17 12:47:53','AMBUJACEM',611697,274.95),(82961,'2018-01-17 12:47:53','BATAINDIA',272877,733.3),(82962,'2018-01-17 12:48:04','COALINDIA',2180307,293.6),(82963,'2018-01-17 12:48:05','AMBUJACEM',611798,274.9),(82964,'2018-01-17 12:48:06','BATAINDIA',272933,733.3),(82965,'2018-01-17 12:48:09','AMBUJACEM',611799,274.9),(82966,'2018-01-17 12:48:16','BATAINDIA',272990,733.4),(82967,'2018-01-17 12:48:16','COALINDIA',2180467,293.6),(82968,'2018-01-17 12:48:16','AMBUJACEM',611827,274.9),(82969,'2018-01-17 12:48:27','AMBUJACEM',612020,274.95),(82970,'2018-01-17 12:48:27','COALINDIA',2183427,293.7),(82971,'2018-01-17 12:48:28','BATAINDIA',273046,733.4),(82972,'2018-01-17 12:48:29','BATAINDIA',273124,733.15),(82973,'2018-01-17 12:48:29','COALINDIA',2183629,293.6),(82974,'2018-01-17 12:48:30','AMBUJACEM',612021,274.9),(82975,'2018-01-17 12:48:36','COALINDIA',2183707,293.6),(82976,'2018-01-17 12:48:38','AMBUJACEM',612050,274.9),(82977,'2018-01-17 12:48:39','BATAINDIA',273153,733.15),(82978,'2018-01-17 12:48:41','AMBUJACEM',612051,274.9),(82979,'2018-01-17 12:48:43','BATAINDIA',273209,733.15),(82980,'2018-01-17 12:48:44','COALINDIA',2184353,293.7),(82981,'2018-01-17 12:48:52','COALINDIA',2184929,293.7),(82982,'2018-01-17 12:48:53','AMBUJACEM',612399,274.9),(82983,'2018-01-17 12:48:55','BATAINDIA',273267,733.25),(82984,'2018-01-17 12:49:05','AMBUJACEM',612484,275),(82985,'2018-01-17 12:49:06','BATAINDIA',273375,733.35),(82986,'2018-01-17 12:49:07','COALINDIA',2185317,293.85),(82987,'2018-01-17 12:49:16','BATAINDIA',273432,733.3),(82988,'2018-01-17 12:49:17','AMBUJACEM',612542,274.9),(82989,'2018-01-17 12:49:18','COALINDIA',2185831,293.9),(82990,'2018-01-17 12:49:28','COALINDIA',2186776,293.95),(82991,'2018-01-17 12:49:28','AMBUJACEM',612636,275),(82992,'2018-01-17 12:49:33','BATAINDIA',273514,733.3),(82993,'2018-01-17 12:49:39','BATAINDIA',273677,733.35),(82994,'2018-01-17 12:49:40','AMBUJACEM',613041,274.85),(82995,'2018-01-17 12:49:40','COALINDIA',2187635,293.85),(82996,'2018-01-17 12:49:52','BATAINDIA',273784,733.3),(82997,'2018-01-17 12:49:53','AMBUJACEM',613073,274.8),(82998,'2018-01-17 12:49:53','COALINDIA',2188123,293.95),(82999,'2018-01-17 12:50:04','COALINDIA',2189402,294),(83000,'2018-01-17 12:50:04','BATAINDIA',273840,733.3),(83001,'2018-01-17 12:50:05','AMBUJACEM',613103,274.85),(83002,'2018-01-17 12:50:06','COALINDIA',2189946,294),(83003,'2018-01-17 12:50:14','BATAINDIA',273897,733.35),(83004,'2018-01-17 12:50:14','AMBUJACEM',613104,274.8),(83005,'2018-01-17 12:50:17','COALINDIA',2193086,293.75),(83006,'2018-01-17 12:50:18','BATAINDIA',273898,733.35),(83007,'2018-01-17 12:50:25','AMBUJACEM',613206,274.95),(83008,'2018-01-17 12:50:26','COALINDIA',2193096,293.7),(83009,'2018-01-17 12:50:29','BATAINDIA',273955,733.35),(83010,'2018-01-17 12:50:31','COALINDIA',2193252,293.65),(83011,'2018-01-17 12:50:38','COALINDIA',2193631,293.8),(83012,'2018-01-17 12:50:39','AMBUJACEM',613365,274.9),(83013,'2018-01-17 12:50:39','COALINDIA',2193701,293.75),(83014,'2018-01-17 12:50:39','BATAINDIA',274012,733.35),(83015,'2018-01-17 12:50:42','BATAINDIA',274068,733.1),(83016,'2018-01-17 12:50:50','AMBUJACEM',613366,274.8),(83017,'2018-01-17 12:50:50','COALINDIA',2193930,293.65),(83018,'2018-01-17 12:50:52','BATAINDIA',274125,733.25),(83019,'2018-01-17 12:51:02','AMBUJACEM',613806,274.9),(83020,'2018-01-17 12:51:02','BATAINDIA',274181,733.2),(83021,'2018-01-17 12:51:03','COALINDIA',2194463,293.75),(83022,'2018-01-17 12:51:15','AMBUJACEM',613886,274.85),(83023,'2018-01-17 12:51:19','COALINDIA',2194893,293.75),(83024,'2018-01-17 12:51:20','BATAINDIA',274287,733.45),(83025,'2018-01-17 12:51:29','COALINDIA',2197153,293.6),(83026,'2018-01-17 12:51:30','AMBUJACEM',613918,274.9),(83027,'2018-01-17 12:51:31','BATAINDIA',274400,733.3),(83028,'2018-01-17 12:51:42','BATAINDIA',274456,733.25),(83029,'2018-01-17 12:51:42','AMBUJACEM',613975,274.9),(83030,'2018-01-17 12:51:44','COALINDIA',2208748,293.5),(83031,'2018-01-17 12:51:55','COALINDIA',2211103,293.5),(83032,'2018-01-17 12:51:55','BATAINDIA',274514,733.25),(83033,'2018-01-17 12:51:56','AMBUJACEM',614120,274.95),(83034,'2018-01-17 12:52:08','COALINDIA',2211270,293.4),(83035,'2018-01-17 12:52:10','AMBUJACEM',614420,274.9),(83036,'2018-01-17 12:52:11','BATAINDIA',274589,733.25),(83037,'2018-01-17 12:52:20','AMBUJACEM',615330,274.7),(83038,'2018-01-17 12:52:20','COALINDIA',2211800,293.5),(83039,'2018-01-17 12:52:21','BATAINDIA',274693,733.15),(83040,'2018-01-17 12:52:32','AMBUJACEM',615530,274.9),(83041,'2018-01-17 12:52:34','BATAINDIA',274755,733.15),(83042,'2018-01-17 12:52:35','COALINDIA',2212846,293.3),(83043,'2018-01-17 12:52:46','COALINDIA',2214440,293.05),(83044,'2018-01-17 12:52:47','BATAINDIA',274811,733.05),(83045,'2018-01-17 12:52:58','BATAINDIA',274924,733.15),(83046,'2018-01-17 12:52:59','AMBUJACEM',615615,274.75),(83047,'2018-01-17 12:53:00','COALINDIA',2214803,293.05),(83048,'2018-01-17 12:53:11','AMBUJACEM',615637,274.85),(83049,'2018-01-17 12:53:13','BATAINDIA',274981,733.15),(83050,'2018-01-17 12:53:14','COALINDIA',2215521,293.15),(83051,'2018-01-17 12:53:25','AMBUJACEM',615657,274.85),(83052,'2018-01-17 12:53:27','BATAINDIA',275041,733.2),(83053,'2018-01-17 12:53:36','COALINDIA',2216194,293.2),(83054,'2018-01-17 12:53:36','BATAINDIA',275110,733.4),(83055,'2018-01-17 12:53:36','AMBUJACEM',616059,274.9),(83056,'2018-01-17 12:53:48','AMBUJACEM',616196,274.85),(83057,'2018-01-17 12:53:49','COALINDIA',2217095,293.1),(83058,'2018-01-17 12:53:51','BATAINDIA',275549,733.5),(83059,'2018-01-17 12:54:00','COALINDIA',2217377,293.1),(83060,'2018-01-17 12:54:01','BATAINDIA',275680,733.6),(83061,'2018-01-17 12:54:01','AMBUJACEM',616197,274.75),(83062,'2018-01-17 12:54:08','COALINDIA',2217746,293.1),(83063,'2018-01-17 12:54:08','AMBUJACEM',616399,274.75),(83064,'2018-01-17 12:54:12','BATAINDIA',275737,733.4),(83065,'2018-01-17 12:54:13','AMBUJACEM',616400,274.75),(83066,'2018-01-17 12:54:19','AMBUJACEM',616401,274.8),(83067,'2018-01-17 12:54:21','BATAINDIA',276142,733.4),(83068,'2018-01-17 12:54:23','COALINDIA',2218446,293.1),(83069,'2018-01-17 12:54:27','COALINDIA',2218999,293.1),(83070,'2018-01-17 12:54:32','COALINDIA',2219267,293.2),(83071,'2018-01-17 12:54:32','AMBUJACEM',616511,274.85),(83072,'2018-01-17 12:54:33','BATAINDIA',276199,733.2),(83073,'2018-01-17 12:54:38','COALINDIA',2219467,293.1),(83074,'2018-01-17 12:54:38','AMBUJACEM',616599,274.85),(83075,'2018-01-17 12:54:45','AMBUJACEM',616646,274.85),(83076,'2018-01-17 12:54:46','BATAINDIA',276275,733.15),(83077,'2018-01-17 12:54:50','COALINDIA',2220631,293.2),(83078,'2018-01-17 12:54:51','COALINDIA',2220971,293.15),(83079,'2018-01-17 12:54:53','BATAINDIA',276333,733.05),(83080,'2018-01-17 12:54:53','AMBUJACEM',616872,274.85),(83081,'2018-01-17 12:55:08','COALINDIA',2221435,293.15),(83082,'2018-01-17 12:55:09','BATAINDIA',276476,733.25),(83083,'2018-01-17 12:55:10','AMBUJACEM',616903,274.85),(83084,'2018-01-17 12:55:21','BATAINDIA',276589,732.85),(83085,'2018-01-17 12:55:21','AMBUJACEM',617063,274.85),(83086,'2018-01-17 12:55:25','COALINDIA',2223127,293.1),(83087,'2018-01-17 12:55:32','AMBUJACEM',617065,274.75),(83088,'2018-01-17 12:55:35','BATAINDIA',276646,732.85),(83089,'2018-01-17 12:55:36','COALINDIA',2224440,293.2),(83090,'2018-01-17 12:55:43','AMBUJACEM',617068,274.75),(83091,'2018-01-17 12:55:44','COALINDIA',2225707,293.2),(83092,'2018-01-17 12:55:45','BATAINDIA',276702,732.85),(83093,'2018-01-17 12:55:57','AMBUJACEM',617069,274.75),(83094,'2018-01-17 12:55:57','COALINDIA',2225741,293.2),(83095,'2018-01-17 12:55:58','BATAINDIA',276759,732.85),(83096,'2018-01-17 12:56:08','COALINDIA',2226879,293.15),(83097,'2018-01-17 12:56:08','BATAINDIA',276815,732.85),(83098,'2018-01-17 12:56:08','AMBUJACEM',617075,274.75),(83099,'2018-01-17 12:56:11','COALINDIA',2227100,293.1),(83100,'2018-01-17 12:56:19','AMBUJACEM',617138,274.9),(83101,'2018-01-17 12:56:19','COALINDIA',2227451,293.1),(83102,'2018-01-17 12:56:20','AMBUJACEM',617156,274.85),(83103,'2018-01-17 12:56:22','BATAINDIA',276960,732.85),(83104,'2018-01-17 12:56:30','BATAINDIA',277017,732.85),(83105,'2018-01-17 12:56:31','AMBUJACEM',617383,274.85),(83106,'2018-01-17 12:56:33','COALINDIA',2227956,293),(83107,'2018-01-17 12:56:44','BATAINDIA',277073,732.85),(83108,'2018-01-17 12:56:44','COALINDIA',2228847,293),(83109,'2018-01-17 12:56:46','AMBUJACEM',617390,274.85),(83110,'2018-01-17 12:56:58','AMBUJACEM',617400,274.85),(83111,'2018-01-17 12:57:00','COALINDIA',2229971,293),(83112,'2018-01-17 12:57:00','BATAINDIA',277130,732.85),(83113,'2018-01-17 12:57:10','COALINDIA',2230131,293),(83114,'2018-01-17 12:57:10','BATAINDIA',277206,733.15),(83115,'2018-01-17 12:57:10','AMBUJACEM',617542,274.8),(83116,'2018-01-17 12:57:21','BATAINDIA',277319,732.65),(83117,'2018-01-17 12:57:22','AMBUJACEM',617667,274.9),(83118,'2018-01-17 12:57:23','COALINDIA',2230787,293.1),(83119,'2018-01-17 12:57:34','AMBUJACEM',617944,274.9),(83120,'2018-01-17 12:57:34','BATAINDIA',277376,732.65),(83121,'2018-01-17 12:57:36','COALINDIA',2231399,293.05),(83122,'2018-01-17 12:57:46','AMBUJACEM',617960,274.8),(83123,'2018-01-17 12:57:47','COALINDIA',2232245,293.05),(83124,'2018-01-17 12:57:48','BATAINDIA',277442,732.65),(83125,'2018-01-17 12:57:56','AMBUJACEM',618053,274.85),(83126,'2018-01-17 12:57:57','COALINDIA',2233509,293.05),(83127,'2018-01-17 12:57:58','BATAINDIA',277505,733),(83128,'2018-01-17 12:58:06','AMBUJACEM',618103,274.9),(83129,'2018-01-17 12:58:08','BATAINDIA',277561,732.65),(83130,'2018-01-17 12:58:08','COALINDIA',2233550,293.05),(83131,'2018-01-17 12:58:11','COALINDIA',2233600,293.05),(83132,'2018-01-17 12:58:12','BATAINDIA',277618,732.65),(83133,'2018-01-17 12:58:12','AMBUJACEM',618160,274.85),(83134,'2018-01-17 12:58:18','BATAINDIA',277620,733),(83135,'2018-01-17 12:58:19','AMBUJACEM',618244,274.9),(83136,'2018-01-17 12:58:21','COALINDIA',2233959,293),(83137,'2018-01-17 12:58:22','AMBUJACEM',618794,275),(83138,'2018-01-17 12:58:24','BATAINDIA',277676,732.65),(83139,'2018-01-17 12:58:29','COALINDIA',2234232,293),(83140,'2018-01-17 12:58:30','BATAINDIA',277733,732.65),(83141,'2018-01-17 12:58:30','AMBUJACEM',618897,274.95),(83142,'2018-01-17 12:58:35','BATAINDIA',277996,732.65),(83143,'2018-01-17 12:58:38','COALINDIA',2234703,293.1),(83144,'2018-01-17 12:58:40','AMBUJACEM',618957,275),(83145,'2018-01-17 12:58:42','COALINDIA',2234738,293.1),(83146,'2018-01-17 12:58:46','COALINDIA',2234935,293.1),(83147,'2018-01-17 12:58:48','AMBUJACEM',618986,274.9),(83148,'2018-01-17 12:58:53','COALINDIA',2235385,293.1),(83149,'2018-01-17 12:58:54','BATAINDIA',278139,732.3),(83150,'2018-01-17 12:58:57','AMBUJACEM',619018,274.9),(83151,'2018-01-17 12:59:06','AMBUJACEM',619049,274.9),(83152,'2018-01-17 12:59:07','BATAINDIA',278207,732.3),(83153,'2018-01-17 12:59:07','COALINDIA',2235931,293.1),(83154,'2018-01-17 12:59:19','AMBUJACEM',619078,274.9),(83155,'2018-01-17 12:59:20','BATAINDIA',278287,732.45),(83156,'2018-01-17 12:59:20','COALINDIA',2237858,293.1),(83157,'2018-01-17 12:59:30','COALINDIA',2239490,293.1),(83158,'2018-01-17 12:59:31','BATAINDIA',278825,732.6),(83159,'2018-01-17 12:59:31','AMBUJACEM',619190,274.95),(83160,'2018-01-17 12:59:44','AMBUJACEM',619263,275),(83161,'2018-01-17 12:59:44','BATAINDIA',278879,732.6),(83162,'2018-01-17 12:59:44','COALINDIA',2242309,293.05),(83163,'2018-01-17 12:59:55','AMBUJACEM',619301,274.9),(83164,'2018-01-17 12:59:55','BATAINDIA',278940,732.9),(83165,'2018-01-17 12:59:56','COALINDIA',2242678,293.05),(83166,'2018-01-17 13:00:06','COALINDIA',2243462,293.1),(83167,'2018-01-17 13:00:07','BATAINDIA',279006,732.5),(83168,'2018-01-17 13:00:08','AMBUJACEM',619769,274.95),(83169,'2018-01-17 13:00:10','BATAINDIA',279063,732.5),(83170,'2018-01-17 13:00:12','AMBUJACEM',619797,275),(83171,'2018-01-17 13:00:20','BATAINDIA',279088,732.5),(83172,'2018-01-17 13:00:22','COALINDIA',2243562,293.1),(83173,'2018-01-17 13:00:23','AMBUJACEM',619825,274.85),(83174,'2018-01-17 13:00:23','BATAINDIA',279144,732.5),(83175,'2018-01-17 13:00:25','AMBUJACEM',619826,274.85),(83176,'2018-01-17 13:00:31','COALINDIA',2243943,293.05),(83177,'2018-01-17 13:00:35','AMBUJACEM',619865,275),(83178,'2018-01-17 13:00:36','BATAINDIA',279208,732.5),(83179,'2018-01-17 13:00:37','AMBUJACEM',619897,274.9),(83180,'2018-01-17 13:00:39','COALINDIA',2243963,293.15),(83181,'2018-01-17 13:00:46','AMBUJACEM',619926,274.85),(83182,'2018-01-17 13:00:47','COALINDIA',2244602,293.1),(83183,'2018-01-17 13:00:49','BATAINDIA',279264,732.5),(83184,'2018-01-17 13:00:50','AMBUJACEM',619927,274.85),(83185,'2018-01-17 13:00:50','BATAINDIA',279288,732.5),(83186,'2018-01-17 13:01:07','COALINDIA',2245152,293.05),(83187,'2018-01-17 13:01:09','BATAINDIA',279712,733),(83188,'2018-01-17 13:01:09','AMBUJACEM',619985,274.85),(83189,'2018-01-17 13:01:28','AMBUJACEM',620289,275),(83190,'2018-01-17 13:01:31','BATAINDIA',279809,732.6),(83191,'2018-01-17 13:01:32','COALINDIA',2247794,293.2),(83192,'2018-01-17 13:01:46','AMBUJACEM',620350,274.9),(83193,'2018-01-17 13:01:47','BATAINDIA',279932,732.6),(83194,'2018-01-17 13:01:47','COALINDIA',2248916,293.2),(83195,'2018-01-17 13:02:04','COALINDIA',2250022,293.25),(83196,'2018-01-17 13:02:04','AMBUJACEM',620792,274.95),(83197,'2018-01-17 13:02:07','BATAINDIA',280045,732.5),(83198,'2018-01-17 13:02:11','COALINDIA',2250069,293.25),(83199,'2018-01-17 13:02:18','BATAINDIA',280102,732.5),(83200,'2018-01-17 13:02:19','COALINDIA',2250695,293.25),(83201,'2018-01-17 13:02:20','AMBUJACEM',620847,274.9),(83202,'2018-01-17 13:02:22','AMBUJACEM',620888,274.95),(83203,'2018-01-17 13:02:22','BATAINDIA',280152,732.55),(83204,'2018-01-17 13:02:33','COALINDIA',2253109,293.1),(83205,'2018-01-17 13:02:34','BATAINDIA',280241,732.5),(83206,'2018-01-17 13:02:35','AMBUJACEM',621113,274.9),(83207,'2018-01-17 13:02:38','COALINDIA',2253281,293.05),(83208,'2018-01-17 13:02:47','COALINDIA',2255295,293.05),(83209,'2018-01-17 13:02:49','AMBUJACEM',621701,274.85),(83210,'2018-01-17 13:02:49','BATAINDIA',280297,732.5),(83211,'2018-01-17 13:02:51','COALINDIA',2255395,293.05),(83212,'2018-01-17 13:02:53','AMBUJACEM',621706,274.9),(83213,'2018-01-17 13:03:02','COALINDIA',2256296,293),(83214,'2018-01-17 13:03:03','AMBUJACEM',621772,274.85),(83215,'2018-01-17 13:03:08','COALINDIA',2256470,293),(83216,'2018-01-17 13:03:17','AMBUJACEM',629721,274.65),(83217,'2018-01-17 13:03:18','BATAINDIA',280427,732.5),(83218,'2018-01-17 13:03:19','COALINDIA',2257334,293.05),(83219,'2018-01-17 13:03:19','COALINDIA',2257536,293.05),(83220,'2018-01-17 13:03:19','AMBUJACEM',630535,274.65),(83221,'2018-01-17 13:03:29','COALINDIA',2258309,293.05),(83222,'2018-01-17 13:03:31','AMBUJACEM',633186,274.65),(83223,'2018-01-17 13:03:45','AMBUJACEM',633327,274.5),(83224,'2018-01-17 13:03:45','COALINDIA',2259754,293.05),(83225,'2018-01-17 13:03:45','BATAINDIA',280437,732.5),(83226,'2018-01-17 13:03:55','AMBUJACEM',633336,274.5),(83227,'2018-01-17 13:03:57','COALINDIA',2260338,293.05),(83228,'2018-01-17 13:04:08','COALINDIA',2261492,293.05),(83229,'2018-01-17 13:04:08','BATAINDIA',280549,732.5),(83230,'2018-01-17 13:04:09','AMBUJACEM',633876,274.5),(83231,'2018-01-17 13:04:12','COALINDIA',2261863,293.05),(83232,'2018-01-17 13:04:19','AMBUJACEM',633877,274.55),(83233,'2018-01-17 13:04:20','COALINDIA',2262213,293.15),(83234,'2018-01-17 13:04:30','AMBUJACEM',633878,274.55),(83235,'2018-01-17 13:04:31','COALINDIA',2262429,293.05),(83236,'2018-01-17 13:04:41','AMBUJACEM',633903,274.55),(83237,'2018-01-17 13:04:43','COALINDIA',2262826,293.1),(83238,'2018-01-17 13:04:53','COALINDIA',2263545,293.25),(83239,'2018-01-17 13:04:54','AMBUJACEM',633955,274.6),(83240,'2018-01-17 13:05:04','COALINDIA',2263603,293.15),(83241,'2018-01-17 13:05:06','AMBUJACEM',634206,274.6),(83242,'2018-01-17 13:05:07','BATAINDIA',280599,732.5),(83243,'2018-01-17 13:05:17','COALINDIA',2264101,293.15),(83244,'2018-01-17 13:05:18','BATAINDIA',280640,732.4),(83245,'2018-01-17 13:05:18','AMBUJACEM',634227,274.6),(83246,'2018-01-17 13:05:28','COALINDIA',2264783,293.25),(83247,'2018-01-17 13:05:29','BATAINDIA',280651,732.5),(83248,'2018-01-17 13:05:29','AMBUJACEM',634233,274.6),(83249,'2018-01-17 13:05:41','COALINDIA',2265098,293.15),(83250,'2018-01-17 13:05:41','AMBUJACEM',634237,274.6),(83251,'2018-01-17 13:05:41','BATAINDIA',280751,732.5),(83252,'2018-01-17 13:05:51','COALINDIA',2265821,293.25),(83253,'2018-01-17 13:05:52','AMBUJACEM',634307,274.65),(83254,'2018-01-17 13:06:02','AMBUJACEM',634311,274.6),(83255,'2018-01-17 13:06:05','COALINDIA',2266392,293.2),(83256,'2018-01-17 13:06:08','COALINDIA',2266495,293.1),(83257,'2018-01-17 13:06:09','AMBUJACEM',634355,274.65),(83258,'2018-01-17 13:06:11','COALINDIA',2266828,293.1),(83259,'2018-01-17 13:06:13','COALINDIA',2266839,293.1),(83260,'2018-01-17 13:06:14','BATAINDIA',280781,732.4),(83261,'2018-01-17 13:06:18','COALINDIA',2266930,293.15),(83262,'2018-01-17 13:06:19','AMBUJACEM',634358,274.6),(83263,'2018-01-17 13:06:19','BATAINDIA',280818,732.4),(83264,'2018-01-17 13:06:24','COALINDIA',2266952,293.1),(83265,'2018-01-17 13:06:25','AMBUJACEM',634404,274.65),(83266,'2018-01-17 13:06:25','BATAINDIA',280934,732.15),(83267,'2018-01-17 13:06:27','COALINDIA',2267373,293.15),(83268,'2018-01-17 13:06:29','AMBUJACEM',634605,274.6),(83269,'2018-01-17 13:06:29','BATAINDIA',280954,732.15),(83270,'2018-01-17 13:06:34','AMBUJACEM',635404,274.65),(83271,'2018-01-17 13:06:35','COALINDIA',2267487,293.2),(83272,'2018-01-17 13:06:35','BATAINDIA',280964,732.15),(83273,'2018-01-17 13:06:39','COALINDIA',2268331,293.2),(83274,'2018-01-17 13:06:39','AMBUJACEM',635532,274.65),(83275,'2018-01-17 13:06:50','COALINDIA',2269732,293.2),(83276,'2018-01-17 13:06:51','BATAINDIA',281018,732.15),(83277,'2018-01-17 13:06:52','AMBUJACEM',635533,274.6),(83278,'2018-01-17 13:07:02','AMBUJACEM',635634,274.6),(83279,'2018-01-17 13:07:02','BATAINDIA',281143,732.05),(83280,'2018-01-17 13:07:05','COALINDIA',2269750,293.2),(83281,'2018-01-17 13:07:13','BATAINDIA',281151,732.05),(83282,'2018-01-17 13:07:14','COALINDIA',2270525,293.2),(83283,'2018-01-17 13:07:14','AMBUJACEM',637091,274.65),(83284,'2018-01-17 13:07:24','COALINDIA',2271960,293.55),(83285,'2018-01-17 13:07:25','AMBUJACEM',641859,274.65),(83286,'2018-01-17 13:07:27','BATAINDIA',281548,732),(83287,'2018-01-17 13:07:36','COALINDIA',2273305,293.55),(83288,'2018-01-17 13:07:38','AMBUJACEM',642183,274.75),(83289,'2018-01-17 13:07:39','BATAINDIA',281568,732.1),(83290,'2018-01-17 13:07:45','COALINDIA',2274102,293.4),(83291,'2018-01-17 13:07:47','AMBUJACEM',642422,274.75),(83292,'2018-01-17 13:07:58','COALINDIA',2274602,293.5),(83293,'2018-01-17 13:07:58','AMBUJACEM',642423,274.7),(83294,'2018-01-17 13:08:07','AMBUJACEM',642687,274.8),(83295,'2018-01-17 13:08:07','COALINDIA',2275304,293.6),(83296,'2018-01-17 13:08:09','COALINDIA',2275310,293.5),(83297,'2018-01-17 13:08:10','BATAINDIA',281755,731.6),(83298,'2018-01-17 13:08:16','COALINDIA',2275528,293.6),(83299,'2018-01-17 13:08:17','AMBUJACEM',642707,274.85),(83300,'2018-01-17 13:08:19','BATAINDIA',282252,731),(83301,'2018-01-17 13:08:19','AMBUJACEM',642708,274.75),(83302,'2018-01-17 13:08:22','COALINDIA',2277372,293.55),(83303,'2018-01-17 13:08:27','BATAINDIA',282273,731),(83304,'2018-01-17 13:08:29','AMBUJACEM',642709,274.75),(83305,'2018-01-17 13:08:31','BATAINDIA',282286,730.75),(83306,'2018-01-17 13:08:31','COALINDIA',2278728,293.55),(83307,'2018-01-17 13:08:38','AMBUJACEM',643062,274.65),(83308,'2018-01-17 13:08:39','COALINDIA',2278997,293.55),(83309,'2018-01-17 13:08:48','COALINDIA',2280057,293.55),(83310,'2018-01-17 13:08:49','BATAINDIA',282314,730.55),(83311,'2018-01-17 13:08:58','AMBUJACEM',643066,274.65),(83312,'2018-01-17 13:08:59','COALINDIA',2280673,293.65),(83313,'2018-01-17 13:08:59','BATAINDIA',282414,730.65),(83314,'2018-01-17 13:09:09','COALINDIA',2281186,293.4),(83315,'2018-01-17 13:09:09','BATAINDIA',282614,731),(83316,'2018-01-17 13:09:12','AMBUJACEM',643691,274.65),(83317,'2018-01-17 13:09:23','COALINDIA',2281629,293.5),(83318,'2018-01-17 13:09:24','AMBUJACEM',643695,274.65),(83319,'2018-01-17 13:09:25','BATAINDIA',282788,731),(83320,'2018-01-17 13:09:35','COALINDIA',2281651,293.45),(83321,'2018-01-17 13:09:35','AMBUJACEM',643796,274.65),(83322,'2018-01-17 13:09:37','BATAINDIA',282809,731),(83323,'2018-01-17 13:09:47','COALINDIA',2282403,293.45),(83324,'2018-01-17 13:09:48','BATAINDIA',282968,731),(83325,'2018-01-17 13:09:57','AMBUJACEM',643800,274.65),(83326,'2018-01-17 13:09:59','BATAINDIA',283073,731.45),(83327,'2018-01-17 13:10:02','COALINDIA',2283709,293.35),(83328,'2018-01-17 13:10:07','COALINDIA',2284113,293.35),(83329,'2018-01-17 13:10:07','BATAINDIA',283098,731.7),(83330,'2018-01-17 13:10:09','AMBUJACEM',643802,274.7),(83331,'2018-01-17 13:10:18','BATAINDIA',283108,731.3),(83332,'2018-01-17 13:10:19','AMBUJACEM',644018,274.7),(83333,'2018-01-17 13:10:19','COALINDIA',2284707,293.35),(83334,'2018-01-17 13:10:28','COALINDIA',2285573,293.4),(83335,'2018-01-17 13:10:31','AMBUJACEM',644376,274.8),(83336,'2018-01-17 13:10:31','BATAINDIA',283118,731.65),(83337,'2018-01-17 13:10:39','COALINDIA',2286231,293.45),(83338,'2018-01-17 13:10:51','BATAINDIA',283169,731.95),(83339,'2018-01-17 13:10:51','AMBUJACEM',644378,274.7),(83340,'2018-01-17 13:10:56','COALINDIA',2286895,293.45),(83341,'2018-01-17 13:11:01','COALINDIA',2287572,293.5),(83342,'2018-01-17 13:11:02','AMBUJACEM',644521,274.85),(83343,'2018-01-17 13:11:12','BATAINDIA',283210,731.95),(83344,'2018-01-17 13:11:12','COALINDIA',2288025,293.6),(83345,'2018-01-17 13:11:13','AMBUJACEM',644621,274.8),(83346,'2018-01-17 13:11:22','AMBUJACEM',645029,274.8),(83347,'2018-01-17 13:11:22','COALINDIA',2288043,293.5),(83348,'2018-01-17 13:11:23','BATAINDIA',283227,731.95),(83349,'2018-01-17 13:11:34','AMBUJACEM',645718,274.85),(83350,'2018-01-17 13:11:36','COALINDIA',2288778,293.65),(83351,'2018-01-17 13:11:48','AMBUJACEM',646251,274.85),(83352,'2018-01-17 13:11:48','COALINDIA',2289393,293.7),(83353,'2018-01-17 13:11:48','BATAINDIA',283327,731.4),(83354,'2018-01-17 13:11:58','AMBUJACEM',646254,274.8),(83355,'2018-01-17 13:11:58','COALINDIA',2291878,293.7),(83356,'2018-01-17 13:12:07','COALINDIA',2292681,293.75),(83357,'2018-01-17 13:12:07','AMBUJACEM',646496,274.85),(83358,'2018-01-17 13:12:10','COALINDIA',2293164,293.7),(83359,'2018-01-17 13:12:11','AMBUJACEM',646498,274.8),(83360,'2018-01-17 13:12:12','BATAINDIA',283329,731.95),(83361,'2018-01-17 13:12:19','COALINDIA',2293280,293.55),(83362,'2018-01-17 13:12:22','COALINDIA',2293334,293.55),(83363,'2018-01-17 13:12:30','COALINDIA',2293843,293.6),(83364,'2018-01-17 13:12:30','BATAINDIA',283387,732),(83365,'2018-01-17 13:12:31','AMBUJACEM',646499,274.8),(83366,'2018-01-17 13:12:36','COALINDIA',2294407,293.7),(83367,'2018-01-17 13:12:36','AMBUJACEM',646691,274.9),(83368,'2018-01-17 13:12:43','COALINDIA',2294479,293.6),(83369,'2018-01-17 13:12:43','AMBUJACEM',646693,274.8),(83370,'2018-01-17 13:12:54','AMBUJACEM',646695,274.8),(83371,'2018-01-17 13:12:55','COALINDIA',2297566,293.6),(83372,'2018-01-17 13:13:04','COALINDIA',2298308,293.6),(83373,'2018-01-17 13:13:05','AMBUJACEM',646699,274.8),(83374,'2018-01-17 13:13:08','BATAINDIA',284530,732.4),(83375,'2018-01-17 13:13:17','BATAINDIA',284995,732.5),(83376,'2018-01-17 13:13:17','COALINDIA',2298644,293.55),(83377,'2018-01-17 13:13:17','AMBUJACEM',646712,274.8),(83378,'2018-01-17 13:13:28','AMBUJACEM',646760,274.85),(83379,'2018-01-17 13:13:29','BATAINDIA',285022,732.5),(83380,'2018-01-17 13:13:30','COALINDIA',2299272,293.6),(83381,'2018-01-17 13:13:39','COALINDIA',2299478,293.7),(83382,'2018-01-17 13:13:42','AMBUJACEM',646774,274.8),(83383,'2018-01-17 13:13:53','AMBUJACEM',646820,274.85),(83384,'2018-01-17 13:13:53','BATAINDIA',285078,732.5),(83385,'2018-01-17 13:13:55','COALINDIA',2300813,293.6),(83386,'2018-01-17 13:14:04','AMBUJACEM',646870,274.85),(83387,'2018-01-17 13:14:04','COALINDIA',2301672,293.65),(83388,'2018-01-17 13:14:09','COALINDIA',2301848,293.6),(83389,'2018-01-17 13:14:10','AMBUJACEM',646905,274.85),(83390,'2018-01-17 13:14:16','AMBUJACEM',646955,274.9),(83391,'2018-01-17 13:14:16','COALINDIA',2301855,293.6),(83392,'2018-01-17 13:14:17','BATAINDIA',285115,732.5),(83393,'2018-01-17 13:14:19','COALINDIA',2301869,293.65),(83394,'2018-01-17 13:14:20','AMBUJACEM',646972,274.85),(83395,'2018-01-17 13:14:23','BATAINDIA',285130,732.1),(83396,'2018-01-17 13:14:28','COALINDIA',2302307,293.6),(83397,'2018-01-17 13:14:28','AMBUJACEM',647262,274.85),(83398,'2018-01-17 13:14:30','BATAINDIA',285137,732.5),(83399,'2018-01-17 13:14:30','AMBUJACEM',647263,274.85),(83400,'2018-01-17 13:14:31','COALINDIA',2302434,293.65),(83401,'2018-01-17 13:14:32','BATAINDIA',285237,732.1),(83402,'2018-01-17 13:14:38','COALINDIA',2302783,293.6),(83403,'2018-01-17 13:14:40','AMBUJACEM',647342,274.85),(83404,'2018-01-17 13:14:41','COALINDIA',2303388,293.6),(83405,'2018-01-17 13:14:42','AMBUJACEM',647566,274.85),(83406,'2018-01-17 13:14:52','AMBUJACEM',647589,274.85),(83407,'2018-01-17 13:14:53','COALINDIA',2303517,293.6),(83408,'2018-01-17 13:14:54','BATAINDIA',285708,732.25),(83409,'2018-01-17 13:15:03','COALINDIA',2304016,293.7),(83410,'2018-01-17 13:15:04','BATAINDIA',286068,732.2),(83411,'2018-01-17 13:15:04','AMBUJACEM',647591,274.8),(83412,'2018-01-17 13:15:15','BATAINDIA',286099,732.5),(83413,'2018-01-17 13:15:16','COALINDIA',2304433,293.65),(83414,'2018-01-17 13:15:26','AMBUJACEM',647807,274.75),(83415,'2018-01-17 13:15:27','BATAINDIA',286109,731.85),(83416,'2018-01-17 13:15:32','COALINDIA',2305468,293.65),(83417,'2018-01-17 13:15:36','AMBUJACEM',647809,274.75),(83418,'2018-01-17 13:15:38','COALINDIA',2305972,293.7),(83419,'2018-01-17 13:15:47','AMBUJACEM',647914,274.8),(83420,'2018-01-17 13:15:49','COALINDIA',2306292,293.65),(83421,'2018-01-17 13:15:59','AMBUJACEM',648896,274.85),(83422,'2018-01-17 13:16:03','COALINDIA',2308376,293.75),(83423,'2018-01-17 13:16:08','AMBUJACEM',648906,274.85),(83424,'2018-01-17 13:16:08','COALINDIA',2308783,293.7),(83425,'2018-01-17 13:16:11','AMBUJACEM',648913,274.85),(83426,'2018-01-17 13:16:12','BATAINDIA',286159,731.45),(83427,'2018-01-17 13:16:14','COALINDIA',2308868,293.75),(83428,'2018-01-17 13:16:21','AMBUJACEM',648914,274.8),(83429,'2018-01-17 13:16:24','COALINDIA',2310110,293.8),(83430,'2018-01-17 13:16:32','COALINDIA',2310864,293.8),(83431,'2018-01-17 13:16:41','AMBUJACEM',648925,274.85),(83432,'2018-01-17 13:16:41','COALINDIA',2311300,293.75),(83433,'2018-01-17 13:16:47','COALINDIA',2311703,293.8),(83434,'2018-01-17 13:16:48','AMBUJACEM',648931,274.85),(83435,'2018-01-17 13:16:59','AMBUJACEM',648935,274.85),(83436,'2018-01-17 13:17:00','BATAINDIA',286841,732.35),(83437,'2018-01-17 13:17:00','COALINDIA',2312569,293.75),(83438,'2018-01-17 13:17:15','COALINDIA',2313397,293.75),(83439,'2018-01-17 13:17:17','AMBUJACEM',649332,274.75),(83440,'2018-01-17 13:17:26','COALINDIA',2313536,293.75),(83441,'2018-01-17 13:17:27','AMBUJACEM',649334,274.8),(83442,'2018-01-17 13:17:33','BATAINDIA',286991,732.5),(83443,'2018-01-17 13:17:39','COALINDIA',2314440,293.75),(83444,'2018-01-17 13:17:40','AMBUJACEM',649338,274.8),(83445,'2018-01-17 13:17:52','BATAINDIA',287041,732.15),(83446,'2018-01-17 13:17:53','COALINDIA',2315189,293.7),(83447,'2018-01-17 13:17:53','AMBUJACEM',651126,274.9),(83448,'2018-01-17 13:18:04','AMBUJACEM',651403,274.8),(83449,'2018-01-17 13:18:05','COALINDIA',2316159,293.7),(83450,'2018-01-17 13:18:06','BATAINDIA',287269,732.05),(83451,'2018-01-17 13:18:09','COALINDIA',2317110,293.75),(83452,'2018-01-17 13:18:09','AMBUJACEM',651677,274.85),(83453,'2018-01-17 13:18:11','BATAINDIA',288042,732.15),(83454,'2018-01-17 13:18:15','COALINDIA',2317219,293.6),(83455,'2018-01-17 13:18:16','AMBUJACEM',651790,274.85),(83456,'2018-01-17 13:18:26','AMBUJACEM',651819,274.85),(83457,'2018-01-17 13:18:26','COALINDIA',2317426,293.6),(83458,'2018-01-17 13:18:27','COALINDIA',2317579,293.6),(83459,'2018-01-17 13:18:39','COALINDIA',2318123,293.6),(83460,'2018-01-17 13:18:40','AMBUJACEM',651831,274.85),(83461,'2018-01-17 13:18:40','COALINDIA',2318125,293.6),(83462,'2018-01-17 13:18:41','AMBUJACEM',651838,274.9),(83463,'2018-01-17 13:18:51','AMBUJACEM',652006,274.95),(83464,'2018-01-17 13:18:51','COALINDIA',2318686,293.6),(83465,'2018-01-17 13:18:53','COALINDIA',2318723,293.65),(83466,'2018-01-17 13:19:04','AMBUJACEM',652035,274.95),(83467,'2018-01-17 13:19:12','COALINDIA',2318801,293.75),(83468,'2018-01-17 13:19:15','AMBUJACEM',652560,274.95),(83469,'2018-01-17 13:19:16','COALINDIA',2319911,293.65),(83470,'2018-01-17 13:19:25','COALINDIA',2320625,293.65),(83471,'2018-01-17 13:19:25','AMBUJACEM',652602,274.95),(83472,'2018-01-17 13:19:36','AMBUJACEM',657825,275.25),(83473,'2018-01-17 13:19:37','BATAINDIA',288142,732),(83474,'2018-01-17 13:19:41','COALINDIA',2320929,293.65),(83475,'2018-01-17 13:19:46','COALINDIA',2321322,293.7),(83476,'2018-01-17 13:19:46','AMBUJACEM',658076,275.2),(83477,'2018-01-17 13:19:57','COALINDIA',2321686,293.7),(83478,'2018-01-17 13:19:57','AMBUJACEM',658192,275.25),(83479,'2018-01-17 13:20:08','COALINDIA',2322606,293.75),(83480,'2018-01-17 13:20:09','AMBUJACEM',659376,275.3),(83481,'2018-01-17 13:20:20','AMBUJACEM',659464,275.3),(83482,'2018-01-17 13:20:20','COALINDIA',2323670,293.65),(83483,'2018-01-17 13:20:21','BATAINDIA',288169,732.05),(83484,'2018-01-17 13:20:22','COALINDIA',2324221,293.8),(83485,'2018-01-17 13:20:22','AMBUJACEM',659493,275.25),(83486,'2018-01-17 13:20:32','COALINDIA',2324387,293.75),(83487,'2018-01-17 13:20:33','AMBUJACEM',659522,275.25),(83488,'2018-01-17 13:20:36','BATAINDIA',289589,731.2),(83489,'2018-01-17 13:20:44','AMBUJACEM',659843,275.25),(83490,'2018-01-17 13:20:47','COALINDIA',2324892,293.75),(83491,'2018-01-17 13:20:54','COALINDIA',2325001,293.65),(83492,'2018-01-17 13:20:55','AMBUJACEM',659873,275.25),(83493,'2018-01-17 13:21:08','AMBUJACEM',659913,275.25),(83494,'2018-01-17 13:21:08','COALINDIA',2325802,293.75),(83495,'2018-01-17 13:21:20','COALINDIA',2326225,293.75),(83496,'2018-01-17 13:21:20','AMBUJACEM',660455,275.2),(83497,'2018-01-17 13:21:30','AMBUJACEM',660584,275.15),(83498,'2018-01-17 13:21:32','COALINDIA',2326692,293.7),(83499,'2018-01-17 13:21:33','BATAINDIA',289889,732.15),(83500,'2018-01-17 13:21:41','AMBUJACEM',660708,275.2),(83501,'2018-01-17 13:21:41','COALINDIA',2327572,293.7),(83502,'2018-01-17 13:21:53','AMBUJACEM',660747,275.1),(83503,'2018-01-17 13:21:54','COALINDIA',2328532,293.65),(83504,'2018-01-17 13:22:06','COALINDIA',2331878,293.4),(83505,'2018-01-17 13:22:06','AMBUJACEM',661687,275.2),(83506,'2018-01-17 13:22:07','AMBUJACEM',661706,275.05),(83507,'2018-01-17 13:22:11','COALINDIA',2332018,293.3),(83508,'2018-01-17 13:22:12','COALINDIA',2332104,293.3),(83509,'2018-01-17 13:22:19','AMBUJACEM',661766,275),(83510,'2018-01-17 13:22:20','COALINDIA',2332753,293.35),(83511,'2018-01-17 13:22:30','BATAINDIA',289891,731.9),(83512,'2018-01-17 13:22:31','AMBUJACEM',661795,275),(83513,'2018-01-17 13:22:31','COALINDIA',2333371,293.25),(83514,'2018-01-17 13:22:32','COALINDIA',2333379,293.25),(83515,'2018-01-17 13:22:41','COALINDIA',2333937,293.35),(83516,'2018-01-17 13:22:42','AMBUJACEM',661843,275),(83517,'2018-01-17 13:22:42','BATAINDIA',289915,732.2),(83518,'2018-01-17 13:22:43','COALINDIA',2333973,293.35),(83519,'2018-01-17 13:22:43','AMBUJACEM',661846,274.95),(83520,'2018-01-17 13:22:53','COALINDIA',2334553,293.4),(83521,'2018-01-17 13:22:56','AMBUJACEM',665114,274.7),(83522,'2018-01-17 13:23:06','COALINDIA',2334896,293.35),(83523,'2018-01-17 13:23:07','AMBUJACEM',665354,274.8),(83524,'2018-01-17 13:23:07','BATAINDIA',289920,732),(83525,'2018-01-17 13:23:17','COALINDIA',2336114,293.35),(83526,'2018-01-17 13:23:27','AMBUJACEM',665355,274.75),(83527,'2018-01-17 13:23:30','COALINDIA',2336155,293.35),(83528,'2018-01-17 13:23:39','COALINDIA',2337597,293.35),(83529,'2018-01-17 13:23:39','AMBUJACEM',665441,274.9),(83530,'2018-01-17 13:23:52','AMBUJACEM',665454,274.85),(83531,'2018-01-17 13:23:53','BATAINDIA',290125,732.2),(83532,'2018-01-17 13:23:56','COALINDIA',2338106,293.3),(83533,'2018-01-17 13:24:01','COALINDIA',2338408,293.25),(83534,'2018-01-17 13:24:02','AMBUJACEM',666757,274.55),(83535,'2018-01-17 13:24:07','COALINDIA',2338414,293.25),(83536,'2018-01-17 13:24:07','AMBUJACEM',666758,274.55),(83537,'2018-01-17 13:24:12','COALINDIA',2339096,293.3),(83538,'2018-01-17 13:24:19','AMBUJACEM',666775,274.55),(83539,'2018-01-17 13:24:20','COALINDIA',2339884,293.2),(83540,'2018-01-17 13:24:22','BATAINDIA',290225,732.2),(83541,'2018-01-17 13:24:25','COALINDIA',2339959,293.2),(83542,'2018-01-17 13:24:28','AMBUJACEM',666820,274.75),(83543,'2018-01-17 13:24:28','BATAINDIA',290257,732.05),(83544,'2018-01-17 13:24:30','AMBUJACEM',667305,274.9),(83545,'2018-01-17 13:24:30','BATAINDIA',290367,732.35),(83546,'2018-01-17 13:24:33','COALINDIA',2341717,293.4),(83547,'2018-01-17 13:24:39','AMBUJACEM',667679,274.85),(83548,'2018-01-17 13:24:39','COALINDIA',2342519,293.35),(83549,'2018-01-17 13:24:41','BATAINDIA',290384,732.4),(83550,'2018-01-17 13:24:42','COALINDIA',2344525,293.15),(83551,'2018-01-17 13:24:43','BATAINDIA',290388,732.4),(83552,'2018-01-17 13:24:52','COALINDIA',2345708,293.25),(83553,'2018-01-17 13:24:52','AMBUJACEM',667700,274.75),(83554,'2018-01-17 13:24:54','BATAINDIA',290819,732.5),(83555,'2018-01-17 13:25:03','COALINDIA',2346127,293.25),(83556,'2018-01-17 13:25:04','AMBUJACEM',667701,274.75),(83557,'2018-01-17 13:25:14','COALINDIA',2346881,293.25),(83558,'2018-01-17 13:25:15','BATAINDIA',290919,732.35),(83559,'2018-01-17 13:25:27','BATAINDIA',290939,732),(83560,'2018-01-17 13:25:27','AMBUJACEM',669743,275),(83561,'2018-01-17 13:25:30','COALINDIA',2351453,293.5),(83562,'2018-01-17 13:25:39','COALINDIA',2353823,293.1),(83563,'2018-01-17 13:25:40','AMBUJACEM',669939,274.85),(83564,'2018-01-17 13:25:50','COALINDIA',2355196,293.15),(83565,'2018-01-17 13:25:52','AMBUJACEM',670002,274.95),(83566,'2018-01-17 13:26:01','COALINDIA',2356368,293.15),(83567,'2018-01-17 13:26:02','AMBUJACEM',670035,274.95),(83568,'2018-01-17 13:26:07','AMBUJACEM',670167,275),(83569,'2018-01-17 13:26:08','COALINDIA',2356939,293.15),(83570,'2018-01-17 13:26:09','AMBUJACEM',670196,274.95),(83571,'2018-01-17 13:26:11','BATAINDIA',291339,732.5),(83572,'2018-01-17 13:26:14','AMBUJACEM',671036,275.2),(83573,'2018-01-17 13:26:16','COALINDIA',2357369,293.2),(83574,'2018-01-17 13:26:19','COALINDIA',2357568,293.3),(83575,'2018-01-17 13:26:20','AMBUJACEM',671260,274.95),(83576,'2018-01-17 13:26:24','COALINDIA',2358010,293.2),(83577,'2018-01-17 13:26:31','COALINDIA',2359186,293.15),(83578,'2018-01-17 13:26:33','AMBUJACEM',671317,274.95),(83579,'2018-01-17 13:26:36','AMBUJACEM',671328,275.1),(83580,'2018-01-17 13:26:36','COALINDIA',2359867,293.2),(83581,'2018-01-17 13:26:43','COALINDIA',2361579,293.2),(83582,'2018-01-17 13:26:44','BATAINDIA',291367,732.5),(83583,'2018-01-17 13:26:44','AMBUJACEM',671357,274.95),(83584,'2018-01-17 13:26:55','COALINDIA',2361921,293.15),(83585,'2018-01-17 13:26:55','AMBUJACEM',671459,274.8),(83586,'2018-01-17 13:27:09','AMBUJACEM',671491,274.85),(83587,'2018-01-17 13:27:10','COALINDIA',2362536,293.25),(83588,'2018-01-17 13:27:20','AMBUJACEM',671505,274.85),(83589,'2018-01-17 13:27:20','COALINDIA',2363022,293.35),(83590,'2018-01-17 13:27:31','BATAINDIA',291377,732.3),(83591,'2018-01-17 13:27:32','COALINDIA',2363400,293.3),(83592,'2018-01-17 13:27:40','COALINDIA',2363704,293.45),(83593,'2018-01-17 13:27:41','AMBUJACEM',671509,274.8),(83594,'2018-01-17 13:27:52','COALINDIA',2364565,293.35),(83595,'2018-01-17 13:27:52','AMBUJACEM',671529,274.8),(83596,'2018-01-17 13:28:04','COALINDIA',2365913,293.45),(83597,'2018-01-17 13:28:04','AMBUJACEM',671799,275.15),(83598,'2018-01-17 13:28:04','BATAINDIA',291940,733.05),(83599,'2018-01-17 13:28:07','COALINDIA',2365944,293.45),(83600,'2018-01-17 13:28:07','AMBUJACEM',671818,275),(83601,'2018-01-17 13:28:09','COALINDIA',2366094,293.5),(83602,'2018-01-17 13:28:11','BATAINDIA',291943,733.25),(83603,'2018-01-17 13:28:15','AMBUJACEM',672019,275),(83604,'2018-01-17 13:28:15','BATAINDIA',291950,733.25),(83605,'2018-01-17 13:28:16','COALINDIA',2366321,293.5),(83606,'2018-01-17 13:28:18','AMBUJACEM',672048,275),(83607,'2018-01-17 13:28:19','COALINDIA',2366865,293.6),(83608,'2018-01-17 13:28:27','COALINDIA',2367741,293.6),(83609,'2018-01-17 13:28:27','AMBUJACEM',672093,275.2),(83610,'2018-01-17 13:28:27','BATAINDIA',292124,732.85),(83611,'2018-01-17 13:28:39','AMBUJACEM',672207,275.35),(83612,'2018-01-17 13:28:40','COALINDIA',2369330,293.55),(83613,'2018-01-17 13:28:40','AMBUJACEM',672636,275.2),(83614,'2018-01-17 13:28:40','BATAINDIA',292229,733.55),(83615,'2018-01-17 13:28:52','COALINDIA',2370144,293.5),(83616,'2018-01-17 13:28:52','AMBUJACEM',672669,275.1),(83617,'2018-01-17 13:28:56','BATAINDIA',292329,733),(83618,'2018-01-17 13:29:03','COALINDIA',2370768,293.5),(83619,'2018-01-17 13:29:04','AMBUJACEM',672748,275.2),(83620,'2018-01-17 13:29:05','BATAINDIA',292542,732.6),(83621,'2018-01-17 13:29:17','AMBUJACEM',672794,275.05),(83622,'2018-01-17 13:29:17','COALINDIA',2371732,293.5),(83623,'2018-01-17 13:29:27','COALINDIA',2372650,293.5),(83624,'2018-01-17 13:29:28','AMBUJACEM',672863,275.05),(83625,'2018-01-17 13:29:30','BATAINDIA',292705,732.55),(83626,'2018-01-17 13:29:39','COALINDIA',2373719,293.6),(83627,'2018-01-17 13:29:39','BATAINDIA',292716,733.1),(83628,'2018-01-17 13:29:39','AMBUJACEM',672887,275.05),(83629,'2018-01-17 13:29:51','AMBUJACEM',672947,275.05),(83630,'2018-01-17 13:29:51','COALINDIA',2374082,293.55),(83631,'2018-01-17 13:29:53','BATAINDIA',292879,732.8),(83632,'2018-01-17 13:30:03','AMBUJACEM',673005,275.05),(83633,'2018-01-17 13:30:04','BATAINDIA',292880,733.4),(83634,'2018-01-17 13:30:04','COALINDIA',2374548,293.6),(83635,'2018-01-17 13:30:09','BATAINDIA',293201,732.6),(83636,'2018-01-17 13:30:09','AMBUJACEM',673138,275.05),(83637,'2018-01-17 13:30:10','COALINDIA',2374972,293.75),(83638,'2018-01-17 13:30:15','AMBUJACEM',673176,275.1),(83639,'2018-01-17 13:30:15','COALINDIA',2376174,293.65),(83640,'2018-01-17 13:30:16','BATAINDIA',293851,732.6),(83641,'2018-01-17 13:30:20','COALINDIA',2376459,293.65),(83642,'2018-01-17 13:30:22','BATAINDIA',293932,732.6),(83643,'2018-01-17 13:30:27','AMBUJACEM',673178,275.1),(83644,'2018-01-17 13:30:29','COALINDIA',2376517,293.65),(83645,'2018-01-17 13:30:29','BATAINDIA',295060,732.5),(83646,'2018-01-17 13:30:31','COALINDIA',2376869,293.75),(83647,'2018-01-17 13:30:32','AMBUJACEM',673306,275.25),(83648,'2018-01-17 13:30:39','AMBUJACEM',673384,275.1),(83649,'2018-01-17 13:30:39','COALINDIA',2377614,293.7),(83650,'2018-01-17 13:30:42','COALINDIA',2377768,293.7),(83651,'2018-01-17 13:30:43','AMBUJACEM',673446,275.1),(83652,'2018-01-17 13:30:53','COALINDIA',2378800,293.75),(83653,'2018-01-17 13:30:54','BATAINDIA',295061,732.5),(83654,'2018-01-17 13:30:54','AMBUJACEM',673476,275.1),(83655,'2018-01-17 13:31:04','COALINDIA',2379790,293.7),(83656,'2018-01-17 13:31:05','AMBUJACEM',673515,275.1),(83657,'2018-01-17 13:31:06','BATAINDIA',295219,732.05),(83658,'2018-01-17 13:31:17','COALINDIA',2380313,293.8),(83659,'2018-01-17 13:31:19','AMBUJACEM',673591,275.1),(83660,'2018-01-17 13:31:31','AMBUJACEM',673627,275.15),(83661,'2018-01-17 13:31:31','COALINDIA',2380783,293.8),(83662,'2018-01-17 13:31:43','COALINDIA',2381939,293.7),(83663,'2018-01-17 13:31:44','AMBUJACEM',673703,275.15),(83664,'2018-01-17 13:31:45','BATAINDIA',295259,732.45),(83665,'2018-01-17 13:31:56','BATAINDIA',295359,732.5),(83666,'2018-01-17 13:31:56','AMBUJACEM',674098,275.2);
/*!40000 ALTER TABLE `live_data` ENABLE KEYS */;
UNLOCK TABLES;

--
-- Table structure for table `negative_price_trend_data`
--

DROP TABLE IF EXISTS `negative_price_trend_data`;
/*!40101 SET @saved_cs_client     = @@character_set_client */;
/*!40101 SET character_set_client = utf8 */;
CREATE TABLE `negative_price_trend_data` (
  `id` int(11) NOT NULL AUTO_INCREMENT,
  `symbol` varchar(45) DEFAULT NULL,
  `time_start` datetime DEFAULT NULL,
  `time_end` datetime DEFAULT NULL,
  `curr_time` datetime DEFAULT NULL,
  `volume_start` int(11) DEFAULT NULL,
  `volume_end` int(11) DEFAULT NULL,
  `price_start` float DEFAULT NULL,
  `price_end` float DEFAULT NULL,
  `max_strength` float DEFAULT NULL,
  `is_strength_applied` tinyint(4) DEFAULT NULL,
  `id_enclosed_strength` int(11) DEFAULT NULL,
  `original_max_strength` float DEFAULT NULL,
  PRIMARY KEY (`id`)
) ENGINE=InnoDB AUTO_INCREMENT=127 DEFAULT CHARSET=utf8;
/*!40101 SET character_set_client = @saved_cs_client */;

--
-- Dumping data for table `negative_price_trend_data`
--

LOCK TABLES `negative_price_trend_data` WRITE;
/*!40000 ALTER TABLE `negative_price_trend_data` DISABLE KEYS */;
INSERT INTO `negative_price_trend_data` VALUES (124,'BATAINDIA','2018-01-17 09:29:31','2018-01-17 09:33:39','2018-01-17 09:35:00',29994,47342,716.4,709,1.20781,1,NULL,2.92211),(125,'COALINDIA','2018-01-17 09:23:02','2018-01-17 09:34:18','2018-01-17 09:35:00',246108,440809,289.5,286.6,1.58959,1,NULL,NULL),(126,'BATAINDIA','2018-01-17 09:27:38','2018-01-17 09:38:04','2018-01-17 09:40:00',22160,59296,719.5,712.15,2.50576,1,124,NULL);
/*!40000 ALTER TABLE `negative_price_trend_data` ENABLE KEYS */;
UNLOCK TABLES;

--
-- Table structure for table `negative_price_trend_data_log`
--

DROP TABLE IF EXISTS `negative_price_trend_data_log`;
/*!40101 SET @saved_cs_client     = @@character_set_client */;
/*!40101 SET character_set_client = utf8 */;
CREATE TABLE `negative_price_trend_data_log` (
  `symbol` varchar(45) NOT NULL,
  `time_start` datetime NOT NULL,
  `time_end` datetime NOT NULL,
  `curr_time` datetime DEFAULT NULL,
  `volume_start` int(11) DEFAULT NULL,
  `volume_end` int(11) DEFAULT NULL,
  `price_start` float DEFAULT NULL,
  `price_end` float DEFAULT NULL,
  `max_strength` float DEFAULT NULL,
  `is_strength_valid` tinyint(4) DEFAULT NULL,
  `id_enclosed_strength` int(11) DEFAULT NULL,
  PRIMARY KEY (`symbol`,`time_start`,`time_end`)
) ENGINE=InnoDB DEFAULT CHARSET=utf8;
/*!40101 SET character_set_client = @saved_cs_client */;

--
-- Dumping data for table `negative_price_trend_data_log`
--

LOCK TABLES `negative_price_trend_data_log` WRITE;
/*!40000 ALTER TABLE `negative_price_trend_data_log` DISABLE KEYS */;
INSERT INTO `negative_price_trend_data_log` VALUES ('BATAINDIA','2018-01-17 09:27:38','2018-01-17 09:38:04','2018-01-17 09:40:00',22160,59296,719.5,712.15,2.50576,1,124),('BATAINDIA','2018-01-17 09:29:31','2018-01-17 09:33:39','2018-01-17 09:35:00',29994,47342,716.4,709,2.92211,1,NULL),('COALINDIA','2018-01-17 09:23:02','2018-01-17 09:34:18','2018-01-17 09:35:00',246108,440809,289.5,286.6,1.58959,1,NULL);
/*!40000 ALTER TABLE `negative_price_trend_data_log` ENABLE KEYS */;
UNLOCK TABLES;

--
-- Table structure for table `option_buy_order`
--

DROP TABLE IF EXISTS `option_buy_order`;
/*!40101 SET @saved_cs_client     = @@character_set_client */;
/*!40101 SET character_set_client = utf8 */;
CREATE TABLE `option_buy_order` (
  `order_id` int(11) NOT NULL AUTO_INCREMENT,
  `symbol` varchar(45) NOT NULL,
  `option_type` varchar(2) NOT NULL,
  `option_strike_price` float NOT NULL,
  `buy_price` float NOT NULL,
  `no_of_lots` int(11) DEFAULT NULL,
  `quantity` int(11) DEFAULT NULL,
  `isExecuted` tinyint(4) NOT NULL,
  `exchange_order_id` int(11) DEFAULT NULL,
  `filled_quantity` int(11) DEFAULT NULL,
  `remaining_quantity` int(11) DEFAULT NULL,
  PRIMARY KEY (`order_id`)
) ENGINE=InnoDB AUTO_INCREMENT=110 DEFAULT CHARSET=utf8;
/*!40101 SET character_set_client = @saved_cs_client */;

--
-- Dumping data for table `option_buy_order`
--

LOCK TABLES `option_buy_order` WRITE;
/*!40000 ALTER TABLE `option_buy_order` DISABLE KEYS */;
INSERT INTO `option_buy_order` VALUES (107,'AMBUJACEM','CE',285,2.15,12,30000,0,70713032,0,30000),(108,'BATAINDIA','PE',720,8.35,6,6600,0,62245612,0,6600),(109,'COALINDIA','CE',300,1.3,21,46200,0,99088969,0,46200);
/*!40000 ALTER TABLE `option_buy_order` ENABLE KEYS */;
UNLOCK TABLES;

--
-- Table structure for table `option_buy_order_event`
--

DROP TABLE IF EXISTS `option_buy_order_event`;
/*!40101 SET @saved_cs_client     = @@character_set_client */;
/*!40101 SET character_set_client = utf8 */;
CREATE TABLE `option_buy_order_event` (
  `order_id` int(11) NOT NULL,
  `symbol` varchar(45) NOT NULL,
  `curr_time` datetime NOT NULL,
  `option_type` varchar(2) NOT NULL,
  `option_strike_price` float NOT NULL,
  `buy_price` float NOT NULL,
  `no_of_lots` int(11) DEFAULT NULL,
  `quantity` int(11) DEFAULT NULL,
  `event_type` varchar(5) NOT NULL,
  `is_event_handled` tinyint(4) NOT NULL,
  PRIMARY KEY (`order_id`,`event_type`,`curr_time`)
) ENGINE=InnoDB DEFAULT CHARSET=utf8;
/*!40101 SET character_set_client = @saved_cs_client */;

--
-- Dumping data for table `option_buy_order_event`
--

LOCK TABLES `option_buy_order_event` WRITE;
/*!40000 ALTER TABLE `option_buy_order_event` DISABLE KEYS */;
INSERT INTO `option_buy_order_event` VALUES (107,'AMBUJACEM','2018-01-17 09:15:00','CE',285,2.15,12,30000,'NEW',1),(108,'BATAINDIA','2018-01-17 09:35:00','PE',720,10.2,6,6600,'MOD',1),(108,'BATAINDIA','2018-01-17 09:40:00','PE',720,11.9,6,6600,'MOD',1),(108,'BATAINDIA','2018-01-17 09:45:00','PE',720,8.35,6,6600,'MOD',1),(108,'BATAINDIA','2018-01-17 09:15:00','PE',720,8.65,6,6600,'NEW',1),(109,'COALINDIA','2018-01-17 09:35:00','CE',300,1.05,21,46200,'MOD',1),(109,'COALINDIA','2018-01-17 09:45:00','CE',300,1.3,21,46200,'MOD',1),(109,'COALINDIA','2018-01-17 09:15:00','CE',300,1.4,21,46200,'NEW',1);
/*!40000 ALTER TABLE `option_buy_order_event` ENABLE KEYS */;
UNLOCK TABLES;

--
-- Table structure for table `option_buy_order_log`
--

DROP TABLE IF EXISTS `option_buy_order_log`;
/*!40101 SET @saved_cs_client     = @@character_set_client */;
/*!40101 SET character_set_client = utf8 */;
CREATE TABLE `option_buy_order_log` (
  `order_id` int(11) NOT NULL,
  `symbol` varchar(45) NOT NULL,
  `option_type` varchar(2) NOT NULL,
  `option_strike_price` float NOT NULL,
  `buy_price` float NOT NULL,
  `no_of_lots` int(11) DEFAULT NULL,
  `quantity` int(11) DEFAULT NULL,
  `isExecuted` tinyint(4) DEFAULT NULL,
  `update_time` datetime NOT NULL,
  `filled_quantity` int(11) DEFAULT NULL,
  `remaining_quantity` int(11) DEFAULT NULL,
  PRIMARY KEY (`order_id`,`update_time`)
) ENGINE=InnoDB DEFAULT CHARSET=utf8;
/*!40101 SET character_set_client = @saved_cs_client */;

--
-- Dumping data for table `option_buy_order_log`
--

LOCK TABLES `option_buy_order_log` WRITE;
/*!40000 ALTER TABLE `option_buy_order_log` DISABLE KEYS */;
INSERT INTO `option_buy_order_log` VALUES (107,'AMBUJACEM','CE',285,2.15,12,30000,0,'2018-01-17 09:15:00',0,30000),(108,'BATAINDIA','PE',720,8.65,6,6600,0,'2018-01-17 09:15:00',0,6600),(108,'BATAINDIA','PE',720,10.2,6,6600,0,'2018-01-17 09:35:00',0,6600),(108,'BATAINDIA','PE',720,11.9,6,6600,0,'2018-01-17 09:40:00',0,6600),(108,'BATAINDIA','PE',720,8.35,6,6600,0,'2018-01-17 09:45:00',0,6600),(109,'COALINDIA','CE',300,1.4,21,46200,0,'2018-01-17 09:15:00',0,46200),(109,'COALINDIA','CE',300,1.05,21,46200,0,'2018-01-17 09:35:00',0,46200),(109,'COALINDIA','CE',300,1.3,21,46200,0,'2018-01-17 09:45:00',0,46200);
/*!40000 ALTER TABLE `option_buy_order_log` ENABLE KEYS */;
UNLOCK TABLES;

--
-- Table structure for table `positive_price_trend_data`
--

DROP TABLE IF EXISTS `positive_price_trend_data`;
/*!40101 SET @saved_cs_client     = @@character_set_client */;
/*!40101 SET character_set_client = utf8 */;
CREATE TABLE `positive_price_trend_data` (
  `id` int(11) NOT NULL AUTO_INCREMENT,
  `symbol` varchar(45) NOT NULL,
  `time_start` datetime NOT NULL,
  `time_end` datetime DEFAULT NULL,
  `curr_time` datetime DEFAULT NULL,
  `volume_start` int(11) DEFAULT NULL,
  `volume_end` int(11) DEFAULT NULL,
  `price_start` float DEFAULT NULL,
  `price_end` float DEFAULT NULL,
  `max_strength` float DEFAULT NULL,
  `is_strength_applied` tinyint(4) DEFAULT NULL,
  `id_enclosed_strength` int(11) DEFAULT NULL,
  `original_max_strength` float DEFAULT NULL,
  PRIMARY KEY (`id`)
) ENGINE=InnoDB AUTO_INCREMENT=137 DEFAULT CHARSET=utf8;
/*!40101 SET character_set_client = @saved_cs_client */;

--
-- Dumping data for table `positive_price_trend_data`
--

LOCK TABLES `positive_price_trend_data` WRITE;
/*!40000 ALTER TABLE `positive_price_trend_data` DISABLE KEYS */;
INSERT INTO `positive_price_trend_data` VALUES (135,'BATAINDIA','2018-01-17 09:33:10','2018-01-17 09:44:17','2018-01-17 09:45:00',42844,74960,712,719.4,1.99903,1,NULL,NULL),(136,'COALINDIA','2018-01-17 09:36:54','2018-01-17 09:43:14','2018-01-17 09:45:00',481107,588685,286.45,289.35,1.54598,1,NULL,NULL);
/*!40000 ALTER TABLE `positive_price_trend_data` ENABLE KEYS */;
UNLOCK TABLES;

--
-- Table structure for table `positive_price_trend_data_log`
--

DROP TABLE IF EXISTS `positive_price_trend_data_log`;
/*!40101 SET @saved_cs_client     = @@character_set_client */;
/*!40101 SET character_set_client = utf8 */;
CREATE TABLE `positive_price_trend_data_log` (
  `symbol` varchar(45) NOT NULL,
  `time_start` datetime NOT NULL,
  `time_end` datetime NOT NULL,
  `curr_time` datetime DEFAULT NULL,
  `volume_start` int(11) DEFAULT NULL,
  `volume_end` int(11) DEFAULT NULL,
  `price_start` float DEFAULT NULL,
  `price_end` float DEFAULT NULL,
  `max_strength` float DEFAULT NULL,
  `is_strength_valid` tinyint(4) DEFAULT NULL,
  `id_enclosed_strength` int(11) DEFAULT NULL,
  PRIMARY KEY (`symbol`,`time_start`,`time_end`)
) ENGINE=InnoDB DEFAULT CHARSET=utf8;
/*!40101 SET character_set_client = @saved_cs_client */;

--
-- Dumping data for table `positive_price_trend_data_log`
--

LOCK TABLES `positive_price_trend_data_log` WRITE;
/*!40000 ALTER TABLE `positive_price_trend_data_log` DISABLE KEYS */;
INSERT INTO `positive_price_trend_data_log` VALUES ('BATAINDIA','2018-01-17 09:32:50','2018-01-17 10:03:41','2018-01-17 10:05:00',40784,92569,713.75,721.05,1.18031,0,0),('BATAINDIA','2018-01-17 09:33:10','2018-01-17 09:44:17','2018-01-17 09:45:00',42844,74960,712,719.4,1.99903,1,NULL),('BATAINDIA','2018-01-17 09:33:10','2018-01-17 09:59:52','2018-01-17 10:00:00',42844,89410,712,719.2,1.24031,0,0),('BATAINDIA','2018-01-17 09:33:25','2018-01-17 09:48:46','2018-01-17 09:50:00',45945,80267,710.1,717.25,1.59699,0,0),('BATAINDIA','2018-01-17 09:33:25','2018-01-17 09:53:04','2018-01-17 09:55:00',45945,83850,710.1,717.3,1.36818,0,0),('COALINDIA','2018-01-17 09:20:19','2018-01-17 10:04:38','2018-01-17 10:05:00',188952,865786,288.45,291.35,1.39975,0,0),('COALINDIA','2018-01-17 09:34:59','2018-01-17 09:58:27','2018-01-17 10:00:00',448609,746592,286.8,289.7,1.15713,0,0),('COALINDIA','2018-01-17 09:36:41','2018-01-17 09:48:22','2018-01-17 09:50:00',479249,656706,286.4,289.3,1.38217,0,0),('COALINDIA','2018-01-17 09:36:54','2018-01-17 09:43:14','2018-01-17 09:45:00',481107,588685,286.45,289.35,1.54598,1,NULL),('COALINDIA','2018-01-17 09:36:54','2018-01-17 09:54:50','2018-01-17 09:55:00',481107,714874,286.45,289.35,1.18641,0,0);
/*!40000 ALTER TABLE `positive_price_trend_data_log` ENABLE KEYS */;
UNLOCK TABLES;

--
-- Table structure for table `selected_instrument`
--

DROP TABLE IF EXISTS `selected_instrument`;
/*!40101 SET @saved_cs_client     = @@character_set_client */;
/*!40101 SET character_set_client = utf8 */;
CREATE TABLE `selected_instrument` (
  `symbol` varchar(45) NOT NULL,
  `option_type` varchar(2) NOT NULL,
  `option_strike_price` float NOT NULL,
  `option_close_price` float NOT NULL,
  `lot_size` int(11) NOT NULL,
  `last_implied_volatility` float DEFAULT NULL,
  `expiry_factor_quotient` float NOT NULL DEFAULT '1',
  `url` varchar(500) NOT NULL,
  PRIMARY KEY (`symbol`,`option_type`,`option_strike_price`)
) ENGINE=InnoDB DEFAULT CHARSET=utf8;
/*!40101 SET character_set_client = @saved_cs_client */;

--
-- Dumping data for table `selected_instrument`
--

LOCK TABLES `selected_instrument` WRITE;
/*!40000 ALTER TABLE `selected_instrument` DISABLE KEYS */;
INSERT INTO `selected_instrument` VALUES ('AMBUJACEM','CE',285,2.55,2500,37.26,1.1,'https://www.nseindia.com/live_market/dynaContent/live_watch/get_quote/GetQuoteFO.jsp?underlying=AMBUJACEM&instrument=OPTSTK&strike=285.00&type=CE&expiry=25JAN2018'),('BATAINDIA','PE',720,11.05,1100,34.01,1,'https://www.nseindia.com/live_market/dynaContent/live_watch/get_quote/GetQuoteFO.jsp?underlying=BATAINDIA&instrument=OPTSTK&strike=720.00&type=PE&expiry=25JAN2018'),('COALINDIA','CE',300,2.35,2200,29.57,0.85,'https://www.nseindia.com/live_market/dynaContent/live_watch/get_quote/GetQuoteFO.jsp?underlying=COALINDIA&instrument=OPTSTK&strike=300.00&type=CE&expiry=25JAN2018');
/*!40000 ALTER TABLE `selected_instrument` ENABLE KEYS */;
UNLOCK TABLES;

--
-- Table structure for table `trading_parameters`
--

DROP TABLE IF EXISTS `trading_parameters`;
/*!40101 SET @saved_cs_client     = @@character_set_client */;
/*!40101 SET character_set_client = utf8 */;
CREATE TABLE `trading_parameters` (
  `param_id` varchar(50) NOT NULL,
  `param_desc` varchar(500) DEFAULT NULL,
  `param_value` float DEFAULT NULL,
  PRIMARY KEY (`param_id`)
) ENGINE=InnoDB DEFAULT CHARSET=utf8;
/*!40101 SET character_set_client = @saved_cs_client */;

--
-- Dumping data for table `trading_parameters`
--

LOCK TABLES `trading_parameters` WRITE;
/*!40000 ALTER TABLE `trading_parameters` DISABLE KEYS */;
INSERT INTO `trading_parameters` VALUES ('EXPIRY_FACTOR','A FACTOR MULTIPLIED WITH THE EXPIRY FACTOR QUOTIENT FOR THE SELECTED INSTRUMENT. IT IS USEFUL IN CALCULATING THE DEPRECIATION OF THE OPTION PRICE AT THE START OF THE CURRENT DAY',0.05),('STRENGTH_TO_BUY_ORDER_FACTOR','FACTOR BY WHICH THE STRENGTH WILL BE APPLIED TO THE CURRENT BUY ORDER. SAME DIRECTION STRENGTH WILL INCREASE ORDER PRICE AND VICE VERSA. NEW PRICE = OLD PRICE +/-  (STRENGTH_TO_BUY_ORDER_FACTOR * STRENGTH) ;',0.15);
/*!40000 ALTER TABLE `trading_parameters` ENABLE KEYS */;
UNLOCK TABLES;

--
-- Dumping events for database 'engine_live'
--

--
-- Dumping routines for database 'engine_live'
--
/*!50003 DROP FUNCTION IF EXISTS `calculate_price_from_confidence` */;
/*!50003 SET @saved_cs_client      = @@character_set_client */ ;
/*!50003 SET @saved_cs_results     = @@character_set_results */ ;
/*!50003 SET @saved_col_connection = @@collation_connection */ ;
/*!50003 SET character_set_client  = utf8 */ ;
/*!50003 SET character_set_results = utf8 */ ;
/*!50003 SET collation_connection  = utf8_general_ci */ ;
/*!50003 SET @saved_sql_mode       = @@sql_mode */ ;
/*!50003 SET sql_mode              = 'STRICT_TRANS_TABLES,NO_AUTO_CREATE_USER,NO_ENGINE_SUBSTITUTION' */ ;
DELIMITER ;;
CREATE DEFINER=`root`@`localhost` FUNCTION `calculate_price_from_confidence`(
PRICE_IN float,
CONFIDENCE_LEVEL_IN float,
EXPIRY_FACTOR_QUOTIENT_IN float,
EXPIRY_FACTOR_IN float ) RETURNS float
BEGIN

DECLARE CALCULATED_BUY_PRICE FLOAT DEFAULT 0;


set CALCULATED_BUY_PRICE = (PRICE_IN * CONFIDENCE_LEVEL_IN/100) -
                                              (PRICE_IN * EXPIRY_FACTOR_QUOTIENT_IN * EXPIRY_FACTOR_IN);

set CALCULATED_BUY_PRICE = round_price_value(CALCULATED_BUY_PRICE);

return CALCULATED_BUY_PRICE;


END ;;
DELIMITER ;
/*!50003 SET sql_mode              = @saved_sql_mode */ ;
/*!50003 SET character_set_client  = @saved_cs_client */ ;
/*!50003 SET character_set_results = @saved_cs_results */ ;
/*!50003 SET collation_connection  = @saved_col_connection */ ;
/*!50003 DROP FUNCTION IF EXISTS `RANDOMIZE_VOLUME` */;
/*!50003 SET @saved_cs_client      = @@character_set_client */ ;
/*!50003 SET @saved_cs_results     = @@character_set_results */ ;
/*!50003 SET @saved_col_connection = @@collation_connection */ ;
/*!50003 SET character_set_client  = utf8 */ ;
/*!50003 SET character_set_results = utf8 */ ;
/*!50003 SET collation_connection  = utf8_general_ci */ ;
/*!50003 SET @saved_sql_mode       = @@sql_mode */ ;
/*!50003 SET sql_mode              = 'STRICT_TRANS_TABLES,NO_AUTO_CREATE_USER,NO_ENGINE_SUBSTITUTION' */ ;
DELIMITER ;;
CREATE DEFINER=`root`@`localhost` FUNCTION `RANDOMIZE_VOLUME`(VOLUME_PER_ENTRY INT) RETURNS int(11)
BEGIN


DECLARE RANDOM_FACTOR FLOAT;

DECLARE BASE FLOAT DEFAULT 0;


DECLARE EXPONENT FLOAT DEFAULT 0;


SET RANDOM_FACTOR = RAND();

-- START BLOCK FOR BULK PURCHASE

IF ( RANDOM_FACTOR >= 0.999) THEN

SET BASE =  800 * (RANDOM_FACTOR - 0.95);

SET EXPONENT = 2 * RAND();

SET RANDOM_FACTOR = POWER(BASE, EXPONENT);

-- END BLOCK FOR BULK PURCHASE


ELSE IF( RANDOM_FACTOR >= 0.95) THEN

SET BASE =  400 * (RANDOM_FACTOR - 0.95);

SET EXPONENT = 1.5 * RAND();

SET RANDOM_FACTOR = POWER(BASE, EXPONENT);

ELSE IF ( RANDOM_FACTOR <= 0.2) THEN

SET BASE = RANDOM_FACTOR;

SET EXPONENT = 5 * RAND();

SET RANDOM_FACTOR = POWER(BASE, EXPONENT);

ELSE

SET RANDOM_FACTOR = 1.5 * RANDOM_FACTOR;


END IF;

END IF;

END IF;



RETURN VOLUME_PER_ENTRY * (RANDOM_FACTOR);

END ;;
DELIMITER ;
/*!50003 SET sql_mode              = @saved_sql_mode */ ;
/*!50003 SET character_set_client  = @saved_cs_client */ ;
/*!50003 SET character_set_results = @saved_cs_results */ ;
/*!50003 SET collation_connection  = @saved_col_connection */ ;
/*!50003 DROP FUNCTION IF EXISTS `round_price_value` */;
/*!50003 SET @saved_cs_client      = @@character_set_client */ ;
/*!50003 SET @saved_cs_results     = @@character_set_results */ ;
/*!50003 SET @saved_col_connection = @@collation_connection */ ;
/*!50003 SET character_set_client  = utf8 */ ;
/*!50003 SET character_set_results = utf8 */ ;
/*!50003 SET collation_connection  = utf8_general_ci */ ;
/*!50003 SET @saved_sql_mode       = @@sql_mode */ ;
/*!50003 SET sql_mode              = 'STRICT_TRANS_TABLES,NO_AUTO_CREATE_USER,NO_ENGINE_SUBSTITUTION' */ ;
DELIMITER ;;
CREATE DEFINER=`root`@`localhost` FUNCTION `round_price_value`(
PRICE_IN float
) RETURNS float
BEGIN

declare remainder float default 0;

set remainder =  MOD(PRICE_IN , 0.05);

if(remainder < 0.025) then

return PRICE_IN -  remainder;

end if;

return (PRICE_IN - remainder) + 0.05;

END ;;
DELIMITER ;
/*!50003 SET sql_mode              = @saved_sql_mode */ ;
/*!50003 SET character_set_client  = @saved_cs_client */ ;
/*!50003 SET character_set_results = @saved_cs_results */ ;
/*!50003 SET collation_connection  = @saved_col_connection */ ;
/*!50003 DROP PROCEDURE IF EXISTS `APPLY_STRENGTH_NEGATIVE_TREND_TO_BUY_ORDER` */;
/*!50003 SET @saved_cs_client      = @@character_set_client */ ;
/*!50003 SET @saved_cs_results     = @@character_set_results */ ;
/*!50003 SET @saved_col_connection = @@collation_connection */ ;
/*!50003 SET character_set_client  = utf8 */ ;
/*!50003 SET character_set_results = utf8 */ ;
/*!50003 SET collation_connection  = utf8_general_ci */ ;
/*!50003 SET @saved_sql_mode       = @@sql_mode */ ;
/*!50003 SET sql_mode              = 'STRICT_TRANS_TABLES,NO_AUTO_CREATE_USER,NO_ENGINE_SUBSTITUTION' */ ;
DELIMITER ;;
CREATE DEFINER=`root`@`localhost` PROCEDURE `APPLY_STRENGTH_NEGATIVE_TREND_TO_BUY_ORDER`(
SYMBOL_IN VARCHAR(45),
STRENGTH_TO_BE_APPLIED_IN FLOAT,
ENCLOSED_RECORD_ID_IN INT,
time_in datetime
)
BEGIN

DECLARE VAR_OPTION_TYPE varchar(2);
DECLARE VAR_OPTION_STRIKE_PRICE FLOAT;
DECLARE VAR_NO_OF_LOTS INT;
DECLARE VAR_QUANTITY INT;

DECLARE VAR_INITIAL_ORDER_PRICE FLOAT;

DECLARE VAR_ENCLOSING_RECORD_STRENGTH FLOAT;

DECLARE VAR_STRENGTH_TO_BUY_ORDER_FACTOR FLOAT;

DECLARE VAR_ORIGINAL_ORDER_PRICE FLOAT;

DECLARE VAR_CALCULATED_ORDER_PRICE FLOAT;




SELECT option_type,option_strike_price,no_of_lots,quantity,buy_price FROM engine_live.option_buy_order
where symbol = SYMBOL_IN and isExecuted = 0
INTO VAR_OPTION_TYPE,VAR_OPTION_STRIKE_PRICE,
VAR_NO_OF_LOTS,VAR_QUANTITY,
VAR_INITIAL_ORDER_PRICE;

SELECT  param_value FROM trading_parameters WHERE param_id = 'STRENGTH_TO_BUY_ORDER_FACTOR'
INTO VAR_STRENGTH_TO_BUY_ORDER_FACTOR;


IF(VAR_OPTION_TYPE = 'PE' ) THEN
IF(ENCLOSED_RECORD_ID_IN IS NULL OR ENCLOSED_RECORD_ID_IN = 0) THEN

SET VAR_CALCULATED_ORDER_PRICE = VAR_INITIAL_ORDER_PRICE * (1+
                        (VAR_STRENGTH_TO_BUY_ORDER_FACTOR * STRENGTH_TO_BE_APPLIED_IN));


ELSE

SELECT max_strength from negative_price_trend_data WHERE id = ENCLOSED_RECORD_ID_IN

INTO VAR_ENCLOSING_RECORD_STRENGTH;

SET VAR_ORIGINAL_ORDER_PRICE =  VAR_INITIAL_ORDER_PRICE / (1+
                        (VAR_STRENGTH_TO_BUY_ORDER_FACTOR * VAR_ENCLOSING_RECORD_STRENGTH));

SET VAR_CALCULATED_ORDER_PRICE = VAR_ORIGINAL_ORDER_PRICE * (1+
                        (VAR_STRENGTH_TO_BUY_ORDER_FACTOR * STRENGTH_TO_BE_APPLIED_IN));

END IF;




ELSE IF(VAR_OPTION_TYPE = 'CE' ) THEN

IF(ENCLOSED_RECORD_ID_IN IS NULL OR ENCLOSED_RECORD_ID_IN = 0) THEN

SET VAR_CALCULATED_ORDER_PRICE = VAR_INITIAL_ORDER_PRICE * (1 -
                        (VAR_STRENGTH_TO_BUY_ORDER_FACTOR * STRENGTH_TO_BE_APPLIED_IN));


ELSE

SELECT max_strength from negative_price_trend_data WHERE id = ENCLOSED_RECORD_ID_IN

INTO VAR_ENCLOSING_RECORD_STRENGTH;

SET VAR_ORIGINAL_ORDER_PRICE =  VAR_INITIAL_ORDER_PRICE / (1 -
                        (VAR_STRENGTH_TO_BUY_ORDER_FACTOR * VAR_ENCLOSING_RECORD_STRENGTH));

SET VAR_CALCULATED_ORDER_PRICE = VAR_ORIGINAL_ORDER_PRICE * (1 -
                        (VAR_STRENGTH_TO_BUY_ORDER_FACTOR * STRENGTH_TO_BE_APPLIED_IN));

END IF;

END IF;

END IF;


SET VAR_CALCULATED_ORDER_PRICE = round_price_value(VAR_CALCULATED_ORDER_PRICE);

call PUT_MODIFY_OPTION_BUY_ORDER_EVENT(SYMBOL_IN,VAR_OPTION_TYPE,VAR_OPTION_STRIKE_PRICE,VAR_NO_OF_LOTS,
VAR_QUANTITY,VAR_CALCULATED_ORDER_PRICE,time_in);









END ;;
DELIMITER ;
/*!50003 SET sql_mode              = @saved_sql_mode */ ;
/*!50003 SET character_set_client  = @saved_cs_client */ ;
/*!50003 SET character_set_results = @saved_cs_results */ ;
/*!50003 SET collation_connection  = @saved_col_connection */ ;
/*!50003 DROP PROCEDURE IF EXISTS `APPLY_STRENGTH_POSITIVE_TREND_TO_BUY_ORDER` */;
/*!50003 SET @saved_cs_client      = @@character_set_client */ ;
/*!50003 SET @saved_cs_results     = @@character_set_results */ ;
/*!50003 SET @saved_col_connection = @@collation_connection */ ;
/*!50003 SET character_set_client  = utf8 */ ;
/*!50003 SET character_set_results = utf8 */ ;
/*!50003 SET collation_connection  = utf8_general_ci */ ;
/*!50003 SET @saved_sql_mode       = @@sql_mode */ ;
/*!50003 SET sql_mode              = 'STRICT_TRANS_TABLES,NO_AUTO_CREATE_USER,NO_ENGINE_SUBSTITUTION' */ ;
DELIMITER ;;
CREATE DEFINER=`root`@`localhost` PROCEDURE `APPLY_STRENGTH_POSITIVE_TREND_TO_BUY_ORDER`(
SYMBOL_IN VARCHAR(45),
STRENGTH_TO_BE_APPLIED_IN FLOAT,
ENCLOSED_RECORD_ID_IN INT,
time_in datetime)
BEGIN

DECLARE VAR_OPTION_TYPE varchar(2);
DECLARE VAR_OPTION_STRIKE_PRICE FLOAT;
DECLARE VAR_NO_OF_LOTS INT;
DECLARE VAR_QUANTITY INT;

DECLARE VAR_INITIAL_ORDER_PRICE FLOAT;

DECLARE VAR_ENCLOSING_RECORD_STRENGTH FLOAT;

DECLARE VAR_STRENGTH_TO_BUY_ORDER_FACTOR FLOAT;

DECLARE VAR_ORIGINAL_ORDER_PRICE FLOAT;

DECLARE VAR_CALCULATED_ORDER_PRICE FLOAT;




SELECT option_type,option_strike_price,no_of_lots,quantity,buy_price FROM engine_live.option_buy_order
where symbol = SYMBOL_IN and isExecuted = 0
INTO VAR_OPTION_TYPE,VAR_OPTION_STRIKE_PRICE,
VAR_NO_OF_LOTS,VAR_QUANTITY,
VAR_INITIAL_ORDER_PRICE;

SELECT  param_value FROM trading_parameters WHERE param_id = 'STRENGTH_TO_BUY_ORDER_FACTOR'
INTO VAR_STRENGTH_TO_BUY_ORDER_FACTOR;



IF(VAR_OPTION_TYPE = 'CE' ) THEN
IF(ENCLOSED_RECORD_ID_IN IS NULL OR ENCLOSED_RECORD_ID_IN = 0) THEN

SET VAR_CALCULATED_ORDER_PRICE = VAR_INITIAL_ORDER_PRICE * (1+
                        (VAR_STRENGTH_TO_BUY_ORDER_FACTOR * STRENGTH_TO_BE_APPLIED_IN));


ELSE

SELECT max_strength from positive_price_trend_data WHERE id = ENCLOSED_RECORD_ID_IN

INTO VAR_ENCLOSING_RECORD_STRENGTH;

SET VAR_ORIGINAL_ORDER_PRICE =  VAR_INITIAL_ORDER_PRICE / (1+
                        (VAR_STRENGTH_TO_BUY_ORDER_FACTOR * VAR_ENCLOSING_RECORD_STRENGTH));

SET VAR_CALCULATED_ORDER_PRICE = VAR_ORIGINAL_ORDER_PRICE * (1+
                        (VAR_STRENGTH_TO_BUY_ORDER_FACTOR * STRENGTH_TO_BE_APPLIED_IN));

END IF;




ELSE IF(VAR_OPTION_TYPE = 'PE' ) THEN

IF(ENCLOSED_RECORD_ID_IN IS NULL OR ENCLOSED_RECORD_ID_IN = 0) THEN

SET VAR_CALCULATED_ORDER_PRICE = VAR_INITIAL_ORDER_PRICE * (1 -
                        (VAR_STRENGTH_TO_BUY_ORDER_FACTOR * STRENGTH_TO_BE_APPLIED_IN));


ELSE

SELECT max_strength from positive_price_trend_data WHERE id = ENCLOSED_RECORD_ID_IN

INTO VAR_ENCLOSING_RECORD_STRENGTH;

SET VAR_ORIGINAL_ORDER_PRICE =  VAR_INITIAL_ORDER_PRICE / (1 -
                        (VAR_STRENGTH_TO_BUY_ORDER_FACTOR * VAR_ENCLOSING_RECORD_STRENGTH));

SET VAR_CALCULATED_ORDER_PRICE = VAR_ORIGINAL_ORDER_PRICE * (1 -
                        (VAR_STRENGTH_TO_BUY_ORDER_FACTOR * STRENGTH_TO_BE_APPLIED_IN));

END IF;

END IF;

END IF;


SET VAR_CALCULATED_ORDER_PRICE = round_price_value(VAR_CALCULATED_ORDER_PRICE);

call PUT_MODIFY_OPTION_BUY_ORDER_EVENT(SYMBOL_IN,VAR_OPTION_TYPE,VAR_OPTION_STRIKE_PRICE,VAR_NO_OF_LOTS,
VAR_QUANTITY,VAR_CALCULATED_ORDER_PRICE,time_in);









END ;;
DELIMITER ;
/*!50003 SET sql_mode              = @saved_sql_mode */ ;
/*!50003 SET character_set_client  = @saved_cs_client */ ;
/*!50003 SET character_set_results = @saved_cs_results */ ;
/*!50003 SET collation_connection  = @saved_col_connection */ ;
/*!50003 DROP PROCEDURE IF EXISTS `CALCULATE_QUANTITY_FROM_MARGIN` */;
/*!50003 SET @saved_cs_client      = @@character_set_client */ ;
/*!50003 SET @saved_cs_results     = @@character_set_results */ ;
/*!50003 SET @saved_col_connection = @@collation_connection */ ;
/*!50003 SET character_set_client  = utf8 */ ;
/*!50003 SET character_set_results = utf8 */ ;
/*!50003 SET collation_connection  = utf8_general_ci */ ;
/*!50003 SET @saved_sql_mode       = @@sql_mode */ ;
/*!50003 SET sql_mode              = 'STRICT_TRANS_TABLES,NO_AUTO_CREATE_USER,NO_ENGINE_SUBSTITUTION' */ ;
DELIMITER ;;
CREATE DEFINER=`root`@`localhost` PROCEDURE `CALCULATE_QUANTITY_FROM_MARGIN`(
MARGIN_IN FLOAT,
CALCULATED_BUY_PRICE_IN FLOAT,
LOT_SIZE_IN INT,
OUT NO_OF_LOTS_OUT INT
)
BEGIN

DECLARE  CALCULATED_EXHAUSTION_FACTOR FLOAT;

DECLARE  SMALLER_CALCULATED_EXHAUSTION_FACTOR FLOAT;


declare l_loop int default 0;


loop1: loop

       set l_loop := l_loop + 1;

       IF l_loop > 40 THEN
          leave loop1;
       end if;

      SET CALCULATED_EXHAUSTION_FACTOR = (l_loop * LOT_SIZE_IN * CALCULATED_BUY_PRICE_IN)
                                                  / MARGIN_IN;

       IF(CALCULATED_EXHAUSTION_FACTOR >= 1.1) THEN

        SET NO_OF_LOTS_OUT = l_loop -1;

        SET SMALLER_CALCULATED_EXHAUSTION_FACTOR = (NO_OF_LOTS_OUT * LOT_SIZE_IN * CALCULATED_BUY_PRICE_IN)
                                                  / MARGIN_IN;
-- IF NO_OF_LOTS_OUT BECOMES TOO LESS INCREASE IT BY 1

        IF((1- SMALLER_CALCULATED_EXHAUSTION_FACTOR) > ( CALCULATED_EXHAUSTION_FACTOR - 1)) THEN

                SET NO_OF_LOTS_OUT = NO_OF_LOTS_OUT + 1;


        END IF;

                  leave loop1;


       END IF;

END loop loop1;

END ;;
DELIMITER ;
/*!50003 SET sql_mode              = @saved_sql_mode */ ;
/*!50003 SET character_set_client  = @saved_cs_client */ ;
/*!50003 SET character_set_results = @saved_cs_results */ ;
/*!50003 SET collation_connection  = @saved_col_connection */ ;
/*!50003 DROP PROCEDURE IF EXISTS `CALL_GENERATE_LIVE_STOCK_DATA` */;
/*!50003 SET @saved_cs_client      = @@character_set_client */ ;
/*!50003 SET @saved_cs_results     = @@character_set_results */ ;
/*!50003 SET @saved_col_connection = @@collation_connection */ ;
/*!50003 SET character_set_client  = utf8 */ ;
/*!50003 SET character_set_results = utf8 */ ;
/*!50003 SET collation_connection  = utf8_general_ci */ ;
/*!50003 SET @saved_sql_mode       = @@sql_mode */ ;
/*!50003 SET sql_mode              = 'STRICT_TRANS_TABLES,NO_AUTO_CREATE_USER,NO_ENGINE_SUBSTITUTION' */ ;
DELIMITER ;;
CREATE DEFINER=`root`@`localhost` PROCEDURE `CALL_GENERATE_LIVE_STOCK_DATA`(
NO_OF_ENTRIES INT)
BEGIN


DECLARE symbol_CN CURSOR FOR
select symbol,prev_close from basis_for_calls;

  OPEN symbol_CN;
  BEGIN
    DECLARE VAR_SYMBOL varchar(20);
    DECLARE VAR_PREV_CLOSE float;

    DECLARE EXIT HANDLER FOR NOT FOUND BEGIN CLOSE symbol_CN; END;
    DECLARE EXIT HANDLER FOR SQLEXCEPTION BEGIN CLOSE symbol_CN; RESIGNAL; END;
    LOOP
      FETCH symbol_CN INTO VAR_SYMBOL,VAR_PREV_CLOSE;
      -- SET counter = counter + 1;

      call    GENERATE_LIVE_STOCK_DATA(VAR_SYMBOL,NO_OF_ENTRIES,VAR_PREV_CLOSE);

    END LOOP;
  END;

END ;;
DELIMITER ;
/*!50003 SET sql_mode              = @saved_sql_mode */ ;
/*!50003 SET character_set_client  = @saved_cs_client */ ;
/*!50003 SET character_set_results = @saved_cs_results */ ;
/*!50003 SET collation_connection  = @saved_col_connection */ ;
/*!50003 DROP PROCEDURE IF EXISTS `CHECK_BUY_ORDER_CYCLE` */;
/*!50003 SET @saved_cs_client      = @@character_set_client */ ;
/*!50003 SET @saved_cs_results     = @@character_set_results */ ;
/*!50003 SET @saved_col_connection = @@collation_connection */ ;
/*!50003 SET character_set_client  = utf8 */ ;
/*!50003 SET character_set_results = utf8 */ ;
/*!50003 SET collation_connection  = utf8_general_ci */ ;
/*!50003 SET @saved_sql_mode       = @@sql_mode */ ;
/*!50003 SET sql_mode              = 'STRICT_TRANS_TABLES,NO_AUTO_CREATE_USER,NO_ENGINE_SUBSTITUTION' */ ;
DELIMITER ;;
CREATE DEFINER=`root`@`localhost` PROCEDURE `CHECK_BUY_ORDER_CYCLE`(
test_time_in datetime)
BEGIN


DECLARE symbol_CN CURSOR FOR
select symbol from basis_for_calls;

  OPEN symbol_CN;
  BEGIN
    DECLARE VAR_SYMBOL varchar(20);
    DECLARE LATEST_TIME_POINT DATETIME DEFAULT NOW();

    DECLARE EXIT HANDLER FOR NOT FOUND BEGIN CLOSE symbol_CN; END;
    DECLARE EXIT HANDLER FOR SQLEXCEPTION BEGIN CLOSE symbol_CN; RESIGNAL; END;
    LOOP
      FETCH symbol_CN INTO VAR_SYMBOL;
      -- SET counter = counter + 1;
      SET LATEST_TIME_POINT =  test_time_in;
      if(LATEST_TIME_POINT is null) then
      SELECT MAX(curr_time) FROM live_data WHERE SYMBOL =  VAR_SYMBOL INTO LATEST_TIME_POINT;
      end if;


      call    CHECK_BUY_ORDER_FOR_SYMBOL(VAR_SYMBOL,LATEST_TIME_POINT);

    END LOOP;
  END;

END ;;
DELIMITER ;
/*!50003 SET sql_mode              = @saved_sql_mode */ ;
/*!50003 SET character_set_client  = @saved_cs_client */ ;
/*!50003 SET character_set_results = @saved_cs_results */ ;
/*!50003 SET collation_connection  = @saved_col_connection */ ;
/*!50003 DROP PROCEDURE IF EXISTS `CHECK_BUY_ORDER_FOR_NEGATIVE_TREND_FOR_SYMBOL` */;
/*!50003 SET @saved_cs_client      = @@character_set_client */ ;
/*!50003 SET @saved_cs_results     = @@character_set_results */ ;
/*!50003 SET @saved_col_connection = @@collation_connection */ ;
/*!50003 SET character_set_client  = utf8 */ ;
/*!50003 SET character_set_results = utf8 */ ;
/*!50003 SET collation_connection  = utf8_general_ci */ ;
/*!50003 SET @saved_sql_mode       = @@sql_mode */ ;
/*!50003 SET sql_mode              = 'STRICT_TRANS_TABLES,NO_AUTO_CREATE_USER,NO_ENGINE_SUBSTITUTION' */ ;
DELIMITER ;;
CREATE DEFINER=`root`@`localhost` PROCEDURE `CHECK_BUY_ORDER_FOR_NEGATIVE_TREND_FOR_SYMBOL`(SYMBOL_IN VARCHAR(45),
time_in datetime
)
BEGIN

DECLARE VAR_COUNT_TREND_RECORDS INT;

DECLARE VAR_TREND_RECORD_ID INT;

DECLARE STRENGTH_TO_BE_APPLIED FLOAT;

DECLARE VAR_ENCLOSING_RECORD_ID INT;

DECLARE VAR_TIME_DIFF_MINUTES FLOAT;




SELECT count(*) FROM engine_live.negative_price_trend_data
WHERE
symbol = SYMBOL_IN and
is_strength_applied = 0
and curr_time =
(select max(curr_time) from negative_price_trend_data
WHERE
symbol = SYMBOL_IN and
is_strength_applied = 0)
INTO VAR_COUNT_TREND_RECORDS;

IF(VAR_COUNT_TREND_RECORDS = 1) THEN

SELECT max_strength,id_enclosed_strength,id,
(TIMESTAMPDIFF(SECOND,time_start,time_end)) / 60
FROM engine_live.negative_price_trend_data
WHERE
symbol = SYMBOL_IN and
is_strength_applied = 0
and curr_time =
(select max(curr_time) from negative_price_trend_data WHERE
symbol = SYMBOL_IN and
is_strength_applied = 0)
into STRENGTH_TO_BE_APPLIED,VAR_ENCLOSING_RECORD_ID,VAR_TREND_RECORD_ID,VAR_TIME_DIFF_MINUTES;


IF( VAR_TIME_DIFF_MINUTES < 10 AND STRENGTH_TO_BE_APPLIED > 2.5) THEN

update negative_price_trend_data
set  original_max_strength = STRENGTH_TO_BE_APPLIED
where id = VAR_TREND_RECORD_ID;

SET STRENGTH_TO_BE_APPLIED = STRENGTH_TO_BE_APPLIED * (VAR_TIME_DIFF_MINUTES / 10 );

update negative_price_trend_data
set  max_strength = STRENGTH_TO_BE_APPLIED
where id = VAR_TREND_RECORD_ID;

END IF;


update negative_price_trend_data set is_strength_applied = 1 where id = VAR_TREND_RECORD_ID;


CALL APPLY_STRENGTH_NEGATIVE_TREND_TO_BUY_ORDER(SYMBOL_IN,
STRENGTH_TO_BE_APPLIED,VAR_ENCLOSING_RECORD_ID,time_in);



END IF;

END ;;
DELIMITER ;
/*!50003 SET sql_mode              = @saved_sql_mode */ ;
/*!50003 SET character_set_client  = @saved_cs_client */ ;
/*!50003 SET character_set_results = @saved_cs_results */ ;
/*!50003 SET collation_connection  = @saved_col_connection */ ;
/*!50003 DROP PROCEDURE IF EXISTS `CHECK_BUY_ORDER_FOR_POSITIVE_TREND_FOR_SYMBOL` */;
/*!50003 SET @saved_cs_client      = @@character_set_client */ ;
/*!50003 SET @saved_cs_results     = @@character_set_results */ ;
/*!50003 SET @saved_col_connection = @@collation_connection */ ;
/*!50003 SET character_set_client  = utf8 */ ;
/*!50003 SET character_set_results = utf8 */ ;
/*!50003 SET collation_connection  = utf8_general_ci */ ;
/*!50003 SET @saved_sql_mode       = @@sql_mode */ ;
/*!50003 SET sql_mode              = 'STRICT_TRANS_TABLES,NO_AUTO_CREATE_USER,NO_ENGINE_SUBSTITUTION' */ ;
DELIMITER ;;
CREATE DEFINER=`root`@`localhost` PROCEDURE `CHECK_BUY_ORDER_FOR_POSITIVE_TREND_FOR_SYMBOL`(
SYMBOL_IN VARCHAR(45),
time_in datetime
)
BEGIN

DECLARE VAR_COUNT_TREND_RECORDS INT;

DECLARE VAR_TREND_RECORD_ID INT;


DECLARE STRENGTH_TO_BE_APPLIED FLOAT;

DECLARE VAR_ENCLOSING_RECORD_ID INT;

DECLARE VAR_TIME_DIFF_MINUTES FLOAT;



SELECT count(*) FROM engine_live.positive_price_trend_data
WHERE
symbol = SYMBOL_IN and
is_strength_applied = 0
and curr_time =
(select max(curr_time) from positive_price_trend_data
WHERE
symbol = SYMBOL_IN and
is_strength_applied = 0
)
INTO VAR_COUNT_TREND_RECORDS;

IF(VAR_COUNT_TREND_RECORDS = 1) THEN

SELECT max_strength,id_enclosed_strength,id,
(TIMESTAMPDIFF(SECOND,time_start,time_end)) / 60
FROM engine_live.positive_price_trend_data
WHERE
symbol = SYMBOL_IN and
is_strength_applied = 0
and curr_time =
(select max(curr_time) from positive_price_trend_data
WHERE
symbol = SYMBOL_IN and
is_strength_applied = 0
)
into STRENGTH_TO_BE_APPLIED,VAR_ENCLOSING_RECORD_ID,VAR_TREND_RECORD_ID,VAR_TIME_DIFF_MINUTES;

IF( VAR_TIME_DIFF_MINUTES < 10 AND STRENGTH_TO_BE_APPLIED > 2.5) THEN

update positive_price_trend_data
set  original_max_strength = STRENGTH_TO_BE_APPLIED
where id = VAR_TREND_RECORD_ID;

SET STRENGTH_TO_BE_APPLIED = STRENGTH_TO_BE_APPLIED * (VAR_TIME_DIFF_MINUTES / 10 );

update positive_price_trend_data
set  max_strength = STRENGTH_TO_BE_APPLIED
where id = VAR_TREND_RECORD_ID;

END IF;


update positive_price_trend_data set is_strength_applied = 1 where id = VAR_TREND_RECORD_ID;

CALL APPLY_STRENGTH_POSITIVE_TREND_TO_BUY_ORDER(SYMBOL_IN,
STRENGTH_TO_BE_APPLIED,VAR_ENCLOSING_RECORD_ID,time_in);


END IF;

END ;;
DELIMITER ;
/*!50003 SET sql_mode              = @saved_sql_mode */ ;
/*!50003 SET character_set_client  = @saved_cs_client */ ;
/*!50003 SET character_set_results = @saved_cs_results */ ;
/*!50003 SET collation_connection  = @saved_col_connection */ ;
/*!50003 DROP PROCEDURE IF EXISTS `CHECK_BUY_ORDER_FOR_SYMBOL` */;
/*!50003 SET @saved_cs_client      = @@character_set_client */ ;
/*!50003 SET @saved_cs_results     = @@character_set_results */ ;
/*!50003 SET @saved_col_connection = @@collation_connection */ ;
/*!50003 SET character_set_client  = utf8 */ ;
/*!50003 SET character_set_results = utf8 */ ;
/*!50003 SET collation_connection  = utf8_general_ci */ ;
/*!50003 SET @saved_sql_mode       = @@sql_mode */ ;
/*!50003 SET sql_mode              = 'STRICT_TRANS_TABLES,NO_AUTO_CREATE_USER,NO_ENGINE_SUBSTITUTION' */ ;
DELIMITER ;;
CREATE DEFINER=`root`@`localhost` PROCEDURE `CHECK_BUY_ORDER_FOR_SYMBOL`(
SYMBOL_IN VARCHAR(45),
time_in datetime
)
BEGIN


CALL CHECK_BUY_ORDER_FOR_POSITIVE_TREND_FOR_SYMBOL(SYMBOL_IN,time_in);

CALL CHECK_BUY_ORDER_FOR_NEGATIVE_TREND_FOR_SYMBOL(SYMBOL_IN,time_in);


END ;;
DELIMITER ;
/*!50003 SET sql_mode              = @saved_sql_mode */ ;
/*!50003 SET character_set_client  = @saved_cs_client */ ;
/*!50003 SET character_set_results = @saved_cs_results */ ;
/*!50003 SET collation_connection  = @saved_col_connection */ ;
/*!50003 DROP PROCEDURE IF EXISTS `CHECK_NEGATIVE_PRICE_TREND_FOR_ONE_PC` */;
/*!50003 SET @saved_cs_client      = @@character_set_client */ ;
/*!50003 SET @saved_cs_results     = @@character_set_results */ ;
/*!50003 SET @saved_col_connection = @@collation_connection */ ;
/*!50003 SET character_set_client  = utf8 */ ;
/*!50003 SET character_set_results = utf8 */ ;
/*!50003 SET collation_connection  = utf8_general_ci */ ;
/*!50003 SET @saved_sql_mode       = @@sql_mode */ ;
/*!50003 SET sql_mode              = 'STRICT_TRANS_TABLES,NO_AUTO_CREATE_USER,NO_ENGINE_SUBSTITUTION' */ ;
DELIMITER ;;
CREATE DEFINER=`root`@`localhost` PROCEDURE `CHECK_NEGATIVE_PRICE_TREND_FOR_ONE_PC`(
SYMBOL_IN VARCHAR(20),
LATEST_TIME_POINT_IN DATETIME,
PER_HOUR_VOLUME_PREV_DAY_IN FLOAT)
BEGIN


DECLARE CURSOR_TREND CURSOR FOR
SELECT A.VOLUME, B.VOLUME,
A.PRICE,B.PRICE,
A.curr_time,B.curr_time FROM LIVE_DATA A,LIVE_DATA B
WHERE
A.symbol = SYMBOL_IN  AND B.symbol = SYMBOL_IN AND
(B.CURR_TIME < LATEST_TIME_POINT_IN AND
B.CURR_TIME >= DATE_SUB(LATEST_TIME_POINT_IN, INTERVAL 2 MINUTE))
AND
(A.curr_time < B.curr_time
AND A.curr_time >= DATE_SUB(B.curr_time, INTERVAL 1 HOUR))
AND B.price <= (A.price * 0.99);

  OPEN CURSOR_TREND;
  BEGIN

    DECLARE VAR_VOLUME_START INT;
    DECLARE VAR_VOLUME_END INT;
    DECLARE VAR_PRICE_START FLOAT;
    DECLARE VAR_PRICE_END FLOAT;
    DECLARE VAR_CURR_TIME_START DATETIME;
    DECLARE VAR_CURR_TIME_END DATETIME;

    DECLARE VAR_VOLUME_FACTOR FLOAT DEFAULT 0;

    DECLARE VAR_STRENGTH FLOAT DEFAULT 0;

    DECLARE VAR_PCT_LOSS FLOAT DEFAULT 0;



    DECLARE VAR_MAX_STRENGTH FLOAT DEFAULT 0;

    DECLARE TIME_DIFF FLOAT DEFAULT 0;


    DECLARE VAR_VOLUME_START_FOR_MAX_STRENGTH INT;
    DECLARE VAR_VOLUME_END_FOR_MAX_STRENGTH INT;
    DECLARE VAR_PRICE_START_FOR_MAX_STRENGTH FLOAT;
    DECLARE VAR_PRICE_END_FOR_MAX_STRENGTH FLOAT;
    DECLARE VAR_CURR_TIME_START_FOR_MAX_STRENGTH DATETIME;
    DECLARE VAR_CURR_TIME_END_FOR_MAX_STRENGTH DATETIME;





    DECLARE EXIT HANDLER FOR NOT FOUND BEGIN
    CLOSE CURSOR_TREND;
            IF(VAR_MAX_STRENGTH > 0) THEN
       call CHECK_N_P_T_1_PC_STRENGTH_VALIDITY(SYMBOL_IN,LATEST_TIME_POINT_IN,
                                           VAR_MAX_STRENGTH,VAR_VOLUME_START_FOR_MAX_STRENGTH,
                                           VAR_VOLUME_END_FOR_MAX_STRENGTH,VAR_PRICE_START_FOR_MAX_STRENGTH,
                                           VAR_PRICE_END_FOR_MAX_STRENGTH,VAR_CURR_TIME_START_FOR_MAX_STRENGTH,
                                           VAR_CURR_TIME_END_FOR_MAX_STRENGTH);


       END IF;
    END;
    DECLARE EXIT HANDLER FOR SQLEXCEPTION BEGIN CLOSE CURSOR_TREND; RESIGNAL; END;
    LOOP
      FETCH CURSOR_TREND INTO VAR_VOLUME_START,VAR_VOLUME_END,
                                        VAR_PRICE_START,VAR_PRICE_END,
                                        VAR_CURR_TIME_START,VAR_CURR_TIME_END;


      SET TIME_DIFF = TIMESTAMPDIFF(second,VAR_CURR_TIME_START,VAR_CURR_TIME_END);


      /*
      VOLUME FACTOR (VF) = VOLUME GAINED / EXPECTED VOLUME GAIN BASED ON PREV DAY

      STRENGTH = VF PER PERCENT LOSS. THIS WILL GIVEACCURATE STRENGTH AND WEED
                 OUT HIGH SURGES IN LOW VOLUME. BENCHMARK FOR THIS IS 1
                 i,e 1 VF PER PERCENT LOSS.

      */

       SET VAR_VOLUME_FACTOR =  ((VAR_VOLUME_END - VAR_VOLUME_START) / PER_HOUR_VOLUME_PREV_DAY_IN )
                             * (3600 /   TIME_DIFF) ;

       SET VAR_PCT_LOSS = (VAR_PRICE_START - VAR_PRICE_END) * 100/ VAR_PRICE_START;


        SET VAR_STRENGTH = VAR_VOLUME_FACTOR / VAR_PCT_LOSS;

       if   VAR_STRENGTH >= 1 then

           if ( VAR_STRENGTH >  VAR_MAX_STRENGTH) then

               SET VAR_MAX_STRENGTH = VAR_STRENGTH;

               SET  VAR_VOLUME_START_FOR_MAX_STRENGTH = VAR_VOLUME_START;
               SET  VAR_VOLUME_END_FOR_MAX_STRENGTH = VAR_VOLUME_END;
               SET  VAR_PRICE_START_FOR_MAX_STRENGTH = VAR_PRICE_START;
               SET  VAR_PRICE_END_FOR_MAX_STRENGTH = VAR_PRICE_END;
               SET  VAR_CURR_TIME_START_FOR_MAX_STRENGTH = VAR_CURR_TIME_START;
               SET  VAR_CURR_TIME_END_FOR_MAX_STRENGTH = VAR_CURR_TIME_END;



           end if;
       end if;

      -- SET counter = counter + 1;

    END LOOP;

        IF(VAR_MAX_STRENGTH > 0) THEN
       call CHECK_N_P_T_1_PC_STRENGTH_VALIDITY(SYMBOL_IN,LATEST_TIME_POINT_IN,
                                           VAR_MAX_STRENGTH,VAR_VOLUME_START_FOR_MAX_STRENGTH,
                                           VAR_VOLUME_END_FOR_MAX_STRENGTH,VAR_PRICE_START_FOR_MAX_STRENGTH,
                                           VAR_PRICE_END_FOR_MAX_STRENGTH,VAR_CURR_TIME_START_FOR_MAX_STRENGTH,
                                           VAR_CURR_TIME_END_FOR_MAX_STRENGTH);


       END IF;
  END;





END ;;
DELIMITER ;
/*!50003 SET sql_mode              = @saved_sql_mode */ ;
/*!50003 SET character_set_client  = @saved_cs_client */ ;
/*!50003 SET character_set_results = @saved_cs_results */ ;
/*!50003 SET collation_connection  = @saved_col_connection */ ;
/*!50003 DROP PROCEDURE IF EXISTS `CHECK_N_P_T_1_PC_STRENGTH_VALIDITY` */;
/*!50003 SET @saved_cs_client      = @@character_set_client */ ;
/*!50003 SET @saved_cs_results     = @@character_set_results */ ;
/*!50003 SET @saved_col_connection = @@collation_connection */ ;
/*!50003 SET character_set_client  = utf8 */ ;
/*!50003 SET character_set_results = utf8 */ ;
/*!50003 SET collation_connection  = utf8_general_ci */ ;
/*!50003 SET @saved_sql_mode       = @@sql_mode */ ;
/*!50003 SET sql_mode              = 'STRICT_TRANS_TABLES,NO_AUTO_CREATE_USER,NO_ENGINE_SUBSTITUTION' */ ;
DELIMITER ;;
CREATE DEFINER=`root`@`localhost` PROCEDURE `CHECK_N_P_T_1_PC_STRENGTH_VALIDITY`(
SYMBOL_IN VARCHAR(20),
    LATEST_TIME_POINT_IN DATETIME,
    VAR_MAX_STRENGTH_IN FLOAT,
    VAR_VOLUME_START_FOR_MAX_STRENGTH_IN INT,
    VAR_VOLUME_END_FOR_MAX_STRENGTH_IN INT,
    VAR_PRICE_START_FOR_MAX_STRENGTH_IN FLOAT,
    VAR_PRICE_END_FOR_MAX_STRENGTH_IN FLOAT,
    VAR_CURR_TIME_START_FOR_MAX_STRENGTH_IN DATETIME,
    VAR_CURR_TIME_END_FOR_MAX_STRENGTH_IN DATETIME)
BEGIN

DECLARE SAME_RECORD_COUNT int DEFAULT 0;

DECLARE SAME_RECORD_COUNT_IN_LOG int DEFAULT 0;


DECLARE OVERLAP_RECORD_COUNT int DEFAULT 0;

DECLARE ENCLOSING_RECORD_COUNT int DEFAULT 0;

DECLARE VAR_ENCLOSING_RECORD_ID INT;




SELECT count(*) FROM negative_price_trend_data WHERE

symbol = SYMBOL_IN
AND time_start = VAR_CURR_TIME_START_FOR_MAX_STRENGTH_IN
AND time_end =  VAR_CURR_TIME_END_FOR_MAX_STRENGTH_IN
into SAME_RECORD_COUNT;


SELECT count(*) FROM negative_price_trend_data WHERE

symbol = SYMBOL_IN
AND  (time_start <= VAR_CURR_TIME_START_FOR_MAX_STRENGTH_IN and time_end > VAR_CURR_TIME_START_FOR_MAX_STRENGTH_IN)
AND   time_end < VAR_CURR_TIME_END_FOR_MAX_STRENGTH_IN
into OVERLAP_RECORD_COUNT;


IF(OVERLAP_RECORD_COUNT = 0) THEN

SELECT count(*) FROM negative_price_trend_data WHERE

symbol = SYMBOL_IN
AND  time_start > VAR_CURR_TIME_START_FOR_MAX_STRENGTH_IN
AND  time_end < VAR_CURR_TIME_END_FOR_MAX_STRENGTH_IN
AND   max_strength > VAR_MAX_STRENGTH_IN
into OVERLAP_RECORD_COUNT;

END IF;


if(SAME_RECORD_COUNT >= 1 or OVERLAP_RECORD_COUNT >= 1) then

SELECT count(*) FROM negative_price_trend_data_log WHERE

symbol = SYMBOL_IN AND
curr_time =  LATEST_TIME_POINT_IN
AND time_start = VAR_CURR_TIME_START_FOR_MAX_STRENGTH_IN
AND time_end =  VAR_CURR_TIME_END_FOR_MAX_STRENGTH_IN
into SAME_RECORD_COUNT_IN_LOG;

if (SAME_RECORD_COUNT_IN_LOG = 0) then

insert INTO `engine_live`.`negative_price_trend_data_log`
VALUES
(SYMBOL_IN,VAR_CURR_TIME_START_FOR_MAX_STRENGTH_IN,VAR_CURR_TIME_END_FOR_MAX_STRENGTH_IN,
LATEST_TIME_POINT_IN,VAR_VOLUME_START_FOR_MAX_STRENGTH_IN,VAR_VOLUME_END_FOR_MAX_STRENGTH_IN,
VAR_PRICE_START_FOR_MAX_STRENGTH_IN,VAR_PRICE_END_FOR_MAX_STRENGTH_IN,VAR_MAX_STRENGTH_IN,0,0);

end if;


else


SELECT count(*) FROM negative_price_trend_data WHERE

symbol = SYMBOL_IN
AND  time_start > VAR_CURR_TIME_START_FOR_MAX_STRENGTH_IN
AND  time_end < VAR_CURR_TIME_END_FOR_MAX_STRENGTH_IN
AND   max_strength < VAR_MAX_STRENGTH_IN
into ENCLOSING_RECORD_COUNT;


IF(ENCLOSING_RECORD_COUNT >1) THEN

CALL  GET_ENCLOSING_RECORD_ID_FOR_NEGATIVE_TREND(SYMBOL_IN,VAR_MAX_STRENGTH_IN,
                              VAR_CURR_TIME_START_FOR_MAX_STRENGTH_IN,VAR_CURR_TIME_END_FOR_MAX_STRENGTH_IN,
                              VAR_ENCLOSING_RECORD_ID);

END IF;

IF(ENCLOSING_RECORD_COUNT = 1) THEN

SELECT id FROM negative_price_trend_data WHERE

symbol = SYMBOL_IN
AND  time_start > VAR_CURR_TIME_START_FOR_MAX_STRENGTH_IN
AND  time_end < VAR_CURR_TIME_END_FOR_MAX_STRENGTH_IN
AND   max_strength < VAR_MAX_STRENGTH_IN
into VAR_ENCLOSING_RECORD_ID;


END IF;



insert INTO `engine_live`.`negative_price_trend_data`
VALUES
(NULL,SYMBOL_IN,VAR_CURR_TIME_START_FOR_MAX_STRENGTH_IN,VAR_CURR_TIME_END_FOR_MAX_STRENGTH_IN,
LATEST_TIME_POINT_IN,VAR_VOLUME_START_FOR_MAX_STRENGTH_IN,VAR_VOLUME_END_FOR_MAX_STRENGTH_IN,
VAR_PRICE_START_FOR_MAX_STRENGTH_IN,VAR_PRICE_END_FOR_MAX_STRENGTH_IN,VAR_MAX_STRENGTH_IN,0,
VAR_ENCLOSING_RECORD_ID,null);



insert INTO `engine_live`.`negative_price_trend_data_log`
VALUES
(SYMBOL_IN,VAR_CURR_TIME_START_FOR_MAX_STRENGTH_IN,VAR_CURR_TIME_END_FOR_MAX_STRENGTH_IN,
LATEST_TIME_POINT_IN,VAR_VOLUME_START_FOR_MAX_STRENGTH_IN,VAR_VOLUME_END_FOR_MAX_STRENGTH_IN,
VAR_PRICE_START_FOR_MAX_STRENGTH_IN,VAR_PRICE_END_FOR_MAX_STRENGTH_IN,VAR_MAX_STRENGTH_IN,1,
VAR_ENCLOSING_RECORD_ID);


END IF;


END ;;
DELIMITER ;
/*!50003 SET sql_mode              = @saved_sql_mode */ ;
/*!50003 SET character_set_client  = @saved_cs_client */ ;
/*!50003 SET character_set_results = @saved_cs_results */ ;
/*!50003 SET collation_connection  = @saved_col_connection */ ;
/*!50003 DROP PROCEDURE IF EXISTS `CHECK_POSITIVE_PRICE_TREND_FOR_ONE_PC` */;
/*!50003 SET @saved_cs_client      = @@character_set_client */ ;
/*!50003 SET @saved_cs_results     = @@character_set_results */ ;
/*!50003 SET @saved_col_connection = @@collation_connection */ ;
/*!50003 SET character_set_client  = utf8 */ ;
/*!50003 SET character_set_results = utf8 */ ;
/*!50003 SET collation_connection  = utf8_general_ci */ ;
/*!50003 SET @saved_sql_mode       = @@sql_mode */ ;
/*!50003 SET sql_mode              = 'STRICT_TRANS_TABLES,NO_AUTO_CREATE_USER,NO_ENGINE_SUBSTITUTION' */ ;
DELIMITER ;;
CREATE DEFINER=`root`@`localhost` PROCEDURE `CHECK_POSITIVE_PRICE_TREND_FOR_ONE_PC`(
SYMBOL_IN VARCHAR(20),
LATEST_TIME_POINT_IN DATETIME,
PER_HOUR_VOLUME_PREV_DAY_IN FLOAT)
BEGIN


DECLARE CURSOR_TREND CURSOR FOR
SELECT A.VOLUME, B.VOLUME,
A.PRICE,B.PRICE,
A.curr_time,B.curr_time FROM LIVE_DATA A,LIVE_DATA B
WHERE
A.symbol = SYMBOL_IN  AND B.symbol = SYMBOL_IN AND
(B.CURR_TIME < LATEST_TIME_POINT_IN AND
B.CURR_TIME >= DATE_SUB(LATEST_TIME_POINT_IN, INTERVAL 2 MINUTE))
AND
(A.curr_time < B.curr_time
AND A.curr_time >= DATE_SUB(B.curr_time, INTERVAL 1 HOUR))
AND B.price >= (A.price * 1.01);

  OPEN CURSOR_TREND;
  BEGIN

    DECLARE VAR_VOLUME_START INT;
    DECLARE VAR_VOLUME_END INT;
    DECLARE VAR_PRICE_START FLOAT;
    DECLARE VAR_PRICE_END FLOAT;
    DECLARE VAR_CURR_TIME_START DATETIME;
    DECLARE VAR_CURR_TIME_END DATETIME;

    DECLARE VAR_VOLUME_FACTOR FLOAT DEFAULT 0;

    DECLARE VAR_STRENGTH FLOAT DEFAULT 0;

    DECLARE VAR_PCT_GAIN FLOAT DEFAULT 0;



    DECLARE VAR_MAX_STRENGTH FLOAT DEFAULT 0;

    DECLARE TIME_DIFF FLOAT DEFAULT 0;


    DECLARE VAR_VOLUME_START_FOR_MAX_STRENGTH INT;
    DECLARE VAR_VOLUME_END_FOR_MAX_STRENGTH INT;
    DECLARE VAR_PRICE_START_FOR_MAX_STRENGTH FLOAT;
    DECLARE VAR_PRICE_END_FOR_MAX_STRENGTH FLOAT;
    DECLARE VAR_CURR_TIME_START_FOR_MAX_STRENGTH DATETIME;
    DECLARE VAR_CURR_TIME_END_FOR_MAX_STRENGTH DATETIME;





    DECLARE EXIT HANDLER FOR NOT FOUND BEGIN
    CLOSE CURSOR_TREND;
            IF(VAR_MAX_STRENGTH > 0) THEN
       call CHECK_P_P_T_1_PC_STRENGTH_VALIDITY(SYMBOL_IN,LATEST_TIME_POINT_IN,
                                           VAR_MAX_STRENGTH,VAR_VOLUME_START_FOR_MAX_STRENGTH,
                                           VAR_VOLUME_END_FOR_MAX_STRENGTH,VAR_PRICE_START_FOR_MAX_STRENGTH,
                                           VAR_PRICE_END_FOR_MAX_STRENGTH,VAR_CURR_TIME_START_FOR_MAX_STRENGTH,
                                           VAR_CURR_TIME_END_FOR_MAX_STRENGTH);


       END IF;
    END;
    DECLARE EXIT HANDLER FOR SQLEXCEPTION BEGIN CLOSE CURSOR_TREND; RESIGNAL; END;
    LOOP
      FETCH CURSOR_TREND INTO VAR_VOLUME_START,VAR_VOLUME_END,
                                        VAR_PRICE_START,VAR_PRICE_END,
                                        VAR_CURR_TIME_START,VAR_CURR_TIME_END;


      SET TIME_DIFF = TIMESTAMPDIFF(second,VAR_CURR_TIME_START,VAR_CURR_TIME_END);


      /*
      VOLUME FACTOR (VF) = VOLUME GAINED / EXPECTED VOLUME GAIN BASED ON PREV DAY

      STRENGTH = VF PER PERCENT GAIN. THIS WILL GIVEACCURATE STRENGTH AND WEED
                 OUT HIGH SURGES IN LOW VOLUME. BENCHMARK FOR THIS IS 1
                 i,e 1 VF PER PERCENT GAIN.

      */

       SET VAR_VOLUME_FACTOR =  ((VAR_VOLUME_END - VAR_VOLUME_START) / PER_HOUR_VOLUME_PREV_DAY_IN )
                             * (3600 /   TIME_DIFF) ;

       SET VAR_PCT_GAIN = (VAR_PRICE_END -  VAR_PRICE_START) * 100/ VAR_PRICE_START;


        SET VAR_STRENGTH = VAR_VOLUME_FACTOR / VAR_PCT_GAIN;

       if   VAR_STRENGTH >= 1 then

           if ( VAR_STRENGTH >  VAR_MAX_STRENGTH) then

               SET VAR_MAX_STRENGTH = VAR_STRENGTH;

               SET  VAR_VOLUME_START_FOR_MAX_STRENGTH = VAR_VOLUME_START;
               SET  VAR_VOLUME_END_FOR_MAX_STRENGTH = VAR_VOLUME_END;
               SET  VAR_PRICE_START_FOR_MAX_STRENGTH = VAR_PRICE_START;
               SET  VAR_PRICE_END_FOR_MAX_STRENGTH = VAR_PRICE_END;
               SET  VAR_CURR_TIME_START_FOR_MAX_STRENGTH = VAR_CURR_TIME_START;
               SET  VAR_CURR_TIME_END_FOR_MAX_STRENGTH = VAR_CURR_TIME_END;



           end if;
       end if;

      -- SET counter = counter + 1;

    END LOOP;

        IF(VAR_MAX_STRENGTH > 0) THEN
       call CHECK_P_P_T_1_PC_STRENGTH_VALIDITY(SYMBOL_IN,LATEST_TIME_POINT_IN,
                                           VAR_MAX_STRENGTH,VAR_VOLUME_START_FOR_MAX_STRENGTH,
                                           VAR_VOLUME_END_FOR_MAX_STRENGTH,VAR_PRICE_START_FOR_MAX_STRENGTH,
                                           VAR_PRICE_END_FOR_MAX_STRENGTH,VAR_CURR_TIME_START_FOR_MAX_STRENGTH,
                                           VAR_CURR_TIME_END_FOR_MAX_STRENGTH);


       END IF;
  END;





END ;;
DELIMITER ;
/*!50003 SET sql_mode              = @saved_sql_mode */ ;
/*!50003 SET character_set_client  = @saved_cs_client */ ;
/*!50003 SET character_set_results = @saved_cs_results */ ;
/*!50003 SET collation_connection  = @saved_col_connection */ ;
/*!50003 DROP PROCEDURE IF EXISTS `CHECK_PRICE_TREND_CYCLE` */;
/*!50003 SET @saved_cs_client      = @@character_set_client */ ;
/*!50003 SET @saved_cs_results     = @@character_set_results */ ;
/*!50003 SET @saved_col_connection = @@collation_connection */ ;
/*!50003 SET character_set_client  = utf8 */ ;
/*!50003 SET character_set_results = utf8 */ ;
/*!50003 SET collation_connection  = utf8_general_ci */ ;
/*!50003 SET @saved_sql_mode       = @@sql_mode */ ;
/*!50003 SET sql_mode              = 'STRICT_TRANS_TABLES,NO_AUTO_CREATE_USER,NO_ENGINE_SUBSTITUTION' */ ;
DELIMITER ;;
CREATE DEFINER=`root`@`localhost` PROCEDURE `CHECK_PRICE_TREND_CYCLE`(
test_time_in datetime)
BEGIN
DECLARE symbol_CN CURSOR FOR
select symbol from basis_for_calls;

  OPEN symbol_CN;
  BEGIN
    DECLARE VAR_SYMBOL varchar(20);

    DECLARE EXIT HANDLER FOR NOT FOUND BEGIN CLOSE symbol_CN; END;
    DECLARE EXIT HANDLER FOR SQLEXCEPTION BEGIN CLOSE symbol_CN; RESIGNAL; END;
    LOOP
      FETCH symbol_CN INTO VAR_SYMBOL;
      -- SET counter = counter + 1;

      call    CHECK_PRICE_TREND_FOR_SYMBOL(VAR_SYMBOL,test_time_in);

    END LOOP;
  END;

END ;;
DELIMITER ;
/*!50003 SET sql_mode              = @saved_sql_mode */ ;
/*!50003 SET character_set_client  = @saved_cs_client */ ;
/*!50003 SET character_set_results = @saved_cs_results */ ;
/*!50003 SET collation_connection  = @saved_col_connection */ ;
/*!50003 DROP PROCEDURE IF EXISTS `CHECK_PRICE_TREND_FOR_ONE_PC` */;
/*!50003 SET @saved_cs_client      = @@character_set_client */ ;
/*!50003 SET @saved_cs_results     = @@character_set_results */ ;
/*!50003 SET @saved_col_connection = @@collation_connection */ ;
/*!50003 SET character_set_client  = utf8 */ ;
/*!50003 SET character_set_results = utf8 */ ;
/*!50003 SET collation_connection  = utf8_general_ci */ ;
/*!50003 SET @saved_sql_mode       = @@sql_mode */ ;
/*!50003 SET sql_mode              = 'STRICT_TRANS_TABLES,NO_AUTO_CREATE_USER,NO_ENGINE_SUBSTITUTION' */ ;
DELIMITER ;;
CREATE DEFINER=`root`@`localhost` PROCEDURE `CHECK_PRICE_TREND_FOR_ONE_PC`(
SYMBOL_IN VARCHAR(20),
LATEST_TIME_POINT_IN DATETIME,
PREV_DAY_VOLUME_IN INT(11))
BEGIN

DECLARE PER_HOUR_VOLUME_PREV_DAY FLOAT DEFAULT 0;

SET PER_HOUR_VOLUME_PREV_DAY = PREV_DAY_VOLUME_IN * 4/25;

CALL CHECK_POSITIVE_PRICE_TREND_FOR_ONE_PC(SYMBOL_IN,LATEST_TIME_POINT_IN,PER_HOUR_VOLUME_PREV_DAY);

CALL CHECK_NEGATIVE_PRICE_TREND_FOR_ONE_PC(SYMBOL_IN,LATEST_TIME_POINT_IN,PER_HOUR_VOLUME_PREV_DAY);



END ;;
DELIMITER ;
/*!50003 SET sql_mode              = @saved_sql_mode */ ;
/*!50003 SET character_set_client  = @saved_cs_client */ ;
/*!50003 SET character_set_results = @saved_cs_results */ ;
/*!50003 SET collation_connection  = @saved_col_connection */ ;
/*!50003 DROP PROCEDURE IF EXISTS `CHECK_PRICE_TREND_FOR_SYMBOL` */;
/*!50003 SET @saved_cs_client      = @@character_set_client */ ;
/*!50003 SET @saved_cs_results     = @@character_set_results */ ;
/*!50003 SET @saved_col_connection = @@collation_connection */ ;
/*!50003 SET character_set_client  = utf8 */ ;
/*!50003 SET character_set_results = utf8 */ ;
/*!50003 SET collation_connection  = utf8_general_ci */ ;
/*!50003 SET @saved_sql_mode       = @@sql_mode */ ;
/*!50003 SET sql_mode              = 'STRICT_TRANS_TABLES,NO_AUTO_CREATE_USER,NO_ENGINE_SUBSTITUTION' */ ;
DELIMITER ;;
CREATE DEFINER=`root`@`localhost` PROCEDURE `CHECK_PRICE_TREND_FOR_SYMBOL`(
SYMBOL_IN VARCHAR(20),
test_time_in datetime)
BEGIN

DECLARE LATEST_TIME_POINT DATETIME DEFAULT NOW();

DECLARE PREV_DAY_VOLUME INT(11) DEFAULT 0;

set LATEST_TIME_POINT =  test_time_in;
if(LATEST_TIME_POINT is null) then
SELECT MAX(curr_time) FROM live_data WHERE SYMBOL =  SYMBOL_IN INTO LATEST_TIME_POINT;
end if;

SELECT volume_prev_day FROM BASIS_FOR_CALLS WHERE SYMBOL = SYMBOL_IN
INTO PREV_DAY_VOLUME;


CALL CHECK_PRICE_TREND_FOR_ONE_PC(SYMBOL_IN, LATEST_TIME_POINT,PREV_DAY_VOLUME);


END ;;
DELIMITER ;
/*!50003 SET sql_mode              = @saved_sql_mode */ ;
/*!50003 SET character_set_client  = @saved_cs_client */ ;
/*!50003 SET character_set_results = @saved_cs_results */ ;
/*!50003 SET collation_connection  = @saved_col_connection */ ;
/*!50003 DROP PROCEDURE IF EXISTS `CHECK_P_P_T_1_PC_STRENGTH_VALIDITY` */;
/*!50003 SET @saved_cs_client      = @@character_set_client */ ;
/*!50003 SET @saved_cs_results     = @@character_set_results */ ;
/*!50003 SET @saved_col_connection = @@collation_connection */ ;
/*!50003 SET character_set_client  = utf8 */ ;
/*!50003 SET character_set_results = utf8 */ ;
/*!50003 SET collation_connection  = utf8_general_ci */ ;
/*!50003 SET @saved_sql_mode       = @@sql_mode */ ;
/*!50003 SET sql_mode              = 'STRICT_TRANS_TABLES,NO_AUTO_CREATE_USER,NO_ENGINE_SUBSTITUTION' */ ;
DELIMITER ;;
CREATE DEFINER=`root`@`localhost` PROCEDURE `CHECK_P_P_T_1_PC_STRENGTH_VALIDITY`(
SYMBOL_IN VARCHAR(20),
    LATEST_TIME_POINT_IN DATETIME,
    VAR_MAX_STRENGTH_IN FLOAT,
    VAR_VOLUME_START_FOR_MAX_STRENGTH_IN INT,
    VAR_VOLUME_END_FOR_MAX_STRENGTH_IN INT,
    VAR_PRICE_START_FOR_MAX_STRENGTH_IN FLOAT,
    VAR_PRICE_END_FOR_MAX_STRENGTH_IN FLOAT,
    VAR_CURR_TIME_START_FOR_MAX_STRENGTH_IN DATETIME,
    VAR_CURR_TIME_END_FOR_MAX_STRENGTH_IN DATETIME)
BEGIN

DECLARE SAME_RECORD_COUNT int DEFAULT 0;

DECLARE SAME_RECORD_COUNT_IN_LOG int DEFAULT 0;


DECLARE OVERLAP_RECORD_COUNT int DEFAULT 0;

DECLARE ENCLOSING_RECORD_COUNT int DEFAULT 0;

DECLARE VAR_ENCLOSING_RECORD_ID INT;




SELECT count(*) FROM positive_price_trend_data WHERE

symbol = SYMBOL_IN
AND time_start = VAR_CURR_TIME_START_FOR_MAX_STRENGTH_IN
AND time_end =  VAR_CURR_TIME_END_FOR_MAX_STRENGTH_IN
into SAME_RECORD_COUNT;


SELECT count(*) FROM positive_price_trend_data WHERE

symbol = SYMBOL_IN
AND  (time_start <= VAR_CURR_TIME_START_FOR_MAX_STRENGTH_IN and time_end > VAR_CURR_TIME_START_FOR_MAX_STRENGTH_IN)
AND   time_end < VAR_CURR_TIME_END_FOR_MAX_STRENGTH_IN
into OVERLAP_RECORD_COUNT;


IF(OVERLAP_RECORD_COUNT = 0) THEN

SELECT count(*) FROM positive_price_trend_data WHERE

symbol = SYMBOL_IN
AND  time_start > VAR_CURR_TIME_START_FOR_MAX_STRENGTH_IN
AND  time_end < VAR_CURR_TIME_END_FOR_MAX_STRENGTH_IN
AND   max_strength > VAR_MAX_STRENGTH_IN
into OVERLAP_RECORD_COUNT;

END IF;


if(SAME_RECORD_COUNT >= 1 or OVERLAP_RECORD_COUNT >= 1) then

SELECT count(*) FROM positive_price_trend_data_log WHERE

symbol = SYMBOL_IN AND
curr_time =  LATEST_TIME_POINT_IN
AND time_start = VAR_CURR_TIME_START_FOR_MAX_STRENGTH_IN
AND time_end =  VAR_CURR_TIME_END_FOR_MAX_STRENGTH_IN
into SAME_RECORD_COUNT_IN_LOG;

if (SAME_RECORD_COUNT_IN_LOG = 0) then

insert INTO `engine_live`.`positive_price_trend_data_log`
VALUES
(SYMBOL_IN,VAR_CURR_TIME_START_FOR_MAX_STRENGTH_IN,VAR_CURR_TIME_END_FOR_MAX_STRENGTH_IN,
LATEST_TIME_POINT_IN,VAR_VOLUME_START_FOR_MAX_STRENGTH_IN,VAR_VOLUME_END_FOR_MAX_STRENGTH_IN,
VAR_PRICE_START_FOR_MAX_STRENGTH_IN,VAR_PRICE_END_FOR_MAX_STRENGTH_IN,VAR_MAX_STRENGTH_IN,0,0);

end if;


else

SELECT count(*) FROM positive_price_trend_data WHERE

symbol = SYMBOL_IN
AND  time_start > VAR_CURR_TIME_START_FOR_MAX_STRENGTH_IN
AND  time_end < VAR_CURR_TIME_END_FOR_MAX_STRENGTH_IN
AND   max_strength < VAR_MAX_STRENGTH_IN
into ENCLOSING_RECORD_COUNT;


IF(ENCLOSING_RECORD_COUNT >1) THEN

CALL  GET_ENCLOSING_RECORD_ID_FOR_POSITIVE_TREND(SYMBOL_IN,VAR_MAX_STRENGTH_IN,
                              VAR_CURR_TIME_START_FOR_MAX_STRENGTH_IN,VAR_CURR_TIME_END_FOR_MAX_STRENGTH_IN,
                              VAR_ENCLOSING_RECORD_ID);

END IF;

IF(ENCLOSING_RECORD_COUNT = 1) THEN

SELECT id FROM positive_price_trend_data WHERE

symbol = SYMBOL_IN
AND  time_start > VAR_CURR_TIME_START_FOR_MAX_STRENGTH_IN
AND  time_end < VAR_CURR_TIME_END_FOR_MAX_STRENGTH_IN
AND   max_strength < VAR_MAX_STRENGTH_IN
into VAR_ENCLOSING_RECORD_ID;


END IF;



insert INTO `engine_live`.`positive_price_trend_data`
VALUES
(NULL,SYMBOL_IN,VAR_CURR_TIME_START_FOR_MAX_STRENGTH_IN,VAR_CURR_TIME_END_FOR_MAX_STRENGTH_IN,
LATEST_TIME_POINT_IN,VAR_VOLUME_START_FOR_MAX_STRENGTH_IN,VAR_VOLUME_END_FOR_MAX_STRENGTH_IN,
VAR_PRICE_START_FOR_MAX_STRENGTH_IN,VAR_PRICE_END_FOR_MAX_STRENGTH_IN,VAR_MAX_STRENGTH_IN,0,VAR_ENCLOSING_RECORD_ID,null);



insert INTO `engine_live`.`positive_price_trend_data_log`
VALUES
(SYMBOL_IN,VAR_CURR_TIME_START_FOR_MAX_STRENGTH_IN,VAR_CURR_TIME_END_FOR_MAX_STRENGTH_IN,
LATEST_TIME_POINT_IN,VAR_VOLUME_START_FOR_MAX_STRENGTH_IN,VAR_VOLUME_END_FOR_MAX_STRENGTH_IN,
VAR_PRICE_START_FOR_MAX_STRENGTH_IN,VAR_PRICE_END_FOR_MAX_STRENGTH_IN,VAR_MAX_STRENGTH_IN,1,VAR_ENCLOSING_RECORD_ID);


END IF;


END ;;
DELIMITER ;
/*!50003 SET sql_mode              = @saved_sql_mode */ ;
/*!50003 SET character_set_client  = @saved_cs_client */ ;
/*!50003 SET character_set_results = @saved_cs_results */ ;
/*!50003 SET collation_connection  = @saved_col_connection */ ;
/*!50003 DROP PROCEDURE IF EXISTS `DUMMY_HANDLE_BUY_ORDER_EVENTS` */;
/*!50003 SET @saved_cs_client      = @@character_set_client */ ;
/*!50003 SET @saved_cs_results     = @@character_set_results */ ;
/*!50003 SET @saved_col_connection = @@collation_connection */ ;
/*!50003 SET character_set_client  = utf8 */ ;
/*!50003 SET character_set_results = utf8 */ ;
/*!50003 SET collation_connection  = utf8_general_ci */ ;
/*!50003 SET @saved_sql_mode       = @@sql_mode */ ;
/*!50003 SET sql_mode              = 'STRICT_TRANS_TABLES,NO_AUTO_CREATE_USER,NO_ENGINE_SUBSTITUTION' */ ;
DELIMITER ;;
CREATE DEFINER=`root`@`localhost` PROCEDURE `DUMMY_HANDLE_BUY_ORDER_EVENTS`()
BEGIN

DECLARE pending_events CURSOR FOR
SELECT event_type,order_id,buy_price,quantity FROM engine_live.option_buy_order_event
where is_event_handled = 0;

  OPEN pending_events;
  BEGIN
    DECLARE VAR_EVENT_TYPE varchar(5);
    DECLARE VAR_ORDER_ID INT;

    DECLARE VAR_BUY_PRICE FLOAT;
    DECLARE VAR_QUANTITY INT;



    DECLARE GENERATED_EXCHANGE_ORDER_ID INT;

    DECLARE EXIT HANDLER FOR NOT FOUND BEGIN CLOSE pending_events; END;
    DECLARE EXIT HANDLER FOR SQLEXCEPTION BEGIN CLOSE pending_events; RESIGNAL; END;
    LOOP
      FETCH pending_events INTO VAR_EVENT_TYPE,VAR_ORDER_ID,VAR_BUY_PRICE,VAR_QUANTITY;
      -- SET counter = counter + 1;


      IF( VAR_EVENT_TYPE = 'MOD') THEN


  -- THIS STEP TO BE EXECUTED BY COMPONENT HANDLING EVENTS

 /*
      UPDATE    option_buy_order SET
      buy_price = VAR_BUY_PRICE, quantity = VAR_QUANTITY
      where order_id = VAR_ORDER_ID;
 */
      UPDATE    option_buy_order_event SET
      is_event_handled = 1 where order_id = VAR_ORDER_ID;

       END IF;


      IF( VAR_EVENT_TYPE = 'NEW') THEN

 -- THIS STEP BELOW TO BE RAPLACED WITH SENDING ORDER TO API AND GETTING BACK GENERATED ORDER ID

      SET   GENERATED_EXCHANGE_ORDER_ID = RAND() * 100000000;

  -- THIS STEP TO BE EXECUTED BY COMPONENT HANDLING EVENTS

      UPDATE    option_buy_order SET
      exchange_order_id = GENERATED_EXCHANGE_ORDER_ID where order_id = VAR_ORDER_ID;
      END IF;


      UPDATE    option_buy_order_event SET
      is_event_handled = 1 where order_id = VAR_ORDER_ID;

    END LOOP;
  END;


END ;;
DELIMITER ;
/*!50003 SET sql_mode              = @saved_sql_mode */ ;
/*!50003 SET character_set_client  = @saved_cs_client */ ;
/*!50003 SET character_set_results = @saved_cs_results */ ;
/*!50003 SET collation_connection  = @saved_col_connection */ ;
/*!50003 DROP PROCEDURE IF EXISTS `GENERATE_LIVE_STOCK_DATA` */;
/*!50003 SET @saved_cs_client      = @@character_set_client */ ;
/*!50003 SET @saved_cs_results     = @@character_set_results */ ;
/*!50003 SET @saved_col_connection = @@collation_connection */ ;
/*!50003 SET character_set_client  = utf8 */ ;
/*!50003 SET character_set_results = utf8 */ ;
/*!50003 SET collation_connection  = utf8_general_ci */ ;
/*!50003 SET @saved_sql_mode       = @@sql_mode */ ;
/*!50003 SET sql_mode              = 'STRICT_TRANS_TABLES,NO_AUTO_CREATE_USER,NO_ENGINE_SUBSTITUTION' */ ;
DELIMITER ;;
CREATE DEFINER=`root`@`localhost` PROCEDURE `GENERATE_LIVE_STOCK_DATA`(
SYMBOL_IN VARCHAR(20),
NO_OF_ENTRIES INT,
PREV_CLOSE FLOAT)
BEGIN

DECLARE VOLUME_PER_ENTRY INT;

DECLARE PREV_DAY_VOLUME INT;

DECLARE LAST_ENTRY_TIME DATETIME;

DECLARE LAST_ENTRY_PRICE FLOAT;

DECLARE LAST_ENTRY_VOLUME INT;



DECLARE DAY_START_REFERENCE DATETIME;


declare l_loop int default 0;


SELECT volume_prev_day FROM BASIS_FOR_CALLS WHERE SYMBOL = SYMBOL_IN
INTO PREV_DAY_VOLUME;

SET  VOLUME_PER_ENTRY =  PREV_DAY_VOLUME / (12*375);

SELECT MAX(curr_time) FROM live_data WHERE SYMBOL = SYMBOL_IN INTO LAST_ENTRY_TIME;


SET DAY_START_REFERENCE = CONCAT(DATE(curdate()),' 09:15:00');


IF (LAST_ENTRY_TIME IS NULL OR LAST_ENTRY_TIME   < DAY_START_REFERENCE )  THEN

CALL INSERT_OPENING_DATA(SYMBOL_IN,PREV_DAY_VOLUME,PREV_CLOSE);

END IF;

SELECT MAX(curr_time) FROM live_data WHERE SYMBOL = SYMBOL_IN INTO LAST_ENTRY_TIME;

SELECT price, volume  FROM live_data WHERE SYMBOL = SYMBOL_IN AND
-- TIMEDIFF(curr_time,LAST_ENTRY_TIME) = 0
curr_time =  LAST_ENTRY_TIME
INTO LAST_ENTRY_PRICE, LAST_ENTRY_VOLUME;


    loop1: loop

       set l_loop := l_loop + 1;

       IF l_loop > NO_OF_ENTRIES THEN
          leave loop1;
       end if;

       SET  LAST_ENTRY_TIME = DATE_ADD(LAST_ENTRY_TIME, INTERVAL 5 SECOND);

       SET LAST_ENTRY_PRICE = LAST_ENTRY_PRICE  + (LAST_ENTRY_PRICE * (0.0005 - (0.001 * RAND())));

       -- SET LAST_ENTRY_PRICE = LAST_ENTRY_PRICE  + (LAST_ENTRY_PRICE * (0.0015 - (0.0015 * RAND())));

       SET LAST_ENTRY_PRICE = round_price_value(LAST_ENTRY_PRICE);

       SET LAST_ENTRY_VOLUME =  LAST_ENTRY_VOLUME + (RANDOMIZE_VOLUME(VOLUME_PER_ENTRY));


       INSERT INTO live_data
(
`curr_time`,
`symbol`,
`volume`,
`price`)
VALUES
(LAST_ENTRY_TIME,SYMBOL_IN,LAST_ENTRY_VOLUME,
LAST_ENTRY_PRICE
);

    end loop loop1;









END ;;
DELIMITER ;
/*!50003 SET sql_mode              = @saved_sql_mode */ ;
/*!50003 SET character_set_client  = @saved_cs_client */ ;
/*!50003 SET character_set_results = @saved_cs_results */ ;
/*!50003 SET collation_connection  = @saved_col_connection */ ;
/*!50003 DROP PROCEDURE IF EXISTS `GET_ENCLOSING_RECORD_ID_FOR_NEGATIVE_TREND` */;
/*!50003 SET @saved_cs_client      = @@character_set_client */ ;
/*!50003 SET @saved_cs_results     = @@character_set_results */ ;
/*!50003 SET @saved_col_connection = @@collation_connection */ ;
/*!50003 SET character_set_client  = utf8 */ ;
/*!50003 SET character_set_results = utf8 */ ;
/*!50003 SET collation_connection  = utf8_general_ci */ ;
/*!50003 SET @saved_sql_mode       = @@sql_mode */ ;
/*!50003 SET sql_mode              = 'STRICT_TRANS_TABLES,NO_AUTO_CREATE_USER,NO_ENGINE_SUBSTITUTION' */ ;
DELIMITER ;;
CREATE DEFINER=`root`@`localhost` PROCEDURE `GET_ENCLOSING_RECORD_ID_FOR_NEGATIVE_TREND`(
    SYMBOL_IN VARCHAR(20),
    VAR_MAX_STRENGTH_IN FLOAT,
    VAR_CURR_TIME_START_FOR_MAX_STRENGTH_IN DATETIME,
    VAR_CURR_TIME_END_FOR_MAX_STRENGTH_IN DATETIME
,OUT ENCLOSING_RECORD_ID_OUT INT
)
BEGIN


DECLARE symbol_CN CURSOR FOR
SELECT id,max_strength FROM negative_price_trend_data WHERE
symbol = SYMBOL_IN
AND  time_start > VAR_CURR_TIME_START_FOR_MAX_STRENGTH_IN
AND  time_end < VAR_CURR_TIME_END_FOR_MAX_STRENGTH_IN
AND   max_strength < VAR_MAX_STRENGTH_IN;

  OPEN symbol_CN;
  BEGIN
    DECLARE VAR_ENCLOSING_ID INT;

    DECLARE VAR_ENCLOSING_STRENGTH INT;

    DECLARE VAR_MAX_ENCLOSING_STRENGTH INT;





    DECLARE EXIT HANDLER FOR NOT FOUND BEGIN CLOSE symbol_CN; END;
    DECLARE EXIT HANDLER FOR SQLEXCEPTION BEGIN CLOSE symbol_CN; RESIGNAL; END;
    LOOP
      FETCH symbol_CN INTO VAR_ENCLOSING_ID,VAR_ENCLOSING_STRENGTH;
      -- SET counter = counter + 1;

      IF(VAR_ENCLOSING_STRENGTH >  VAR_MAX_ENCLOSING_STRENGTH) THEN

      SET VAR_MAX_ENCLOSING_STRENGTH =  VAR_ENCLOSING_STRENGTH;

      SET ENCLOSING_RECORD_ID_OUT = VAR_ENCLOSING_ID;

      END IF;


    END LOOP;
  END;

END ;;
DELIMITER ;
/*!50003 SET sql_mode              = @saved_sql_mode */ ;
/*!50003 SET character_set_client  = @saved_cs_client */ ;
/*!50003 SET character_set_results = @saved_cs_results */ ;
/*!50003 SET collation_connection  = @saved_col_connection */ ;
/*!50003 DROP PROCEDURE IF EXISTS `GET_ENCLOSING_RECORD_ID_FOR_POSITIVE_TREND` */;
/*!50003 SET @saved_cs_client      = @@character_set_client */ ;
/*!50003 SET @saved_cs_results     = @@character_set_results */ ;
/*!50003 SET @saved_col_connection = @@collation_connection */ ;
/*!50003 SET character_set_client  = utf8 */ ;
/*!50003 SET character_set_results = utf8 */ ;
/*!50003 SET collation_connection  = utf8_general_ci */ ;
/*!50003 SET @saved_sql_mode       = @@sql_mode */ ;
/*!50003 SET sql_mode              = 'STRICT_TRANS_TABLES,NO_AUTO_CREATE_USER,NO_ENGINE_SUBSTITUTION' */ ;
DELIMITER ;;
CREATE DEFINER=`root`@`localhost` PROCEDURE `GET_ENCLOSING_RECORD_ID_FOR_POSITIVE_TREND`(
    SYMBOL_IN VARCHAR(20),
    VAR_MAX_STRENGTH_IN FLOAT,
    VAR_CURR_TIME_START_FOR_MAX_STRENGTH_IN DATETIME,
    VAR_CURR_TIME_END_FOR_MAX_STRENGTH_IN DATETIME
,OUT ENCLOSING_RECORD_ID_OUT INT
)
BEGIN


DECLARE symbol_CN CURSOR FOR
SELECT id,max_strength FROM positive_price_trend_data WHERE
symbol = SYMBOL_IN
AND  time_start > VAR_CURR_TIME_START_FOR_MAX_STRENGTH_IN
AND  time_end < VAR_CURR_TIME_END_FOR_MAX_STRENGTH_IN
AND   max_strength < VAR_MAX_STRENGTH_IN;

  OPEN symbol_CN;
  BEGIN
    DECLARE VAR_ENCLOSING_ID INT;

    DECLARE VAR_ENCLOSING_STRENGTH INT;

    DECLARE VAR_MAX_ENCLOSING_STRENGTH INT;





    DECLARE EXIT HANDLER FOR NOT FOUND BEGIN CLOSE symbol_CN; END;
    DECLARE EXIT HANDLER FOR SQLEXCEPTION BEGIN CLOSE symbol_CN; RESIGNAL; END;
    LOOP
      FETCH symbol_CN INTO VAR_ENCLOSING_ID,VAR_ENCLOSING_STRENGTH;
      -- SET counter = counter + 1;

      IF(VAR_ENCLOSING_STRENGTH >  VAR_MAX_ENCLOSING_STRENGTH) THEN

      SET VAR_MAX_ENCLOSING_STRENGTH =  VAR_ENCLOSING_STRENGTH;

      SET ENCLOSING_RECORD_ID_OUT = VAR_ENCLOSING_ID;

      END IF;


    END LOOP;
  END;

END ;;
DELIMITER ;
/*!50003 SET sql_mode              = @saved_sql_mode */ ;
/*!50003 SET character_set_client  = @saved_cs_client */ ;
/*!50003 SET character_set_results = @saved_cs_results */ ;
/*!50003 SET collation_connection  = @saved_col_connection */ ;
/*!50003 DROP PROCEDURE IF EXISTS `INIT_DB` */;
/*!50003 SET @saved_cs_client      = @@character_set_client */ ;
/*!50003 SET @saved_cs_results     = @@character_set_results */ ;
/*!50003 SET @saved_col_connection = @@collation_connection */ ;
/*!50003 SET character_set_client  = utf8 */ ;
/*!50003 SET character_set_results = utf8 */ ;
/*!50003 SET collation_connection  = utf8_general_ci */ ;
/*!50003 SET @saved_sql_mode       = @@sql_mode */ ;
/*!50003 SET sql_mode              = 'STRICT_TRANS_TABLES,NO_AUTO_CREATE_USER,NO_ENGINE_SUBSTITUTION' */ ;
DELIMITER ;;
CREATE DEFINER=`root`@`localhost` PROCEDURE `INIT_DB`()
BEGIN


DELETE FROM  `live_data`;

CALL INIT_DB_WITHOUT_LIVE_DATA();

END ;;
DELIMITER ;
/*!50003 SET sql_mode              = @saved_sql_mode */ ;
/*!50003 SET character_set_client  = @saved_cs_client */ ;
/*!50003 SET character_set_results = @saved_cs_results */ ;
/*!50003 SET collation_connection  = @saved_col_connection */ ;
/*!50003 DROP PROCEDURE IF EXISTS `INIT_DB_WITHOUT_LIVE_DATA` */;
/*!50003 SET @saved_cs_client      = @@character_set_client */ ;
/*!50003 SET @saved_cs_results     = @@character_set_results */ ;
/*!50003 SET @saved_col_connection = @@collation_connection */ ;
/*!50003 SET character_set_client  = utf8 */ ;
/*!50003 SET character_set_results = utf8 */ ;
/*!50003 SET collation_connection  = utf8_general_ci */ ;
/*!50003 SET @saved_sql_mode       = @@sql_mode */ ;
/*!50003 SET sql_mode              = 'STRICT_TRANS_TABLES,NO_AUTO_CREATE_USER,NO_ENGINE_SUBSTITUTION' */ ;
DELIMITER ;;
CREATE DEFINER=`root`@`localhost` PROCEDURE `INIT_DB_WITHOUT_LIVE_DATA`()
BEGIN

-- DELETE FROM `basis_for_calls`;
-- DELETE FROM  `live_data`;
DELETE FROM  `option_buy_order`;
DELETE FROM  `option_buy_order_event`;
DELETE FROM  `option_buy_order_log`;
DELETE FROM  `positive_price_trend_data`;
DELETE FROM  `positive_price_trend_data_log`;
DELETE FROM  `negative_price_trend_data`;
DELETE FROM  `negative_price_trend_data_log`;
-- DELETE FROM  `selected_instrument`;
END ;;
DELIMITER ;
/*!50003 SET sql_mode              = @saved_sql_mode */ ;
/*!50003 SET character_set_client  = @saved_cs_client */ ;
/*!50003 SET character_set_results = @saved_cs_results */ ;
/*!50003 SET collation_connection  = @saved_col_connection */ ;
/*!50003 DROP PROCEDURE IF EXISTS `INSERT_OPENING_DATA` */;
/*!50003 SET @saved_cs_client      = @@character_set_client */ ;
/*!50003 SET @saved_cs_results     = @@character_set_results */ ;
/*!50003 SET @saved_col_connection = @@collation_connection */ ;
/*!50003 SET character_set_client  = utf8 */ ;
/*!50003 SET character_set_results = utf8 */ ;
/*!50003 SET collation_connection  = utf8_general_ci */ ;
/*!50003 SET @saved_sql_mode       = @@sql_mode */ ;
/*!50003 SET sql_mode              = 'STRICT_TRANS_TABLES,NO_AUTO_CREATE_USER,NO_ENGINE_SUBSTITUTION' */ ;
DELIMITER ;;
CREATE DEFINER=`root`@`localhost` PROCEDURE `INSERT_OPENING_DATA`(
SYMBOL_IN VARCHAR(20),
PREV_DAY_VOLUME INT,
PREV_CLOSE FLOAT
)
BEGIN

DECLARE LAST_ENTRY_TIME DATETIME;

DECLARE PRICE_VALUE FLOAT;



SET LAST_ENTRY_TIME = concat(DATE(CURDATE()), ' 09:15:0',ROUND(RAND()*10));

SET PRICE_VALUE  = PREV_CLOSE + (PREV_CLOSE * (0.035 - (0.07 * RAND())));

SET PRICE_VALUE = ROUND(PRICE_VALUE,2);

INSERT INTO live_data
(
`curr_time`,
`symbol`,
`volume`,
`price`)
VALUES
(LAST_ENTRY_TIME,SYMBOL_IN,PREV_DAY_VOLUME * (0.012 * RAND()),PRICE_VALUE

);


END ;;
DELIMITER ;
/*!50003 SET sql_mode              = @saved_sql_mode */ ;
/*!50003 SET character_set_client  = @saved_cs_client */ ;
/*!50003 SET character_set_results = @saved_cs_results */ ;
/*!50003 SET collation_connection  = @saved_col_connection */ ;
/*!50003 DROP PROCEDURE IF EXISTS `MARKET_OPENING_COMPONENT` */;
/*!50003 SET @saved_cs_client      = @@character_set_client */ ;
/*!50003 SET @saved_cs_results     = @@character_set_results */ ;
/*!50003 SET @saved_col_connection = @@collation_connection */ ;
/*!50003 SET character_set_client  = utf8 */ ;
/*!50003 SET character_set_results = utf8 */ ;
/*!50003 SET collation_connection  = utf8_general_ci */ ;
/*!50003 SET @saved_sql_mode       = @@sql_mode */ ;
/*!50003 SET sql_mode              = 'STRICT_TRANS_TABLES,NO_AUTO_CREATE_USER,NO_ENGINE_SUBSTITUTION' */ ;
DELIMITER ;;
CREATE DEFINER=`root`@`localhost` PROCEDURE `MARKET_OPENING_COMPONENT`(
SYMBOL_IN VARCHAR(20),
MARGIN_IN FLOAT
)
BEGIN


DECLARE VAR_OPTION_TYPE varchar(2);
DECLARE VAR_OPTION_STRIKE_PRICE FLOAT;

DECLARE VAR_OPTION_CLOSE_PRICE FLOAT;

DECLARE VAR_CONFIDENCE_LEVEL FLOAT DEFAULT 0;

DECLARE VAR_EXPIRY_FACTOR_QUOTIENT FLOAT DEFAULT 0;

DECLARE VAR_EXPIRY_FACTOR FLOAT DEFAULT 0;

DECLARE DAY_START_REFERENCE DATETIME;

DECLARE VAR_LOT_SIZE INT DEFAULT 0;

DECLARE VAR_NO_OF_LOTS INT DEFAULT 0;

DECLARE VAR_QUANTITY INT DEFAULT 0;

DECLARE CALCULATED_BUY_PRICE FLOAT DEFAULT 0;






SELECT confidence_level FROM basis_for_calls WHERE symbol = SYMBOL_IN INTO VAR_CONFIDENCE_LEVEL;



SELECT option_type,option_strike_price,option_close_price,expiry_factor_quotient,
lot_size FROM selected_instrument
WHERE symbol = SYMBOL_IN INTO VAR_OPTION_TYPE,
VAR_OPTION_STRIKE_PRICE,VAR_OPTION_CLOSE_PRICE,VAR_EXPIRY_FACTOR_QUOTIENT,VAR_LOT_SIZE;


SET CALCULATED_BUY_PRICE =   calculate_price_from_confidence(VAR_OPTION_CLOSE_PRICE,VAR_CONFIDENCE_LEVEL,
                             VAR_EXPIRY_FACTOR_QUOTIENT,VAR_EXPIRY_FACTOR);


SET CALCULATED_BUY_PRICE = round_price_value(CALCULATED_BUY_PRICE);

CALL CALCULATE_QUANTITY_FROM_MARGIN(MARGIN_IN,CALCULATED_BUY_PRICE,VAR_LOT_SIZE,VAR_NO_OF_LOTS);


SET VAR_QUANTITY = VAR_LOT_SIZE * VAR_NO_OF_LOTS;



SELECT  param_value FROM trading_parameters WHERE param_id = 'EXPIRY_FACTOR' INTO VAR_EXPIRY_FACTOR;



SET DAY_START_REFERENCE = CONCAT(DATE(curdate()),' 09:15:00');


CALL PUT_NEW_OPTION_BUY_ORDER_EVENT(SYMBOL_IN,
                                          VAR_OPTION_TYPE,VAR_OPTION_STRIKE_PRICE,
                                          VAR_OPTION_CLOSE_PRICE,VAR_NO_OF_LOTS,
                                          VAR_QUANTITY,CALCULATED_BUY_PRICE,
                                          DAY_START_REFERENCE);



END ;;
DELIMITER ;
/*!50003 SET sql_mode              = @saved_sql_mode */ ;
/*!50003 SET character_set_client  = @saved_cs_client */ ;
/*!50003 SET character_set_results = @saved_cs_results */ ;
/*!50003 SET collation_connection  = @saved_col_connection */ ;
/*!50003 DROP PROCEDURE IF EXISTS `MARKET_OPENING_MASTER` */;
/*!50003 SET @saved_cs_client      = @@character_set_client */ ;
/*!50003 SET @saved_cs_results     = @@character_set_results */ ;
/*!50003 SET @saved_col_connection = @@collation_connection */ ;
/*!50003 SET character_set_client  = utf8 */ ;
/*!50003 SET character_set_results = utf8 */ ;
/*!50003 SET collation_connection  = utf8_general_ci */ ;
/*!50003 SET @saved_sql_mode       = @@sql_mode */ ;
/*!50003 SET sql_mode              = 'STRICT_TRANS_TABLES,NO_AUTO_CREATE_USER,NO_ENGINE_SUBSTITUTION' */ ;
DELIMITER ;;
CREATE DEFINER=`root`@`localhost` PROCEDURE `MARKET_OPENING_MASTER`(
MARGIN_PER_STOCK_IN FLOAT
)
BEGIN

declare NO_OF_ENTRIES int default 0;

declare l_loop int default 0;


DECLARE symbol_CN CURSOR FOR
select symbol from basis_for_calls;

  OPEN symbol_CN;
  BEGIN
    DECLARE VAR_SYMBOL varchar(20);
    DECLARE EXIT HANDLER FOR NOT FOUND BEGIN CLOSE symbol_CN; END;
    DECLARE EXIT HANDLER FOR SQLEXCEPTION BEGIN CLOSE symbol_CN; RESIGNAL; END;
    LOOP
      FETCH symbol_CN INTO VAR_SYMBOL;
      -- SET counter = counter + 1;

      call    MARKET_OPENING_COMPONENT(VAR_SYMBOL,MARGIN_PER_STOCK_IN);

    END LOOP;
  END;





END ;;
DELIMITER ;
/*!50003 SET sql_mode              = @saved_sql_mode */ ;
/*!50003 SET character_set_client  = @saved_cs_client */ ;
/*!50003 SET character_set_results = @saved_cs_results */ ;
/*!50003 SET collation_connection  = @saved_col_connection */ ;
/*!50003 DROP PROCEDURE IF EXISTS `PUT_MODIFY_OPTION_BUY_ORDER_EVENT` */;
/*!50003 SET @saved_cs_client      = @@character_set_client */ ;
/*!50003 SET @saved_cs_results     = @@character_set_results */ ;
/*!50003 SET @saved_col_connection = @@collation_connection */ ;
/*!50003 SET character_set_client  = utf8 */ ;
/*!50003 SET character_set_results = utf8 */ ;
/*!50003 SET collation_connection  = utf8_general_ci */ ;
/*!50003 SET @saved_sql_mode       = @@sql_mode */ ;
/*!50003 SET sql_mode              = 'STRICT_TRANS_TABLES,NO_AUTO_CREATE_USER,NO_ENGINE_SUBSTITUTION' */ ;
DELIMITER ;;
CREATE DEFINER=`root`@`localhost` PROCEDURE `PUT_MODIFY_OPTION_BUY_ORDER_EVENT`(
SYMBOL_IN VARCHAR(45),
OPTION_TYPE_IN varchar(2),
OPTION_STRIKE_PRICE_IN FLOAT,
NO_OF_LOTS_IN INT,
QUANTITY_IN INT,
MODIFIED_PRICE FLOAT,
time_in datetime
)
BEGIN

DECLARE VAR_ORDER_ID INT(11) DEFAULT 0;


SELECT order_id FROM option_buy_order

where symbol = SYMBOL_IN
and option_type = OPTION_TYPE_IN
and option_strike_price = OPTION_STRIKE_PRICE_IN
INTO VAR_ORDER_ID;

update option_buy_order
set buy_price = MODIFIED_PRICE
where symbol = SYMBOL_IN
and option_type = OPTION_TYPE_IN
and option_strike_price = OPTION_STRIKE_PRICE_IN;





REPLACE INTO option_buy_order_log
VALUES
(VAR_ORDER_ID,SYMBOL_IN,OPTION_TYPE_IN,OPTION_STRIKE_PRICE_IN,MODIFIED_PRICE,
NO_OF_LOTS_IN,QUANTITY_IN,0,time_in,0,QUANTITY_IN);

INSERT INTO option_buy_order_event
VALUES
(VAR_ORDER_ID,SYMBOL_IN,time_in,OPTION_TYPE_IN,OPTION_STRIKE_PRICE_IN,MODIFIED_PRICE,
                        NO_OF_LOTS_IN,QUANTITY_IN,'MOD',0);

END ;;
DELIMITER ;
/*!50003 SET sql_mode              = @saved_sql_mode */ ;
/*!50003 SET character_set_client  = @saved_cs_client */ ;
/*!50003 SET character_set_results = @saved_cs_results */ ;
/*!50003 SET collation_connection  = @saved_col_connection */ ;
/*!50003 DROP PROCEDURE IF EXISTS `PUT_NEW_OPTION_BUY_ORDER_EVENT` */;
/*!50003 SET @saved_cs_client      = @@character_set_client */ ;
/*!50003 SET @saved_cs_results     = @@character_set_results */ ;
/*!50003 SET @saved_col_connection = @@collation_connection */ ;
/*!50003 SET character_set_client  = utf8 */ ;
/*!50003 SET character_set_results = utf8 */ ;
/*!50003 SET collation_connection  = utf8_general_ci */ ;
/*!50003 SET @saved_sql_mode       = @@sql_mode */ ;
/*!50003 SET sql_mode              = 'STRICT_TRANS_TABLES,NO_AUTO_CREATE_USER,NO_ENGINE_SUBSTITUTION' */ ;
DELIMITER ;;
CREATE DEFINER=`root`@`localhost` PROCEDURE `PUT_NEW_OPTION_BUY_ORDER_EVENT`(
SYMBOL_IN VARCHAR(20),
OPTION_TYPE_IN varchar(2),
OPTION_STRIKE_PRICE_IN FLOAT,
OPTION_CLOSE_PRICE_IN FLOAT,
NO_OF_LOTS_IN INT,
QUANTITY_IN INT,
BUY_PRICE_IN FLOAT,
time_in datetime
)
BEGIN


DECLARE GENERATED_ORDER_ID INT DEFAULT 0;



INSERT INTO option_buy_order
VALUES
(NULL,SYMBOL_IN,OPTION_TYPE_IN,OPTION_STRIKE_PRICE_IN,BUY_PRICE_IN,NO_OF_LOTS_IN,QUANTITY_IN,0,
0,0,QUANTITY_IN);

SET GENERATED_ORDER_ID =  LAST_INSERT_ID();

INSERT INTO option_buy_order_log
VALUES
(GENERATED_ORDER_ID,SYMBOL_IN,OPTION_TYPE_IN,OPTION_STRIKE_PRICE_IN,BUY_PRICE_IN,
NO_OF_LOTS_IN,QUANTITY_IN,0,time_in,0,QUANTITY_IN);

REPLACE INTO option_buy_order_event
VALUES
(GENERATED_ORDER_ID,SYMBOL_IN,time_in,OPTION_TYPE_IN,OPTION_STRIKE_PRICE_IN,BUY_PRICE_IN,
                        NO_OF_LOTS_IN,QUANTITY_IN,'NEW',0);





END ;;
DELIMITER ;
/*!50003 SET sql_mode              = @saved_sql_mode */ ;
/*!50003 SET character_set_client  = @saved_cs_client */ ;
/*!50003 SET character_set_results = @saved_cs_results */ ;
/*!50003 SET collation_connection  = @saved_col_connection */ ;
/*!50003 DROP PROCEDURE IF EXISTS `PUT_ORDERS_WITH_LIVE_DATA` */;
/*!50003 SET @saved_cs_client      = @@character_set_client */ ;
/*!50003 SET @saved_cs_results     = @@character_set_results */ ;
/*!50003 SET @saved_col_connection = @@collation_connection */ ;
/*!50003 SET character_set_client  = utf8 */ ;
/*!50003 SET character_set_results = utf8 */ ;
/*!50003 SET collation_connection  = utf8_general_ci */ ;
/*!50003 SET @saved_sql_mode       = @@sql_mode */ ;
/*!50003 SET sql_mode              = 'STRICT_TRANS_TABLES,NO_AUTO_CREATE_USER,NO_ENGINE_SUBSTITUTION' */ ;
DELIMITER ;;
CREATE DEFINER=`root`@`localhost` PROCEDURE `PUT_ORDERS_WITH_LIVE_DATA`()
BEGIN

declare l_loop int default 0;

declare NO_OF_ENTRIES int default 187; -- consider loop time to be 2 mins

declare NO_OF_LOOPS_BEFORE_CURRENT_TIME int default 0; -- consider loop time to be 2 mins

DECLARE DAY_START_REFERENCE DATETIME;

DECLARE INITIAL_FILL_TIME INT;

DECLARE DUMMY_CURRENT_TIME DATETIME;



-- call CALL_GENERATE_LIVE_STOCK_DATA(12);

call INIT_DB_WITHOUT_LIVE_DATA();

call MARKET_OPENING_MASTER(60000);

CALL DUMMY_HANDLE_BUY_ORDER_EVENTS();


SET DAY_START_REFERENCE = CONCAT(DATE(curdate()),' 09:15:00');

SELECT TIMESTAMPDIFF(SECOND,DAY_START_REFERENCE,NOW()) INTO INITIAL_FILL_TIME;



SET NO_OF_LOOPS_BEFORE_CURRENT_TIME  = INITIAL_FILL_TIME/ 300;


loop0: loop

       set l_loop := l_loop + 1;

       IF l_loop > NO_OF_LOOPS_BEFORE_CURRENT_TIME THEN
          leave loop0;
       end if;

       SET DUMMY_CURRENT_TIME = DATE_ADD(DAY_START_REFERENCE, INTERVAL (300 * l_loop) SECOND);

       CALL CHECK_PRICE_TREND_CYCLE(DUMMY_CURRENT_TIME);


       CALL CHECK_BUY_ORDER_CYCLE(DUMMY_CURRENT_TIME);


       CALL DUMMY_HANDLE_BUY_ORDER_EVENTS();

END loop loop0;



set l_loop := 0;



loop1: loop

       set l_loop := l_loop + 1;

       IF l_loop > NO_OF_ENTRIES THEN
          leave loop1;
       end if;


       CALL CHECK_PRICE_TREND_CYCLE(NULL);


       CALL CHECK_BUY_ORDER_CYCLE(NULL);


       CALL DUMMY_HANDLE_BUY_ORDER_EVENTS();

        SELECT SLEEP(300);

END loop loop1;


END ;;
DELIMITER ;
/*!50003 SET sql_mode              = @saved_sql_mode */ ;
/*!50003 SET character_set_client  = @saved_cs_client */ ;
/*!50003 SET character_set_results = @saved_cs_results */ ;
/*!50003 SET collation_connection  = @saved_col_connection */ ;
/*!50003 DROP PROCEDURE IF EXISTS `TEST_LIVE_DATA` */;
/*!50003 SET @saved_cs_client      = @@character_set_client */ ;
/*!50003 SET @saved_cs_results     = @@character_set_results */ ;
/*!50003 SET @saved_col_connection = @@collation_connection */ ;
/*!50003 SET character_set_client  = utf8 */ ;
/*!50003 SET character_set_results = utf8 */ ;
/*!50003 SET collation_connection  = utf8_general_ci */ ;
/*!50003 SET @saved_sql_mode       = @@sql_mode */ ;
/*!50003 SET sql_mode              = 'STRICT_TRANS_TABLES,NO_AUTO_CREATE_USER,NO_ENGINE_SUBSTITUTION' */ ;
DELIMITER ;;
CREATE DEFINER=`root`@`localhost` PROCEDURE `TEST_LIVE_DATA`()
BEGIN

declare l_loop int default 0;

declare NO_OF_ENTRIES int default 187; -- consider loop time to be 2 mins

-- call CALL_GENERATE_LIVE_STOCK_DATA(12);

call INIT_DB();

call MARKET_OPENING_MASTER(20000);

CALL DUMMY_HANDLE_BUY_ORDER_EVENTS();


loop1: loop

       set l_loop := l_loop + 1;

       IF l_loop > NO_OF_ENTRIES THEN
          leave loop1;
       end if;


       CALL CALL_GENERATE_LIVE_STOCK_DATA(24);


       CALL CHECK_PRICE_TREND_CYCLE();


       CALL CHECK_BUY_ORDER_CYCLE();


       CALL DUMMY_HANDLE_BUY_ORDER_EVENTS();



END loop loop1;


END ;;
DELIMITER ;
/*!50003 SET sql_mode              = @saved_sql_mode */ ;
/*!50003 SET character_set_client  = @saved_cs_client */ ;
/*!50003 SET character_set_results = @saved_cs_results */ ;
/*!50003 SET collation_connection  = @saved_col_connection */ ;
/*!50003 DROP PROCEDURE IF EXISTS `TEST_WITH_DUMMY_LIVE_DATA` */;
/*!50003 SET @saved_cs_client      = @@character_set_client */ ;
/*!50003 SET @saved_cs_results     = @@character_set_results */ ;
/*!50003 SET @saved_col_connection = @@collation_connection */ ;
/*!50003 SET character_set_client  = latin1 */ ;
/*!50003 SET character_set_results = latin1 */ ;
/*!50003 SET collation_connection  = latin1_swedish_ci */ ;
/*!50003 SET @saved_sql_mode       = @@sql_mode */ ;
/*!50003 SET sql_mode              = 'STRICT_TRANS_TABLES,NO_AUTO_CREATE_USER,NO_ENGINE_SUBSTITUTION' */ ;
DELIMITER ;;
CREATE DEFINER=`root`@`localhost` PROCEDURE `TEST_WITH_DUMMY_LIVE_DATA`()
BEGIN

declare l_loop int default 0;

declare NO_OF_ENTRIES int default 187; -- consider loop time to be 2 mins

-- call CALL_GENERATE_LIVE_STOCK_DATA(12);

call INIT_DB();

call MARKET_OPENING_MASTER(20000);

CALL DUMMY_HANDLE_BUY_ORDER_EVENTS();


loop1: loop

       set l_loop := l_loop + 1;

       IF l_loop > NO_OF_ENTRIES THEN
          leave loop1;
       end if;


       CALL CALL_GENERATE_LIVE_STOCK_DATA(24);


       CALL CHECK_PRICE_TREND_CYCLE();


       CALL CHECK_BUY_ORDER_CYCLE();


       CALL DUMMY_HANDLE_BUY_ORDER_EVENTS();



END loop loop1;


END ;;
DELIMITER ;
/*!50003 SET sql_mode              = @saved_sql_mode */ ;
/*!50003 SET character_set_client  = @saved_cs_client */ ;
/*!50003 SET character_set_results = @saved_cs_results */ ;
/*!50003 SET collation_connection  = @saved_col_connection */ ;
/*!40103 SET TIME_ZONE=@OLD_TIME_ZONE */;

/*!40101 SET SQL_MODE=@OLD_SQL_MODE */;
/*!40014 SET FOREIGN_KEY_CHECKS=@OLD_FOREIGN_KEY_CHECKS */;
/*!40014 SET UNIQUE_CHECKS=@OLD_UNIQUE_CHECKS */;
/*!40101 SET CHARACTER_SET_CLIENT=@OLD_CHARACTER_SET_CLIENT */;
/*!40101 SET CHARACTER_SET_RESULTS=@OLD_CHARACTER_SET_RESULTS */;
/*!40101 SET COLLATION_CONNECTION=@OLD_COLLATION_CONNECTION */;
/*!40111 SET SQL_NOTES=@OLD_SQL_NOTES */;

-- Dump completed on 2018-01-17 13:32:07
